/Users/alenguyen/Library/Python/3.9/lib/python/site-packages/urllib3/__init__.py:35: NotOpenSSLWarning: urllib3 v2 only supports OpenSSL 1.1.1+, currently the 'ssl' module is compiled with 'LibreSSL 2.8.3'. See: https://github.com/urllib3/urllib3/issues/3020
  warnings.warn(
Collecting product URLs...
  page 1: 32 new products (32 total)
  page 2: 32 new products (64 total)
  page 3: 32 new products (96 total)
  page 4: 32 new products (128 total)
  page 5: 32 new products (160 total)
  page 6: 32 new products (192 total)
  page 7: 32 new products (224 total)
  page 8: 32 new products (256 total)
  page 9: 32 new products (288 total)
  page 10: 32 new products (320 total)
  page 11: 32 new products (352 total)
  page 12: 32 new products (384 total)
  page 13: 32 new products (416 total)
  page 14: 32 new products (448 total)
  page 15: 32 new products (480 total)
  page 16: 32 new products (512 total)
  page 17: 29 new products (541 total)
  page 18: 0 new products (541 total)
Found 541 products to process
[1/541] skip world-eaters-angron-daemon-primarch-of-khorne (cached)
  downloading 22 images...
    saved data/images/world-eaters-angron-daemon-primarch-of-khorne/001.jpg
    saved data/images/world-eaters-angron-daemon-primarch-of-khorne/002.jpg
    saved data/images/world-eaters-angron-daemon-primarch-of-khorne/003.jpg
    saved data/images/world-eaters-angron-daemon-primarch-of-khorne/004.jpg
    saved data/images/world-eaters-angron-daemon-primarch-of-khorne/005.jpg
    saved data/images/world-eaters-angron-daemon-primarch-of-khorne/006.jpg
    saved data/images/world-eaters-angron-daemon-primarch-of-khorne/description/001.jpg
    saved data/images/world-eaters-angron-daemon-primarch-of-khorne/description/002.jpg
    saved data/images/world-eaters-angron-daemon-primarch-of-khorne/description/003.jpg
    saved data/images/world-eaters-angron-daemon-primarch-of-khorne/description/004.jpg
    saved data/images/world-eaters-angron-daemon-primarch-of-khorne/description/005.jpg
    saved data/images/world-eaters-angron-daemon-primarch-of-khorne/description/006.jpg
    saved data/images/world-eaters-angron-daemon-primarch-of-khorne/description/007.jpg
    saved data/images/world-eaters-angron-daemon-primarch-of-khorne/description/008.jpg
    saved data/images/world-eaters-angron-daemon-primarch-of-khorne/description/009.jpg
    saved data/images/world-eaters-angron-daemon-primarch-of-khorne/description/010.jpg
    saved data/images/world-eaters-angron-daemon-primarch-of-khorne/description/011.jpg
    saved data/images/world-eaters-angron-daemon-primarch-of-khorne/description/012.jpg
    saved data/images/world-eaters-angron-daemon-primarch-of-khorne/description/013.jpg
    saved data/images/world-eaters-angron-daemon-primarch-of-khorne/description/014.jpg
    saved data/images/world-eaters-angron-daemon-primarch-of-khorne/description/015.jpg
    saved data/images/world-eaters-angron-daemon-primarch-of-khorne/description/016.jpg
[2/541] skip space-wolves-leman-russ (cached)
  downloading 20 images...
    saved data/images/space-wolves-leman-russ/001.jpg
    saved data/images/space-wolves-leman-russ/002.jpg
    saved data/images/space-wolves-leman-russ/003.jpg
    saved data/images/space-wolves-leman-russ/004.jpg
    saved data/images/space-wolves-leman-russ/005.jpg
    saved data/images/space-wolves-leman-russ/006.jpg
    saved data/images/space-wolves-leman-russ/description/001.jpg
    saved data/images/space-wolves-leman-russ/description/002.jpg
    saved data/images/space-wolves-leman-russ/description/003.jpg
    saved data/images/space-wolves-leman-russ/description/004.jpg
    saved data/images/space-wolves-leman-russ/description/005.jpg
    saved data/images/space-wolves-leman-russ/description/006.jpg
    saved data/images/space-wolves-leman-russ/description/007.jpg
    saved data/images/space-wolves-leman-russ/description/008.jpg
    saved data/images/space-wolves-leman-russ/description/009.jpg
    saved data/images/space-wolves-leman-russ/description/010.jpg
    saved data/images/space-wolves-leman-russ/description/011.jpg
    saved data/images/space-wolves-leman-russ/description/012.jpg
    saved data/images/space-wolves-leman-russ/description/013.jpg
    saved data/images/space-wolves-leman-russ/description/014.jpg
[3/541] scraping mortarion,daemon-primarch-of-nurgle-with-ancient-weapons-the-lantern-and-silence
  downloading 29 images...
    saved data/images/mortarion,daemon-primarch-of-nurgle-with-ancient-weapons-the-lantern-and-silence/001.jpg
    saved data/images/mortarion,daemon-primarch-of-nurgle-with-ancient-weapons-the-lantern-and-silence/002.jpg
    saved data/images/mortarion,daemon-primarch-of-nurgle-with-ancient-weapons-the-lantern-and-silence/003.jpg
    saved data/images/mortarion,daemon-primarch-of-nurgle-with-ancient-weapons-the-lantern-and-silence/004.jpg
    saved data/images/mortarion,daemon-primarch-of-nurgle-with-ancient-weapons-the-lantern-and-silence/005.jpg
    saved data/images/mortarion,daemon-primarch-of-nurgle-with-ancient-weapons-the-lantern-and-silence/006.jpg
    saved data/images/mortarion,daemon-primarch-of-nurgle-with-ancient-weapons-the-lantern-and-silence/description/001.jpg
    saved data/images/mortarion,daemon-primarch-of-nurgle-with-ancient-weapons-the-lantern-and-silence/description/002.jpg
    saved data/images/mortarion,daemon-primarch-of-nurgle-with-ancient-weapons-the-lantern-and-silence/description/003.jpg
    saved data/images/mortarion,daemon-primarch-of-nurgle-with-ancient-weapons-the-lantern-and-silence/description/004.jpg
    saved data/images/mortarion,daemon-primarch-of-nurgle-with-ancient-weapons-the-lantern-and-silence/description/005.jpg
    saved data/images/mortarion,daemon-primarch-of-nurgle-with-ancient-weapons-the-lantern-and-silence/description/006.jpg
    saved data/images/mortarion,daemon-primarch-of-nurgle-with-ancient-weapons-the-lantern-and-silence/description/007.jpg
    saved data/images/mortarion,daemon-primarch-of-nurgle-with-ancient-weapons-the-lantern-and-silence/description/008.jpg
    saved data/images/mortarion,daemon-primarch-of-nurgle-with-ancient-weapons-the-lantern-and-silence/description/009.jpg
    saved data/images/mortarion,daemon-primarch-of-nurgle-with-ancient-weapons-the-lantern-and-silence/description/010.jpg
    saved data/images/mortarion,daemon-primarch-of-nurgle-with-ancient-weapons-the-lantern-and-silence/description/011.jpg
    saved data/images/mortarion,daemon-primarch-of-nurgle-with-ancient-weapons-the-lantern-and-silence/description/012.jpg
    saved data/images/mortarion,daemon-primarch-of-nurgle-with-ancient-weapons-the-lantern-and-silence/description/013.jpg
    saved data/images/mortarion,daemon-primarch-of-nurgle-with-ancient-weapons-the-lantern-and-silence/description/014.jpg
    saved data/images/mortarion,daemon-primarch-of-nurgle-with-ancient-weapons-the-lantern-and-silence/description/015.jpg
    saved data/images/mortarion,daemon-primarch-of-nurgle-with-ancient-weapons-the-lantern-and-silence/description/016.jpg
    saved data/images/mortarion,daemon-primarch-of-nurgle-with-ancient-weapons-the-lantern-and-silence/description/017.jpg
    saved data/images/mortarion,daemon-primarch-of-nurgle-with-ancient-weapons-the-lantern-and-silence/description/018.jpg
    saved data/images/mortarion,daemon-primarch-of-nurgle-with-ancient-weapons-the-lantern-and-silence/description/019.jpg
    saved data/images/mortarion,daemon-primarch-of-nurgle-with-ancient-weapons-the-lantern-and-silence/description/020.jpg
    saved data/images/mortarion,daemon-primarch-of-nurgle-with-ancient-weapons-the-lantern-and-silence/description/021.jpg
    saved data/images/mortarion,daemon-primarch-of-nurgle-with-ancient-weapons-the-lantern-and-silence/description/022.jpg
    saved data/images/mortarion,daemon-primarch-of-nurgle-with-ancient-weapons-the-lantern-and-silence/description/023.jpg
[4/541] scraping raven-guard-corvus-corax,primarch-of-the-xix-legion-with-artificer-crafted-lightning-talons,archaeotech-pistols,and-whip
  downloading 23 images...
    saved data/images/raven-guard-corvus-corax,primarch-of-the-xix-legion-with-artificer-crafted-lightning-talons,archaeotech-pistols,and-whip/001.jpg
    saved data/images/raven-guard-corvus-corax,primarch-of-the-xix-legion-with-artificer-crafted-lightning-talons,archaeotech-pistols,and-whip/002.jpg
    saved data/images/raven-guard-corvus-corax,primarch-of-the-xix-legion-with-artificer-crafted-lightning-talons,archaeotech-pistols,and-whip/003.jpg
    saved data/images/raven-guard-corvus-corax,primarch-of-the-xix-legion-with-artificer-crafted-lightning-talons,archaeotech-pistols,and-whip/004.jpg
    saved data/images/raven-guard-corvus-corax,primarch-of-the-xix-legion-with-artificer-crafted-lightning-talons,archaeotech-pistols,and-whip/005.jpg
    saved data/images/raven-guard-corvus-corax,primarch-of-the-xix-legion-with-artificer-crafted-lightning-talons,archaeotech-pistols,and-whip/006.jpg
    saved data/images/raven-guard-corvus-corax,primarch-of-the-xix-legion-with-artificer-crafted-lightning-talons,archaeotech-pistols,and-whip/007.jpg
    saved data/images/raven-guard-corvus-corax,primarch-of-the-xix-legion-with-artificer-crafted-lightning-talons,archaeotech-pistols,and-whip/description/001.jpg
    saved data/images/raven-guard-corvus-corax,primarch-of-the-xix-legion-with-artificer-crafted-lightning-talons,archaeotech-pistols,and-whip/description/002.jpg
    saved data/images/raven-guard-corvus-corax,primarch-of-the-xix-legion-with-artificer-crafted-lightning-talons,archaeotech-pistols,and-whip/description/003.jpg
    saved data/images/raven-guard-corvus-corax,primarch-of-the-xix-legion-with-artificer-crafted-lightning-talons,archaeotech-pistols,and-whip/description/004.jpg
    saved data/images/raven-guard-corvus-corax,primarch-of-the-xix-legion-with-artificer-crafted-lightning-talons,archaeotech-pistols,and-whip/description/005.jpg
    saved data/images/raven-guard-corvus-corax,primarch-of-the-xix-legion-with-artificer-crafted-lightning-talons,archaeotech-pistols,and-whip/description/006.jpg
    saved data/images/raven-guard-corvus-corax,primarch-of-the-xix-legion-with-artificer-crafted-lightning-talons,archaeotech-pistols,and-whip/description/007.jpg
    saved data/images/raven-guard-corvus-corax,primarch-of-the-xix-legion-with-artificer-crafted-lightning-talons,archaeotech-pistols,and-whip/description/008.jpg
    saved data/images/raven-guard-corvus-corax,primarch-of-the-xix-legion-with-artificer-crafted-lightning-talons,archaeotech-pistols,and-whip/description/009.jpg
    saved data/images/raven-guard-corvus-corax,primarch-of-the-xix-legion-with-artificer-crafted-lightning-talons,archaeotech-pistols,and-whip/description/010.jpg
    saved data/images/raven-guard-corvus-corax,primarch-of-the-xix-legion-with-artificer-crafted-lightning-talons,archaeotech-pistols,and-whip/description/011.jpg
    saved data/images/raven-guard-corvus-corax,primarch-of-the-xix-legion-with-artificer-crafted-lightning-talons,archaeotech-pistols,and-whip/description/012.jpg
    saved data/images/raven-guard-corvus-corax,primarch-of-the-xix-legion-with-artificer-crafted-lightning-talons,archaeotech-pistols,and-whip/description/013.jpg
    saved data/images/raven-guard-corvus-corax,primarch-of-the-xix-legion-with-artificer-crafted-lightning-talons,archaeotech-pistols,and-whip/description/014.jpg
    saved data/images/raven-guard-corvus-corax,primarch-of-the-xix-legion-with-artificer-crafted-lightning-talons,archaeotech-pistols,and-whip/description/015.jpg
    saved data/images/raven-guard-corvus-corax,primarch-of-the-xix-legion-with-artificer-crafted-lightning-talons,archaeotech-pistols,and-whip/description/016.jpg
[5/541] scraping blood-angels-sanguinius-primarch-of-the-ixth-legion
  downloading 20 images...
    saved data/images/blood-angels-sanguinius-primarch-of-the-ixth-legion/001.jpg
    saved data/images/blood-angels-sanguinius-primarch-of-the-ixth-legion/002.jpg
    saved data/images/blood-angels-sanguinius-primarch-of-the-ixth-legion/003.jpg
    saved data/images/blood-angels-sanguinius-primarch-of-the-ixth-legion/004.jpg
    saved data/images/blood-angels-sanguinius-primarch-of-the-ixth-legion/005.jpg
    saved data/images/blood-angels-sanguinius-primarch-of-the-ixth-legion/006.jpg
    saved data/images/blood-angels-sanguinius-primarch-of-the-ixth-legion/description/001.jpg
    saved data/images/blood-angels-sanguinius-primarch-of-the-ixth-legion/description/002.jpg
    saved data/images/blood-angels-sanguinius-primarch-of-the-ixth-legion/description/003.jpg
    saved data/images/blood-angels-sanguinius-primarch-of-the-ixth-legion/description/004.jpg
    saved data/images/blood-angels-sanguinius-primarch-of-the-ixth-legion/description/005.jpg
    saved data/images/blood-angels-sanguinius-primarch-of-the-ixth-legion/description/006.jpg
    saved data/images/blood-angels-sanguinius-primarch-of-the-ixth-legion/description/007.jpg
    saved data/images/blood-angels-sanguinius-primarch-of-the-ixth-legion/description/008.jpg
    saved data/images/blood-angels-sanguinius-primarch-of-the-ixth-legion/description/009.jpg
    saved data/images/blood-angels-sanguinius-primarch-of-the-ixth-legion/description/010.jpg
    saved data/images/blood-angels-sanguinius-primarch-of-the-ixth-legion/description/011.jpg
    saved data/images/blood-angels-sanguinius-primarch-of-the-ixth-legion/description/012.jpg
    saved data/images/blood-angels-sanguinius-primarch-of-the-ixth-legion/description/013.jpg
    saved data/images/blood-angels-sanguinius-primarch-of-the-ixth-legion/description/014.jpg
[6/541] scraping dark-angels-primarch-lion-eljonson
  downloading 29 images...
    saved data/images/dark-angels-primarch-lion-eljonson/001.jpg
    saved data/images/dark-angels-primarch-lion-eljonson/002.jpg
    saved data/images/dark-angels-primarch-lion-eljonson/003.jpg
    saved data/images/dark-angels-primarch-lion-eljonson/004.jpg
    saved data/images/dark-angels-primarch-lion-eljonson/005.jpg
    saved data/images/dark-angels-primarch-lion-eljonson/006.jpg
    saved data/images/dark-angels-primarch-lion-eljonson/007.jpg
    saved data/images/dark-angels-primarch-lion-eljonson/description/001.jpg
    saved data/images/dark-angels-primarch-lion-eljonson/description/002.jpg
    saved data/images/dark-angels-primarch-lion-eljonson/description/003.jpg
    saved data/images/dark-angels-primarch-lion-eljonson/description/004.jpg
    saved data/images/dark-angels-primarch-lion-eljonson/description/005.jpg
    saved data/images/dark-angels-primarch-lion-eljonson/description/006.jpg
    saved data/images/dark-angels-primarch-lion-eljonson/description/007.jpg
    saved data/images/dark-angels-primarch-lion-eljonson/description/008.jpg
    saved data/images/dark-angels-primarch-lion-eljonson/description/009.jpg
    saved data/images/dark-angels-primarch-lion-eljonson/description/010.jpg
    saved data/images/dark-angels-primarch-lion-eljonson/description/011.jpg
    saved data/images/dark-angels-primarch-lion-eljonson/description/012.jpg
    saved data/images/dark-angels-primarch-lion-eljonson/description/013.jpg
    saved data/images/dark-angels-primarch-lion-eljonson/description/014.jpg
    saved data/images/dark-angels-primarch-lion-eljonson/description/015.jpg
    saved data/images/dark-angels-primarch-lion-eljonson/description/016.jpg
    saved data/images/dark-angels-primarch-lion-eljonson/description/017.jpg
    saved data/images/dark-angels-primarch-lion-eljonson/description/018.jpg
    saved data/images/dark-angels-primarch-lion-eljonson/description/019.jpg
    saved data/images/dark-angels-primarch-lion-eljonson/description/020.jpg
    saved data/images/dark-angels-primarch-lion-eljonson/description/021.jpg
    saved data/images/dark-angels-primarch-lion-eljonson/description/022.jpg
[7/541] scraping alpha-legion-alpharius-primarch-of-the-xxth-legion
  downloading 19 images...
    saved data/images/alpha-legion-alpharius-primarch-of-the-xxth-legion/001.jpg
    saved data/images/alpha-legion-alpharius-primarch-of-the-xxth-legion/002.jpg
    saved data/images/alpha-legion-alpharius-primarch-of-the-xxth-legion/003.jpg
    saved data/images/alpha-legion-alpharius-primarch-of-the-xxth-legion/004.jpg
    saved data/images/alpha-legion-alpharius-primarch-of-the-xxth-legion/005.jpg
    saved data/images/alpha-legion-alpharius-primarch-of-the-xxth-legion/006.jpg
    saved data/images/alpha-legion-alpharius-primarch-of-the-xxth-legion/description/001.jpg
    saved data/images/alpha-legion-alpharius-primarch-of-the-xxth-legion/description/002.jpg
    saved data/images/alpha-legion-alpharius-primarch-of-the-xxth-legion/description/003.jpg
    saved data/images/alpha-legion-alpharius-primarch-of-the-xxth-legion/description/004.jpg
    saved data/images/alpha-legion-alpharius-primarch-of-the-xxth-legion/description/005.jpg
    saved data/images/alpha-legion-alpharius-primarch-of-the-xxth-legion/description/006.jpg
    saved data/images/alpha-legion-alpharius-primarch-of-the-xxth-legion/description/007.jpg
    saved data/images/alpha-legion-alpharius-primarch-of-the-xxth-legion/description/008.jpg
    saved data/images/alpha-legion-alpharius-primarch-of-the-xxth-legion/description/009.jpg
    saved data/images/alpha-legion-alpharius-primarch-of-the-xxth-legion/description/010.jpg
    saved data/images/alpha-legion-alpharius-primarch-of-the-xxth-legion/description/011.jpg
    saved data/images/alpha-legion-alpharius-primarch-of-the-xxth-legion/description/012.jpg
    saved data/images/alpha-legion-alpharius-primarch-of-the-xxth-legion/description/013.jpg
[8/541] scraping warmaster-horus-primarch-of-the-xvith-legion
  downloading 20 images...
    saved data/images/warmaster-horus-primarch-of-the-xvith-legion/001.jpg
    saved data/images/warmaster-horus-primarch-of-the-xvith-legion/002.jpg
    saved data/images/warmaster-horus-primarch-of-the-xvith-legion/003.jpg
    saved data/images/warmaster-horus-primarch-of-the-xvith-legion/004.jpg
    saved data/images/warmaster-horus-primarch-of-the-xvith-legion/005.jpg
    saved data/images/warmaster-horus-primarch-of-the-xvith-legion/006.jpg
    saved data/images/warmaster-horus-primarch-of-the-xvith-legion/description/001.jpg
    saved data/images/warmaster-horus-primarch-of-the-xvith-legion/description/002.jpg
    saved data/images/warmaster-horus-primarch-of-the-xvith-legion/description/003.jpg
    saved data/images/warmaster-horus-primarch-of-the-xvith-legion/description/004.jpg
    saved data/images/warmaster-horus-primarch-of-the-xvith-legion/description/005.jpg
    saved data/images/warmaster-horus-primarch-of-the-xvith-legion/description/006.jpg
    saved data/images/warmaster-horus-primarch-of-the-xvith-legion/description/007.jpg
    saved data/images/warmaster-horus-primarch-of-the-xvith-legion/description/008.jpg
    saved data/images/warmaster-horus-primarch-of-the-xvith-legion/description/009.jpg
    saved data/images/warmaster-horus-primarch-of-the-xvith-legion/description/010.jpg
    saved data/images/warmaster-horus-primarch-of-the-xvith-legion/description/011.jpg
    saved data/images/warmaster-horus-primarch-of-the-xvith-legion/description/012.jpg
    saved data/images/warmaster-horus-primarch-of-the-xvith-legion/description/013.jpg
    saved data/images/warmaster-horus-primarch-of-the-xvith-legion/description/014.jpg
[9/541] scraping white-scars-jaghatai-khan-primarch-of-the-vth-legion
  downloading 17 images...
    saved data/images/white-scars-jaghatai-khan-primarch-of-the-vth-legion/001.jpg
    saved data/images/white-scars-jaghatai-khan-primarch-of-the-vth-legion/002.jpg
    saved data/images/white-scars-jaghatai-khan-primarch-of-the-vth-legion/003.jpg
    saved data/images/white-scars-jaghatai-khan-primarch-of-the-vth-legion/004.jpg
    saved data/images/white-scars-jaghatai-khan-primarch-of-the-vth-legion/005.jpg
    saved data/images/white-scars-jaghatai-khan-primarch-of-the-vth-legion/006.jpg
    saved data/images/white-scars-jaghatai-khan-primarch-of-the-vth-legion/description/001.jpg
    saved data/images/white-scars-jaghatai-khan-primarch-of-the-vth-legion/description/002.jpg
    saved data/images/white-scars-jaghatai-khan-primarch-of-the-vth-legion/description/003.jpg
    saved data/images/white-scars-jaghatai-khan-primarch-of-the-vth-legion/description/004.jpg
    saved data/images/white-scars-jaghatai-khan-primarch-of-the-vth-legion/description/005.jpg
    saved data/images/white-scars-jaghatai-khan-primarch-of-the-vth-legion/description/006.jpg
    saved data/images/white-scars-jaghatai-khan-primarch-of-the-vth-legion/description/007.jpg
    saved data/images/white-scars-jaghatai-khan-primarch-of-the-vth-legion/description/008.jpg
    saved data/images/white-scars-jaghatai-khan-primarch-of-the-vth-legion/description/009.jpg
    saved data/images/white-scars-jaghatai-khan-primarch-of-the-vth-legion/description/010.jpg
    saved data/images/white-scars-jaghatai-khan-primarch-of-the-vth-legion/description/011.jpg
[10/541] scraping iron-warriors-perturabo,primarch-of-the-ivth-legion
  downloading 25 images...
    saved data/images/iron-warriors-perturabo,primarch-of-the-ivth-legion/001.jpg
    saved data/images/iron-warriors-perturabo,primarch-of-the-ivth-legion/002.jpg
    saved data/images/iron-warriors-perturabo,primarch-of-the-ivth-legion/003.jpg
    saved data/images/iron-warriors-perturabo,primarch-of-the-ivth-legion/004.jpg
    saved data/images/iron-warriors-perturabo,primarch-of-the-ivth-legion/005.jpg
    saved data/images/iron-warriors-perturabo,primarch-of-the-ivth-legion/006.jpg
    saved data/images/iron-warriors-perturabo,primarch-of-the-ivth-legion/description/001.jpg
    saved data/images/iron-warriors-perturabo,primarch-of-the-ivth-legion/description/002.jpg
    saved data/images/iron-warriors-perturabo,primarch-of-the-ivth-legion/description/003.jpg
    saved data/images/iron-warriors-perturabo,primarch-of-the-ivth-legion/description/004.jpg
    saved data/images/iron-warriors-perturabo,primarch-of-the-ivth-legion/description/005.jpg
    saved data/images/iron-warriors-perturabo,primarch-of-the-ivth-legion/description/006.jpg
    saved data/images/iron-warriors-perturabo,primarch-of-the-ivth-legion/description/007.jpg
    saved data/images/iron-warriors-perturabo,primarch-of-the-ivth-legion/description/008.jpg
    saved data/images/iron-warriors-perturabo,primarch-of-the-ivth-legion/description/009.jpg
    saved data/images/iron-warriors-perturabo,primarch-of-the-ivth-legion/description/010.jpg
    saved data/images/iron-warriors-perturabo,primarch-of-the-ivth-legion/description/011.jpg
    saved data/images/iron-warriors-perturabo,primarch-of-the-ivth-legion/description/012.jpg
    saved data/images/iron-warriors-perturabo,primarch-of-the-ivth-legion/description/013.jpg
    saved data/images/iron-warriors-perturabo,primarch-of-the-ivth-legion/description/014.jpg
    saved data/images/iron-warriors-perturabo,primarch-of-the-ivth-legion/description/015.jpg
    saved data/images/iron-warriors-perturabo,primarch-of-the-ivth-legion/description/016.jpg
    saved data/images/iron-warriors-perturabo,primarch-of-the-ivth-legion/description/017.jpg
    saved data/images/iron-warriors-perturabo,primarch-of-the-ivth-legion/description/018.jpg
    saved data/images/iron-warriors-perturabo,primarch-of-the-ivth-legion/description/019.jpg
[11/541] scraping ultramarines-primarch-roboute-guilliman
  downloading 18 images...
    saved data/images/ultramarines-primarch-roboute-guilliman/001.jpg
    saved data/images/ultramarines-primarch-roboute-guilliman/002.jpg
    saved data/images/ultramarines-primarch-roboute-guilliman/003.jpg
    saved data/images/ultramarines-primarch-roboute-guilliman/004.jpg
    saved data/images/ultramarines-primarch-roboute-guilliman/005.jpg
    saved data/images/ultramarines-primarch-roboute-guilliman/006.jpg
    saved data/images/ultramarines-primarch-roboute-guilliman/007.png
    saved data/images/ultramarines-primarch-roboute-guilliman/description/001.jpg
    saved data/images/ultramarines-primarch-roboute-guilliman/description/002.jpg
    saved data/images/ultramarines-primarch-roboute-guilliman/description/003.jpg
    saved data/images/ultramarines-primarch-roboute-guilliman/description/004.jpg
    saved data/images/ultramarines-primarch-roboute-guilliman/description/005.jpg
    saved data/images/ultramarines-primarch-roboute-guilliman/description/006.jpg
    saved data/images/ultramarines-primarch-roboute-guilliman/description/007.jpg
    saved data/images/ultramarines-primarch-roboute-guilliman/description/008.jpg
    saved data/images/ultramarines-primarch-roboute-guilliman/description/009.jpg
    saved data/images/ultramarines-primarch-roboute-guilliman/description/010.jpg
    saved data/images/ultramarines-primarch-roboute-guilliman/description/011.jpg
[12/541] scraping thousand-sons-magnus-the-red
  downloading 17 images...
    saved data/images/thousand-sons-magnus-the-red/001.jpg
    saved data/images/thousand-sons-magnus-the-red/002.jpg
    saved data/images/thousand-sons-magnus-the-red/003.jpg
    saved data/images/thousand-sons-magnus-the-red/004.jpg
    saved data/images/thousand-sons-magnus-the-red/005.jpg
    saved data/images/thousand-sons-magnus-the-red/006.jpg
    saved data/images/thousand-sons-magnus-the-red/description/001.jpg
    saved data/images/thousand-sons-magnus-the-red/description/002.jpg
    saved data/images/thousand-sons-magnus-the-red/description/003.jpg
    saved data/images/thousand-sons-magnus-the-red/description/004.jpg
    saved data/images/thousand-sons-magnus-the-red/description/005.jpg
    saved data/images/thousand-sons-magnus-the-red/description/006.jpg
    saved data/images/thousand-sons-magnus-the-red/description/007.jpg
    saved data/images/thousand-sons-magnus-the-red/description/008.jpg
    saved data/images/thousand-sons-magnus-the-red/description/009.jpg
    saved data/images/thousand-sons-magnus-the-red/description/010.jpg
    saved data/images/thousand-sons-magnus-the-red/description/011.jpg
[13/541] scraping imperial-fists-rogal-dorn
  downloading 20 images...
    saved data/images/imperial-fists-rogal-dorn/001.jpg
    saved data/images/imperial-fists-rogal-dorn/002.jpg
    saved data/images/imperial-fists-rogal-dorn/003.jpg
    saved data/images/imperial-fists-rogal-dorn/004.jpg
    saved data/images/imperial-fists-rogal-dorn/005.jpg
    saved data/images/imperial-fists-rogal-dorn/006.jpg
    saved data/images/imperial-fists-rogal-dorn/description/001.jpg
    saved data/images/imperial-fists-rogal-dorn/description/002.jpg
    saved data/images/imperial-fists-rogal-dorn/description/003.jpg
    saved data/images/imperial-fists-rogal-dorn/description/004.jpg
    saved data/images/imperial-fists-rogal-dorn/description/005.jpg
    saved data/images/imperial-fists-rogal-dorn/description/006.jpg
    saved data/images/imperial-fists-rogal-dorn/description/007.jpg
    saved data/images/imperial-fists-rogal-dorn/description/008.jpg
    saved data/images/imperial-fists-rogal-dorn/description/009.jpg
    saved data/images/imperial-fists-rogal-dorn/description/010.jpg
    saved data/images/imperial-fists-rogal-dorn/description/011.jpg
    saved data/images/imperial-fists-rogal-dorn/description/012.jpg
    saved data/images/imperial-fists-rogal-dorn/description/013.jpg
    saved data/images/imperial-fists-rogal-dorn/description/014.jpg
[14/541] scraping iron-warriors-centurion-with-heavy-power-maul-and-combi-melta
  downloading 17 images...
    saved data/images/iron-warriors-centurion-with-heavy-power-maul-and-combi-melta/001.jpg
    saved data/images/iron-warriors-centurion-with-heavy-power-maul-and-combi-melta/002.jpg
    saved data/images/iron-warriors-centurion-with-heavy-power-maul-and-combi-melta/003.jpg
    saved data/images/iron-warriors-centurion-with-heavy-power-maul-and-combi-melta/004.jpg
    saved data/images/iron-warriors-centurion-with-heavy-power-maul-and-combi-melta/005.jpg
    saved data/images/iron-warriors-centurion-with-heavy-power-maul-and-combi-melta/006.jpg
    saved data/images/iron-warriors-centurion-with-heavy-power-maul-and-combi-melta/description/001.jpg
    saved data/images/iron-warriors-centurion-with-heavy-power-maul-and-combi-melta/description/002.jpg
    saved data/images/iron-warriors-centurion-with-heavy-power-maul-and-combi-melta/description/003.jpg
    saved data/images/iron-warriors-centurion-with-heavy-power-maul-and-combi-melta/description/004.jpg
    saved data/images/iron-warriors-centurion-with-heavy-power-maul-and-combi-melta/description/005.jpg
    saved data/images/iron-warriors-centurion-with-heavy-power-maul-and-combi-melta/description/006.jpg
    saved data/images/iron-warriors-centurion-with-heavy-power-maul-and-combi-melta/description/007.jpg
    saved data/images/iron-warriors-centurion-with-heavy-power-maul-and-combi-melta/description/008.jpg
    saved data/images/iron-warriors-centurion-with-heavy-power-maul-and-combi-melta/description/009.jpg
    saved data/images/iron-warriors-centurion-with-heavy-power-maul-and-combi-melta/description/010.jpg
    saved data/images/iron-warriors-centurion-with-heavy-power-maul-and-combi-melta/description/011.jpg
[15/541] scraping iron-warriors-mkll-assault-sergeant-with-disintegrator-pistol,power-maul-combat-shield
  downloading 17 images...
    saved data/images/iron-warriors-mkll-assault-sergeant-with-disintegrator-pistol,power-maul-combat-shield/001.jpg
    saved data/images/iron-warriors-mkll-assault-sergeant-with-disintegrator-pistol,power-maul-combat-shield/002.jpg
    saved data/images/iron-warriors-mkll-assault-sergeant-with-disintegrator-pistol,power-maul-combat-shield/003.jpg
    saved data/images/iron-warriors-mkll-assault-sergeant-with-disintegrator-pistol,power-maul-combat-shield/004.jpg
    saved data/images/iron-warriors-mkll-assault-sergeant-with-disintegrator-pistol,power-maul-combat-shield/005.jpg
    saved data/images/iron-warriors-mkll-assault-sergeant-with-disintegrator-pistol,power-maul-combat-shield/006.jpg
    saved data/images/iron-warriors-mkll-assault-sergeant-with-disintegrator-pistol,power-maul-combat-shield/description/001.jpg
    saved data/images/iron-warriors-mkll-assault-sergeant-with-disintegrator-pistol,power-maul-combat-shield/description/002.jpg
    saved data/images/iron-warriors-mkll-assault-sergeant-with-disintegrator-pistol,power-maul-combat-shield/description/003.jpg
    saved data/images/iron-warriors-mkll-assault-sergeant-with-disintegrator-pistol,power-maul-combat-shield/description/004.jpg
    saved data/images/iron-warriors-mkll-assault-sergeant-with-disintegrator-pistol,power-maul-combat-shield/description/005.jpg
    saved data/images/iron-warriors-mkll-assault-sergeant-with-disintegrator-pistol,power-maul-combat-shield/description/006.jpg
    saved data/images/iron-warriors-mkll-assault-sergeant-with-disintegrator-pistol,power-maul-combat-shield/description/007.jpg
    saved data/images/iron-warriors-mkll-assault-sergeant-with-disintegrator-pistol,power-maul-combat-shield/description/008.jpg
    saved data/images/iron-warriors-mkll-assault-sergeant-with-disintegrator-pistol,power-maul-combat-shield/description/009.jpg
    saved data/images/iron-warriors-mkll-assault-sergeant-with-disintegrator-pistol,power-maul-combat-shield/description/010.jpg
    saved data/images/iron-warriors-mkll-assault-sergeant-with-disintegrator-pistol,power-maul-combat-shield/description/011.jpg
[16/541] scraping iron-warriors-mkll-assault-legionary-1-with-bolt-pistol,chain-axe-combat-shield
  downloading 17 images...
    saved data/images/iron-warriors-mkll-assault-legionary-1-with-bolt-pistol,chain-axe-combat-shield/001.jpg
    saved data/images/iron-warriors-mkll-assault-legionary-1-with-bolt-pistol,chain-axe-combat-shield/002.jpg
    saved data/images/iron-warriors-mkll-assault-legionary-1-with-bolt-pistol,chain-axe-combat-shield/003.jpg
    saved data/images/iron-warriors-mkll-assault-legionary-1-with-bolt-pistol,chain-axe-combat-shield/004.jpg
    saved data/images/iron-warriors-mkll-assault-legionary-1-with-bolt-pistol,chain-axe-combat-shield/005.jpg
    saved data/images/iron-warriors-mkll-assault-legionary-1-with-bolt-pistol,chain-axe-combat-shield/006.jpg
    saved data/images/iron-warriors-mkll-assault-legionary-1-with-bolt-pistol,chain-axe-combat-shield/description/001.jpg
    saved data/images/iron-warriors-mkll-assault-legionary-1-with-bolt-pistol,chain-axe-combat-shield/description/002.jpg
    saved data/images/iron-warriors-mkll-assault-legionary-1-with-bolt-pistol,chain-axe-combat-shield/description/003.jpg
    saved data/images/iron-warriors-mkll-assault-legionary-1-with-bolt-pistol,chain-axe-combat-shield/description/004.jpg
    saved data/images/iron-warriors-mkll-assault-legionary-1-with-bolt-pistol,chain-axe-combat-shield/description/005.jpg
    saved data/images/iron-warriors-mkll-assault-legionary-1-with-bolt-pistol,chain-axe-combat-shield/description/006.jpg
    saved data/images/iron-warriors-mkll-assault-legionary-1-with-bolt-pistol,chain-axe-combat-shield/description/007.jpg
    saved data/images/iron-warriors-mkll-assault-legionary-1-with-bolt-pistol,chain-axe-combat-shield/description/008.jpg
    saved data/images/iron-warriors-mkll-assault-legionary-1-with-bolt-pistol,chain-axe-combat-shield/description/009.jpg
    saved data/images/iron-warriors-mkll-assault-legionary-1-with-bolt-pistol,chain-axe-combat-shield/description/010.jpg
    saved data/images/iron-warriors-mkll-assault-legionary-1-with-bolt-pistol,chain-axe-combat-shield/description/011.jpg
[17/541] scraping iron-warriors-mkll-assault-legionary-2-with-bolt-pistol-heavy-chain-axe
  downloading 17 images...
    saved data/images/iron-warriors-mkll-assault-legionary-2-with-bolt-pistol-heavy-chain-axe/001.jpg
    saved data/images/iron-warriors-mkll-assault-legionary-2-with-bolt-pistol-heavy-chain-axe/002.jpg
    saved data/images/iron-warriors-mkll-assault-legionary-2-with-bolt-pistol-heavy-chain-axe/003.jpg
    saved data/images/iron-warriors-mkll-assault-legionary-2-with-bolt-pistol-heavy-chain-axe/004.jpg
    saved data/images/iron-warriors-mkll-assault-legionary-2-with-bolt-pistol-heavy-chain-axe/005.jpg
    saved data/images/iron-warriors-mkll-assault-legionary-2-with-bolt-pistol-heavy-chain-axe/006.jpg
    saved data/images/iron-warriors-mkll-assault-legionary-2-with-bolt-pistol-heavy-chain-axe/description/001.jpg
    saved data/images/iron-warriors-mkll-assault-legionary-2-with-bolt-pistol-heavy-chain-axe/description/002.jpg
    saved data/images/iron-warriors-mkll-assault-legionary-2-with-bolt-pistol-heavy-chain-axe/description/003.jpg
    saved data/images/iron-warriors-mkll-assault-legionary-2-with-bolt-pistol-heavy-chain-axe/description/004.jpg
    saved data/images/iron-warriors-mkll-assault-legionary-2-with-bolt-pistol-heavy-chain-axe/description/005.jpg
    saved data/images/iron-warriors-mkll-assault-legionary-2-with-bolt-pistol-heavy-chain-axe/description/006.jpg
    saved data/images/iron-warriors-mkll-assault-legionary-2-with-bolt-pistol-heavy-chain-axe/description/007.jpg
    saved data/images/iron-warriors-mkll-assault-legionary-2-with-bolt-pistol-heavy-chain-axe/description/008.jpg
    saved data/images/iron-warriors-mkll-assault-legionary-2-with-bolt-pistol-heavy-chain-axe/description/009.jpg
    saved data/images/iron-warriors-mkll-assault-legionary-2-with-bolt-pistol-heavy-chain-axe/description/010.jpg
    saved data/images/iron-warriors-mkll-assault-legionary-2-with-bolt-pistol-heavy-chain-axe/description/011.jpg
[18/541] scraping iron-warriors-mkll-tactical-sergeant-with-power-sword,bolt-pistol-and-plasma-pistol
  downloading 15 images...
    saved data/images/iron-warriors-mkll-tactical-sergeant-with-power-sword,bolt-pistol-and-plasma-pistol/001.jpg
    saved data/images/iron-warriors-mkll-tactical-sergeant-with-power-sword,bolt-pistol-and-plasma-pistol/002.jpg
    saved data/images/iron-warriors-mkll-tactical-sergeant-with-power-sword,bolt-pistol-and-plasma-pistol/003.jpg
    saved data/images/iron-warriors-mkll-tactical-sergeant-with-power-sword,bolt-pistol-and-plasma-pistol/004.jpg
    saved data/images/iron-warriors-mkll-tactical-sergeant-with-power-sword,bolt-pistol-and-plasma-pistol/005.jpg
    saved data/images/iron-warriors-mkll-tactical-sergeant-with-power-sword,bolt-pistol-and-plasma-pistol/006.jpg
    saved data/images/iron-warriors-mkll-tactical-sergeant-with-power-sword,bolt-pistol-and-plasma-pistol/description/001.jpg
    saved data/images/iron-warriors-mkll-tactical-sergeant-with-power-sword,bolt-pistol-and-plasma-pistol/description/002.jpg
    saved data/images/iron-warriors-mkll-tactical-sergeant-with-power-sword,bolt-pistol-and-plasma-pistol/description/003.jpg
    saved data/images/iron-warriors-mkll-tactical-sergeant-with-power-sword,bolt-pistol-and-plasma-pistol/description/004.jpg
    saved data/images/iron-warriors-mkll-tactical-sergeant-with-power-sword,bolt-pistol-and-plasma-pistol/description/005.jpg
    saved data/images/iron-warriors-mkll-tactical-sergeant-with-power-sword,bolt-pistol-and-plasma-pistol/description/006.jpg
    saved data/images/iron-warriors-mkll-tactical-sergeant-with-power-sword,bolt-pistol-and-plasma-pistol/description/007.jpg
    saved data/images/iron-warriors-mkll-tactical-sergeant-with-power-sword,bolt-pistol-and-plasma-pistol/description/008.jpg
    saved data/images/iron-warriors-mkll-tactical-sergeant-with-power-sword,bolt-pistol-and-plasma-pistol/description/009.jpg
[19/541] scraping iron-warriors-mkll-legionary-1-with-vexilla,bolter-and-bolt-pistol
  downloading 15 images...
    saved data/images/iron-warriors-mkll-legionary-1-with-vexilla,bolter-and-bolt-pistol/001.jpg
    saved data/images/iron-warriors-mkll-legionary-1-with-vexilla,bolter-and-bolt-pistol/002.jpg
    saved data/images/iron-warriors-mkll-legionary-1-with-vexilla,bolter-and-bolt-pistol/003.jpg
    saved data/images/iron-warriors-mkll-legionary-1-with-vexilla,bolter-and-bolt-pistol/004.jpg
    saved data/images/iron-warriors-mkll-legionary-1-with-vexilla,bolter-and-bolt-pistol/005.jpg
    saved data/images/iron-warriors-mkll-legionary-1-with-vexilla,bolter-and-bolt-pistol/006.jpg
    saved data/images/iron-warriors-mkll-legionary-1-with-vexilla,bolter-and-bolt-pistol/description/001.jpg
    saved data/images/iron-warriors-mkll-legionary-1-with-vexilla,bolter-and-bolt-pistol/description/002.jpg
    saved data/images/iron-warriors-mkll-legionary-1-with-vexilla,bolter-and-bolt-pistol/description/003.jpg
    saved data/images/iron-warriors-mkll-legionary-1-with-vexilla,bolter-and-bolt-pistol/description/004.jpg
    saved data/images/iron-warriors-mkll-legionary-1-with-vexilla,bolter-and-bolt-pistol/description/005.jpg
    saved data/images/iron-warriors-mkll-legionary-1-with-vexilla,bolter-and-bolt-pistol/description/006.jpg
    saved data/images/iron-warriors-mkll-legionary-1-with-vexilla,bolter-and-bolt-pistol/description/007.jpg
    saved data/images/iron-warriors-mkll-legionary-1-with-vexilla,bolter-and-bolt-pistol/description/008.jpg
    saved data/images/iron-warriors-mkll-legionary-1-with-vexilla,bolter-and-bolt-pistol/description/009.jpg
[20/541] scraping iron-warriors-mkll-legionary-2-with-bolter-and-bolt-pistol
  downloading 15 images...
    saved data/images/iron-warriors-mkll-legionary-2-with-bolter-and-bolt-pistol/001.jpg
    saved data/images/iron-warriors-mkll-legionary-2-with-bolter-and-bolt-pistol/002.jpg
    saved data/images/iron-warriors-mkll-legionary-2-with-bolter-and-bolt-pistol/003.jpg
    saved data/images/iron-warriors-mkll-legionary-2-with-bolter-and-bolt-pistol/004.jpg
    saved data/images/iron-warriors-mkll-legionary-2-with-bolter-and-bolt-pistol/005.jpg
    saved data/images/iron-warriors-mkll-legionary-2-with-bolter-and-bolt-pistol/006.jpg
    saved data/images/iron-warriors-mkll-legionary-2-with-bolter-and-bolt-pistol/description/001.jpg
    saved data/images/iron-warriors-mkll-legionary-2-with-bolter-and-bolt-pistol/description/002.jpg
    saved data/images/iron-warriors-mkll-legionary-2-with-bolter-and-bolt-pistol/description/003.jpg
    saved data/images/iron-warriors-mkll-legionary-2-with-bolter-and-bolt-pistol/description/004.jpg
    saved data/images/iron-warriors-mkll-legionary-2-with-bolter-and-bolt-pistol/description/005.jpg
    saved data/images/iron-warriors-mkll-legionary-2-with-bolter-and-bolt-pistol/description/006.jpg
    saved data/images/iron-warriors-mkll-legionary-2-with-bolter-and-bolt-pistol/description/007.jpg
    saved data/images/iron-warriors-mkll-legionary-2-with-bolter-and-bolt-pistol/description/008.jpg
    saved data/images/iron-warriors-mkll-legionary-2-with-bolter-and-bolt-pistol/description/009.jpg
[21/541] scraping iron-warriors-mkll-legionary-3-with-bolter-and-bolt-pistol
  downloading 15 images...
    saved data/images/iron-warriors-mkll-legionary-3-with-bolter-and-bolt-pistol/001.jpg
    saved data/images/iron-warriors-mkll-legionary-3-with-bolter-and-bolt-pistol/002.jpg
    saved data/images/iron-warriors-mkll-legionary-3-with-bolter-and-bolt-pistol/003.jpg
    saved data/images/iron-warriors-mkll-legionary-3-with-bolter-and-bolt-pistol/004.jpg
    saved data/images/iron-warriors-mkll-legionary-3-with-bolter-and-bolt-pistol/005.jpg
    saved data/images/iron-warriors-mkll-legionary-3-with-bolter-and-bolt-pistol/006.jpg
    saved data/images/iron-warriors-mkll-legionary-3-with-bolter-and-bolt-pistol/description/001.jpg
    saved data/images/iron-warriors-mkll-legionary-3-with-bolter-and-bolt-pistol/description/002.jpg
    saved data/images/iron-warriors-mkll-legionary-3-with-bolter-and-bolt-pistol/description/003.jpg
    saved data/images/iron-warriors-mkll-legionary-3-with-bolter-and-bolt-pistol/description/004.jpg
    saved data/images/iron-warriors-mkll-legionary-3-with-bolter-and-bolt-pistol/description/005.jpg
    saved data/images/iron-warriors-mkll-legionary-3-with-bolter-and-bolt-pistol/description/006.jpg
    saved data/images/iron-warriors-mkll-legionary-3-with-bolter-and-bolt-pistol/description/007.jpg
    saved data/images/iron-warriors-mkll-legionary-3-with-bolter-and-bolt-pistol/description/008.jpg
    saved data/images/iron-warriors-mkll-legionary-3-with-bolter-and-bolt-pistol/description/009.jpg
[22/541] scraping salamanders-vulkan-hestan,the-forgefather
  downloading 19 images...
    saved data/images/salamanders-vulkan-hestan,the-forgefather/001.jpg
    saved data/images/salamanders-vulkan-hestan,the-forgefather/002.jpg
    saved data/images/salamanders-vulkan-hestan,the-forgefather/003.jpg
    saved data/images/salamanders-vulkan-hestan,the-forgefather/004.jpg
    saved data/images/salamanders-vulkan-hestan,the-forgefather/005.jpg
    saved data/images/salamanders-vulkan-hestan,the-forgefather/006.jpg
    saved data/images/salamanders-vulkan-hestan,the-forgefather/description/001.jpg
    saved data/images/salamanders-vulkan-hestan,the-forgefather/description/002.jpg
    saved data/images/salamanders-vulkan-hestan,the-forgefather/description/003.jpg
    saved data/images/salamanders-vulkan-hestan,the-forgefather/description/004.jpg
    saved data/images/salamanders-vulkan-hestan,the-forgefather/description/005.jpg
    saved data/images/salamanders-vulkan-hestan,the-forgefather/description/006.jpg
    saved data/images/salamanders-vulkan-hestan,the-forgefather/description/007.jpg
    saved data/images/salamanders-vulkan-hestan,the-forgefather/description/008.jpg
    saved data/images/salamanders-vulkan-hestan,the-forgefather/description/009.jpg
    saved data/images/salamanders-vulkan-hestan,the-forgefather/description/010.jpg
    saved data/images/salamanders-vulkan-hestan,the-forgefather/description/011.jpg
    saved data/images/salamanders-vulkan-hestan,the-forgefather/description/012.jpg
    saved data/images/salamanders-vulkan-hestan,the-forgefather/description/013.jpg
[23/541] scraping game-edition-ultramarines-assault-intercessor
  downloading 18 images...
    saved data/images/game-edition-ultramarines-assault-intercessor/001.jpg
    saved data/images/game-edition-ultramarines-assault-intercessor/002.jpg
    saved data/images/game-edition-ultramarines-assault-intercessor/003.jpg
    saved data/images/game-edition-ultramarines-assault-intercessor/004.jpg
    saved data/images/game-edition-ultramarines-assault-intercessor/005.jpg
    saved data/images/game-edition-ultramarines-assault-intercessor/006.jpg
    saved data/images/game-edition-ultramarines-assault-intercessor/description/001.jpg
    saved data/images/game-edition-ultramarines-assault-intercessor/description/002.jpg
    saved data/images/game-edition-ultramarines-assault-intercessor/description/003.jpg
    saved data/images/game-edition-ultramarines-assault-intercessor/description/004.jpg
    saved data/images/game-edition-ultramarines-assault-intercessor/description/005.jpg
    saved data/images/game-edition-ultramarines-assault-intercessor/description/006.jpg
    saved data/images/game-edition-ultramarines-assault-intercessor/description/007.jpg
    saved data/images/game-edition-ultramarines-assault-intercessor/description/008.jpg
    saved data/images/game-edition-ultramarines-assault-intercessor/description/009.jpg
    saved data/images/game-edition-ultramarines-assault-intercessor/description/010.jpg
    saved data/images/game-edition-ultramarines-assault-intercessor/description/011.jpg
    saved data/images/game-edition-ultramarines-assault-intercessor/description/012.jpg
[24/541] scraping game-edition-white-scars-assault-intercessor-champion
  downloading 18 images...
    saved data/images/game-edition-white-scars-assault-intercessor-champion/001.jpg
    saved data/images/game-edition-white-scars-assault-intercessor-champion/002.jpg
    saved data/images/game-edition-white-scars-assault-intercessor-champion/003.jpg
    saved data/images/game-edition-white-scars-assault-intercessor-champion/004.jpg
    saved data/images/game-edition-white-scars-assault-intercessor-champion/005.jpg
    saved data/images/game-edition-white-scars-assault-intercessor-champion/006.jpg
    saved data/images/game-edition-white-scars-assault-intercessor-champion/description/001.jpg
    saved data/images/game-edition-white-scars-assault-intercessor-champion/description/002.jpg
    saved data/images/game-edition-white-scars-assault-intercessor-champion/description/003.jpg
    saved data/images/game-edition-white-scars-assault-intercessor-champion/description/004.jpg
    saved data/images/game-edition-white-scars-assault-intercessor-champion/description/005.jpg
    saved data/images/game-edition-white-scars-assault-intercessor-champion/description/006.jpg
    saved data/images/game-edition-white-scars-assault-intercessor-champion/description/007.jpg
    saved data/images/game-edition-white-scars-assault-intercessor-champion/description/008.jpg
    saved data/images/game-edition-white-scars-assault-intercessor-champion/description/009.jpg
    saved data/images/game-edition-white-scars-assault-intercessor-champion/description/010.jpg
    saved data/images/game-edition-white-scars-assault-intercessor-champion/description/011.jpg
    saved data/images/game-edition-white-scars-assault-intercessor-champion/description/012.jpg
[25/541] scraping ultramarines-captain-with-jump-pack-and-relic-shield
  downloading 18 images...
    saved data/images/ultramarines-captain-with-jump-pack-and-relic-shield/001.jpg
    saved data/images/ultramarines-captain-with-jump-pack-and-relic-shield/002.jpg
    saved data/images/ultramarines-captain-with-jump-pack-and-relic-shield/003.jpg
    saved data/images/ultramarines-captain-with-jump-pack-and-relic-shield/004.jpg
    saved data/images/ultramarines-captain-with-jump-pack-and-relic-shield/005.jpg
    saved data/images/ultramarines-captain-with-jump-pack-and-relic-shield/006.jpg
    saved data/images/ultramarines-captain-with-jump-pack-and-relic-shield/description/001.jpg
    saved data/images/ultramarines-captain-with-jump-pack-and-relic-shield/description/002.jpg
    saved data/images/ultramarines-captain-with-jump-pack-and-relic-shield/description/003.jpg
    saved data/images/ultramarines-captain-with-jump-pack-and-relic-shield/description/004.jpg
    saved data/images/ultramarines-captain-with-jump-pack-and-relic-shield/description/005.jpg
    saved data/images/ultramarines-captain-with-jump-pack-and-relic-shield/description/006.jpg
    saved data/images/ultramarines-captain-with-jump-pack-and-relic-shield/description/007.jpg
    saved data/images/ultramarines-captain-with-jump-pack-and-relic-shield/description/008.jpg
    saved data/images/ultramarines-captain-with-jump-pack-and-relic-shield/description/009.jpg
    saved data/images/ultramarines-captain-with-jump-pack-and-relic-shield/description/010.jpg
    saved data/images/ultramarines-captain-with-jump-pack-and-relic-shield/description/011.jpg
    saved data/images/ultramarines-captain-with-jump-pack-and-relic-shield/description/012.jpg
[26/541] scraping imperial-fists-lord-castellan-evander-garrius-the-tyrant-of-cthonia
  downloading 18 images...
    saved data/images/imperial-fists-lord-castellan-evander-garrius-the-tyrant-of-cthonia/001.jpg
    saved data/images/imperial-fists-lord-castellan-evander-garrius-the-tyrant-of-cthonia/002.jpg
    saved data/images/imperial-fists-lord-castellan-evander-garrius-the-tyrant-of-cthonia/003.jpg
    saved data/images/imperial-fists-lord-castellan-evander-garrius-the-tyrant-of-cthonia/004.jpg
    saved data/images/imperial-fists-lord-castellan-evander-garrius-the-tyrant-of-cthonia/005.jpg
    saved data/images/imperial-fists-lord-castellan-evander-garrius-the-tyrant-of-cthonia/006.jpg
    saved data/images/imperial-fists-lord-castellan-evander-garrius-the-tyrant-of-cthonia/description/001.jpg
    saved data/images/imperial-fists-lord-castellan-evander-garrius-the-tyrant-of-cthonia/description/002.jpg
    saved data/images/imperial-fists-lord-castellan-evander-garrius-the-tyrant-of-cthonia/description/003.jpg
    saved data/images/imperial-fists-lord-castellan-evander-garrius-the-tyrant-of-cthonia/description/004.jpg
    saved data/images/imperial-fists-lord-castellan-evander-garrius-the-tyrant-of-cthonia/description/005.jpg
    saved data/images/imperial-fists-lord-castellan-evander-garrius-the-tyrant-of-cthonia/description/006.jpg
    saved data/images/imperial-fists-lord-castellan-evander-garrius-the-tyrant-of-cthonia/description/007.jpg
    saved data/images/imperial-fists-lord-castellan-evander-garrius-the-tyrant-of-cthonia/description/008.jpg
    saved data/images/imperial-fists-lord-castellan-evander-garrius-the-tyrant-of-cthonia/description/009.jpg
    saved data/images/imperial-fists-lord-castellan-evander-garrius-the-tyrant-of-cthonia/description/010.jpg
    saved data/images/imperial-fists-lord-castellan-evander-garrius-the-tyrant-of-cthonia/description/011.jpg
    saved data/images/imperial-fists-lord-castellan-evander-garrius-the-tyrant-of-cthonia/description/012.jpg
[27/541] scraping imperial-fists-legion-praetor-in-mk-iii-armour
  downloading 19 images...
    saved data/images/imperial-fists-legion-praetor-in-mk-iii-armour/001.jpg
    saved data/images/imperial-fists-legion-praetor-in-mk-iii-armour/002.jpg
    saved data/images/imperial-fists-legion-praetor-in-mk-iii-armour/003.jpg
    saved data/images/imperial-fists-legion-praetor-in-mk-iii-armour/004.jpg
    saved data/images/imperial-fists-legion-praetor-in-mk-iii-armour/005.jpg
    saved data/images/imperial-fists-legion-praetor-in-mk-iii-armour/006.jpg
    saved data/images/imperial-fists-legion-praetor-in-mk-iii-armour/description/001.jpg
    saved data/images/imperial-fists-legion-praetor-in-mk-iii-armour/description/002.jpg
    saved data/images/imperial-fists-legion-praetor-in-mk-iii-armour/description/003.jpg
    saved data/images/imperial-fists-legion-praetor-in-mk-iii-armour/description/004.jpg
    saved data/images/imperial-fists-legion-praetor-in-mk-iii-armour/description/005.jpg
    saved data/images/imperial-fists-legion-praetor-in-mk-iii-armour/description/006.jpg
    saved data/images/imperial-fists-legion-praetor-in-mk-iii-armour/description/007.jpg
    saved data/images/imperial-fists-legion-praetor-in-mk-iii-armour/description/008.jpg
    saved data/images/imperial-fists-legion-praetor-in-mk-iii-armour/description/009.jpg
    saved data/images/imperial-fists-legion-praetor-in-mk-iii-armour/description/010.jpg
    saved data/images/imperial-fists-legion-praetor-in-mk-iii-armour/description/011.jpg
    saved data/images/imperial-fists-legion-praetor-in-mk-iii-armour/description/012.jpg
    saved data/images/imperial-fists-legion-praetor-in-mk-iii-armour/description/013.jpg
[28/541] scraping sons-of-horus-maloghurst-the-twisted-the-warmasters-equerry
  downloading 18 images...
    saved data/images/sons-of-horus-maloghurst-the-twisted-the-warmasters-equerry/001.jpg
    saved data/images/sons-of-horus-maloghurst-the-twisted-the-warmasters-equerry/002.jpg
    saved data/images/sons-of-horus-maloghurst-the-twisted-the-warmasters-equerry/003.jpg
    saved data/images/sons-of-horus-maloghurst-the-twisted-the-warmasters-equerry/004.jpg
    saved data/images/sons-of-horus-maloghurst-the-twisted-the-warmasters-equerry/005.jpg
    saved data/images/sons-of-horus-maloghurst-the-twisted-the-warmasters-equerry/006.jpg
    saved data/images/sons-of-horus-maloghurst-the-twisted-the-warmasters-equerry/description/001.jpg
    saved data/images/sons-of-horus-maloghurst-the-twisted-the-warmasters-equerry/description/002.jpg
    saved data/images/sons-of-horus-maloghurst-the-twisted-the-warmasters-equerry/description/003.jpg
    saved data/images/sons-of-horus-maloghurst-the-twisted-the-warmasters-equerry/description/004.jpg
    saved data/images/sons-of-horus-maloghurst-the-twisted-the-warmasters-equerry/description/005.jpg
    saved data/images/sons-of-horus-maloghurst-the-twisted-the-warmasters-equerry/description/006.jpg
    saved data/images/sons-of-horus-maloghurst-the-twisted-the-warmasters-equerry/description/007.jpg
    saved data/images/sons-of-horus-maloghurst-the-twisted-the-warmasters-equerry/description/008.jpg
    saved data/images/sons-of-horus-maloghurst-the-twisted-the-warmasters-equerry/description/009.jpg
    saved data/images/sons-of-horus-maloghurst-the-twisted-the-warmasters-equerry/description/010.jpg
    saved data/images/sons-of-horus-maloghurst-the-twisted-the-warmasters-equerry/description/011.jpg
    saved data/images/sons-of-horus-maloghurst-the-twisted-the-warmasters-equerry/description/012.jpg
[29/541] scraping raven-guard-kaedes-nex-the-blood-crow
  downloading 18 images...
    saved data/images/raven-guard-kaedes-nex-the-blood-crow/001.jpg
    saved data/images/raven-guard-kaedes-nex-the-blood-crow/002.jpg
    saved data/images/raven-guard-kaedes-nex-the-blood-crow/003.jpg
    saved data/images/raven-guard-kaedes-nex-the-blood-crow/004.jpg
    saved data/images/raven-guard-kaedes-nex-the-blood-crow/005.jpg
    saved data/images/raven-guard-kaedes-nex-the-blood-crow/006.jpg
    saved data/images/raven-guard-kaedes-nex-the-blood-crow/description/001.jpg
    saved data/images/raven-guard-kaedes-nex-the-blood-crow/description/002.jpg
    saved data/images/raven-guard-kaedes-nex-the-blood-crow/description/003.jpg
    saved data/images/raven-guard-kaedes-nex-the-blood-crow/description/004.jpg
    saved data/images/raven-guard-kaedes-nex-the-blood-crow/description/005.jpg
    saved data/images/raven-guard-kaedes-nex-the-blood-crow/description/006.jpg
    saved data/images/raven-guard-kaedes-nex-the-blood-crow/description/007.jpg
    saved data/images/raven-guard-kaedes-nex-the-blood-crow/description/008.jpg
    saved data/images/raven-guard-kaedes-nex-the-blood-crow/description/009.jpg
    saved data/images/raven-guard-kaedes-nex-the-blood-crow/description/010.jpg
    saved data/images/raven-guard-kaedes-nex-the-blood-crow/description/011.jpg
    saved data/images/raven-guard-kaedes-nex-the-blood-crow/description/012.jpg
[30/541] scraping sons-of-horus-legion-praetor-with-power-axe
  downloading 15 images...
    saved data/images/sons-of-horus-legion-praetor-with-power-axe/001.jpg
    saved data/images/sons-of-horus-legion-praetor-with-power-axe/002.jpg
    saved data/images/sons-of-horus-legion-praetor-with-power-axe/003.jpg
    saved data/images/sons-of-horus-legion-praetor-with-power-axe/004.jpg
    saved data/images/sons-of-horus-legion-praetor-with-power-axe/005.jpg
    saved data/images/sons-of-horus-legion-praetor-with-power-axe/006.jpg
    saved data/images/sons-of-horus-legion-praetor-with-power-axe/description/001.jpg
    saved data/images/sons-of-horus-legion-praetor-with-power-axe/description/002.jpg
    saved data/images/sons-of-horus-legion-praetor-with-power-axe/description/003.jpg
    saved data/images/sons-of-horus-legion-praetor-with-power-axe/description/004.jpg
    saved data/images/sons-of-horus-legion-praetor-with-power-axe/description/005.jpg
    saved data/images/sons-of-horus-legion-praetor-with-power-axe/description/006.jpg
    saved data/images/sons-of-horus-legion-praetor-with-power-axe/description/007.jpg
    saved data/images/sons-of-horus-legion-praetor-with-power-axe/description/008.jpg
    saved data/images/sons-of-horus-legion-praetor-with-power-axe/description/009.jpg
[31/541] scraping adepta-sororitas-battle-sister-sister-ludwenna
  downloading 9 images...
    saved data/images/adepta-sororitas-battle-sister-sister-ludwenna/001.gif
    saved data/images/adepta-sororitas-battle-sister-sister-ludwenna/002.gif
    saved data/images/adepta-sororitas-battle-sister-sister-ludwenna/003.gif
    saved data/images/adepta-sororitas-battle-sister-sister-ludwenna/004.gif
    saved data/images/adepta-sororitas-battle-sister-sister-ludwenna/005.gif
    saved data/images/adepta-sororitas-battle-sister-sister-ludwenna/description/001.gif
    saved data/images/adepta-sororitas-battle-sister-sister-ludwenna/description/002.gif
    saved data/images/adepta-sororitas-battle-sister-sister-ludwenna/description/003.gif
    saved data/images/adepta-sororitas-battle-sister-sister-ludwenna/description/004.gif
[32/541] scraping adepta-sororitas-battle-sister-sister-jurel
  downloading 10 images...
    saved data/images/adepta-sororitas-battle-sister-sister-jurel/001.jpg
    saved data/images/adepta-sororitas-battle-sister-sister-jurel/002.jpg
    saved data/images/adepta-sororitas-battle-sister-sister-jurel/003.jpg
    saved data/images/adepta-sororitas-battle-sister-sister-jurel/004.jpg
    saved data/images/adepta-sororitas-battle-sister-sister-jurel/005.gif
    saved data/images/adepta-sororitas-battle-sister-sister-jurel/description/001.jpg
    saved data/images/adepta-sororitas-battle-sister-sister-jurel/description/002.jpg
    saved data/images/adepta-sororitas-battle-sister-sister-jurel/description/003.jpg
    saved data/images/adepta-sororitas-battle-sister-sister-jurel/description/004.jpg
    saved data/images/adepta-sororitas-battle-sister-sister-jurel/description/005.jpg
[33/541] scraping adepta-sororitas-battle-sister-sister-superior-kassia
  downloading 11 images...
    saved data/images/adepta-sororitas-battle-sister-sister-superior-kassia/001.gif
    saved data/images/adepta-sororitas-battle-sister-sister-superior-kassia/002.gif
    saved data/images/adepta-sororitas-battle-sister-sister-superior-kassia/003.gif
    saved data/images/adepta-sororitas-battle-sister-sister-superior-kassia/004.gif
    saved data/images/adepta-sororitas-battle-sister-sister-superior-kassia/005.gif
    saved data/images/adepta-sororitas-battle-sister-sister-superior-kassia/006.gif
    saved data/images/adepta-sororitas-battle-sister-sister-superior-kassia/description/001.jpg
    saved data/images/adepta-sororitas-battle-sister-sister-superior-kassia/description/002.jpg
    saved data/images/adepta-sororitas-battle-sister-sister-superior-kassia/description/003.jpg
    saved data/images/adepta-sororitas-battle-sister-sister-superior-kassia/description/004.jpg
    saved data/images/adepta-sororitas-battle-sister-sister-superior-kassia/description/005.jpg
[34/541] scraping adepta-sororitas-battle-sister-sister-noyalle
  downloading 15 images...
    saved data/images/adepta-sororitas-battle-sister-sister-noyalle/001.gif
    saved data/images/adepta-sororitas-battle-sister-sister-noyalle/002.gif
    saved data/images/adepta-sororitas-battle-sister-sister-noyalle/003.gif
    saved data/images/adepta-sororitas-battle-sister-sister-noyalle/004.gif
    saved data/images/adepta-sororitas-battle-sister-sister-noyalle/005.gif
    saved data/images/adepta-sororitas-battle-sister-sister-noyalle/006.gif
    saved data/images/adepta-sororitas-battle-sister-sister-noyalle/description/001.gif
    saved data/images/adepta-sororitas-battle-sister-sister-noyalle/description/002.gif
    saved data/images/adepta-sororitas-battle-sister-sister-noyalle/description/003.gif
    saved data/images/adepta-sororitas-battle-sister-sister-noyalle/description/004.gif
    saved data/images/adepta-sororitas-battle-sister-sister-noyalle/description/005.gif
    saved data/images/adepta-sororitas-battle-sister-sister-noyalle/description/006.gif
    saved data/images/adepta-sororitas-battle-sister-sister-noyalle/description/007.gif
    saved data/images/adepta-sororitas-battle-sister-sister-noyalle/description/008.gif
    saved data/images/adepta-sororitas-battle-sister-sister-noyalle/description/009.gif
[35/541] scraping adepta-sororitas-lmagifier-sister-saelon
  downloading 9 images...
    saved data/images/adepta-sororitas-lmagifier-sister-saelon/001.gif
    saved data/images/adepta-sororitas-lmagifier-sister-saelon/002.gif
    saved data/images/adepta-sororitas-lmagifier-sister-saelon/003.gif
    saved data/images/adepta-sororitas-lmagifier-sister-saelon/004.gif
    saved data/images/adepta-sororitas-lmagifier-sister-saelon/005.gif
    saved data/images/adepta-sororitas-lmagifier-sister-saelon/description/001.gif
    saved data/images/adepta-sororitas-lmagifier-sister-saelon/description/002.gif
    saved data/images/adepta-sororitas-lmagifier-sister-saelon/description/003.gif
    saved data/images/adepta-sororitas-lmagifier-sister-saelon/description/004.gif
[36/541] scraping grey-knights-terminator-incanus-neodan
  downloading 13 images...
    saved data/images/grey-knights-terminator-incanus-neodan/001.jpg
    saved data/images/grey-knights-terminator-incanus-neodan/002.jpg
    saved data/images/grey-knights-terminator-incanus-neodan/003.jpg
    saved data/images/grey-knights-terminator-incanus-neodan/004.jpg
    saved data/images/grey-knights-terminator-incanus-neodan/005.png
    saved data/images/grey-knights-terminator-incanus-neodan/description/001.jpeg
    saved data/images/grey-knights-terminator-incanus-neodan/description/002.jpeg
    saved data/images/grey-knights-terminator-incanus-neodan/description/003.jpeg
    saved data/images/grey-knights-terminator-incanus-neodan/description/004.jpeg
    saved data/images/grey-knights-terminator-incanus-neodan/description/005.jpeg
    saved data/images/grey-knights-terminator-incanus-neodan/description/006.jpeg
    saved data/images/grey-knights-terminator-incanus-neodan/description/007.jpeg
    saved data/images/grey-knights-terminator-incanus-neodan/description/008.jpeg
[37/541] scraping grey-knights-terminator-retius-akantar
  downloading 11 images...
    saved data/images/grey-knights-terminator-retius-akantar/001.jpg
    saved data/images/grey-knights-terminator-retius-akantar/002.jpg
    saved data/images/grey-knights-terminator-retius-akantar/003.jpg
    saved data/images/grey-knights-terminator-retius-akantar/004.jpg
    saved data/images/grey-knights-terminator-retius-akantar/005.png
    saved data/images/grey-knights-terminator-retius-akantar/description/001.jpg
    saved data/images/grey-knights-terminator-retius-akantar/description/002.jpg
    saved data/images/grey-knights-terminator-retius-akantar/description/003.jpg
    saved data/images/grey-knights-terminator-retius-akantar/description/004.jpg
    saved data/images/grey-knights-terminator-retius-akantar/description/005.jpg
    saved data/images/grey-knights-terminator-retius-akantar/description/006.jpg
[38/541] scraping grey-knights-castellan-crowe
  downloading 16 images...
    saved data/images/grey-knights-castellan-crowe/001.jpg
    saved data/images/grey-knights-castellan-crowe/002.jpg
    saved data/images/grey-knights-castellan-crowe/003.jpg
    saved data/images/grey-knights-castellan-crowe/004.jpg
    saved data/images/grey-knights-castellan-crowe/005.jpg
    saved data/images/grey-knights-castellan-crowe/006.png
    saved data/images/grey-knights-castellan-crowe/description/001.jpg
    saved data/images/grey-knights-castellan-crowe/description/002.jpg
    saved data/images/grey-knights-castellan-crowe/description/003.jpg
    saved data/images/grey-knights-castellan-crowe/description/004.jpg
    saved data/images/grey-knights-castellan-crowe/description/005.jpg
    saved data/images/grey-knights-castellan-crowe/description/006.jpg
    saved data/images/grey-knights-castellan-crowe/description/007.jpg
    saved data/images/grey-knights-castellan-crowe/description/008.jpg
    saved data/images/grey-knights-castellan-crowe/description/009.jpg
    saved data/images/grey-knights-castellan-crowe/description/010.jpg
[39/541] scraping grey-knights-terminator-jaric-thule
  downloading 13 images...
    saved data/images/grey-knights-terminator-jaric-thule/001.jpg
    saved data/images/grey-knights-terminator-jaric-thule/002.jpg
    saved data/images/grey-knights-terminator-jaric-thule/003.jpg
    saved data/images/grey-knights-terminator-jaric-thule/004.jpg
    saved data/images/grey-knights-terminator-jaric-thule/description/001.jpeg
    saved data/images/grey-knights-terminator-jaric-thule/description/002.jpeg
    saved data/images/grey-knights-terminator-jaric-thule/description/003.jpeg
    saved data/images/grey-knights-terminator-jaric-thule/description/004.jpeg
    saved data/images/grey-knights-terminator-jaric-thule/description/005.jpeg
    saved data/images/grey-knights-terminator-jaric-thule/description/006.jpeg
    saved data/images/grey-knights-terminator-jaric-thule/description/007.jpeg
    saved data/images/grey-knights-terminator-jaric-thule/description/008.jpeg
    saved data/images/grey-knights-terminator-jaric-thule/description/009.jpeg
[40/541] scraping grey-knights-terminator-caddon-vibova
  downloading 12 images...
    saved data/images/grey-knights-terminator-caddon-vibova/001.jpg
    saved data/images/grey-knights-terminator-caddon-vibova/002.jpg
    saved data/images/grey-knights-terminator-caddon-vibova/003.jpg
    saved data/images/grey-knights-terminator-caddon-vibova/004.jpg
    saved data/images/grey-knights-terminator-caddon-vibova/005.png
    saved data/images/grey-knights-terminator-caddon-vibova/description/001.jpeg
    saved data/images/grey-knights-terminator-caddon-vibova/description/002.jpeg
    saved data/images/grey-knights-terminator-caddon-vibova/description/003.jpeg
    saved data/images/grey-knights-terminator-caddon-vibova/description/004.jpeg
    saved data/images/grey-knights-terminator-caddon-vibova/description/005.jpeg
    saved data/images/grey-knights-terminator-caddon-vibova/description/006.jpeg
    saved data/images/grey-knights-terminator-caddon-vibova/description/007.jpeg
[41/541] scraping death-korps-of-krieg-veteran-squad-guardsman-medic
  downloading 4 images...
    saved data/images/death-korps-of-krieg-veteran-squad-guardsman-medic/001.jpg
    saved data/images/death-korps-of-krieg-veteran-squad-guardsman-medic/description/001.jpg
    saved data/images/death-korps-of-krieg-veteran-squad-guardsman-medic/description/002.jpg
    saved data/images/death-korps-of-krieg-veteran-squad-guardsman-medic/description/003.jpg
[42/541] scraping death-korps-of-krieg-veteran-squad-guardsman-1
  downloading 5 images...
    saved data/images/death-korps-of-krieg-veteran-squad-guardsman-1/001.jpg
    saved data/images/death-korps-of-krieg-veteran-squad-guardsman-1/002.jpg
    saved data/images/death-korps-of-krieg-veteran-squad-guardsman-1/description/001.jpg
    saved data/images/death-korps-of-krieg-veteran-squad-guardsman-1/description/002.jpg
    saved data/images/death-korps-of-krieg-veteran-squad-guardsman-1/description/003.jpg
[43/541] scraping death-korps-of-krieg-veteran-squad-sergeant
  downloading 8 images...
    saved data/images/death-korps-of-krieg-veteran-squad-sergeant/001.jpg
    saved data/images/death-korps-of-krieg-veteran-squad-sergeant/002.jpg
    saved data/images/death-korps-of-krieg-veteran-squad-sergeant/003.jpg
    saved data/images/death-korps-of-krieg-veteran-squad-sergeant/description/001.jpg
    saved data/images/death-korps-of-krieg-veteran-squad-sergeant/description/002.jpg
    saved data/images/death-korps-of-krieg-veteran-squad-sergeant/description/003.jpg
    saved data/images/death-korps-of-krieg-veteran-squad-sergeant/description/004.jpg
    saved data/images/death-korps-of-krieg-veteran-squad-sergeant/description/005.jpg
[44/541] scraping death-korps-of-krieg-veteran-squad-guardsman-demolitions-specialist
  downloading 6 images...
    saved data/images/death-korps-of-krieg-veteran-squad-guardsman-demolitions-specialist/001.jpg
    saved data/images/death-korps-of-krieg-veteran-squad-guardsman-demolitions-specialist/002.jpg
    saved data/images/death-korps-of-krieg-veteran-squad-guardsman-demolitions-specialist/003.jpg
    saved data/images/death-korps-of-krieg-veteran-squad-guardsman-demolitions-specialist/description/001.jpg
    saved data/images/death-korps-of-krieg-veteran-squad-guardsman-demolitions-specialist/description/002.jpg
    saved data/images/death-korps-of-krieg-veteran-squad-guardsman-demolitions-specialist/description/003.jpg
[45/541] scraping death-korps-of-krieg-veteran-squad-guardsman
  downloading 4 images...
    saved data/images/death-korps-of-krieg-veteran-squad-guardsman/001.jpg
    saved data/images/death-korps-of-krieg-veteran-squad-guardsman/description/001.jpg
    saved data/images/death-korps-of-krieg-veteran-squad-guardsman/description/002.jpg
    saved data/images/death-korps-of-krieg-veteran-squad-guardsman/description/003.jpg
[46/541] scraping death-korps-of-krieg-veteran-squad-guardsman-communications-specialist
  downloading 4 images...
    saved data/images/death-korps-of-krieg-veteran-squad-guardsman-communications-specialist/001.jpg
    saved data/images/death-korps-of-krieg-veteran-squad-guardsman-communications-specialist/description/001.jpg
    saved data/images/death-korps-of-krieg-veteran-squad-guardsman-communications-specialist/description/002.jpg
    saved data/images/death-korps-of-krieg-veteran-squad-guardsman-communications-specialist/description/003.jpg
[47/541] scraping ultramarines-redemptor-dreadnought-brother-dreadnought-tyleas
  downloading 16 images...
    saved data/images/ultramarines-redemptor-dreadnought-brother-dreadnought-tyleas/001.jpg
    saved data/images/ultramarines-redemptor-dreadnought-brother-dreadnought-tyleas/002.jpg
    saved data/images/ultramarines-redemptor-dreadnought-brother-dreadnought-tyleas/003.jpg
    saved data/images/ultramarines-redemptor-dreadnought-brother-dreadnought-tyleas/004.jpg
    saved data/images/ultramarines-redemptor-dreadnought-brother-dreadnought-tyleas/005.png
    saved data/images/ultramarines-redemptor-dreadnought-brother-dreadnought-tyleas/description/001.jpg
    saved data/images/ultramarines-redemptor-dreadnought-brother-dreadnought-tyleas/description/002.jpg
    saved data/images/ultramarines-redemptor-dreadnought-brother-dreadnought-tyleas/description/003.jpg
    saved data/images/ultramarines-redemptor-dreadnought-brother-dreadnought-tyleas/description/004.jpg
    saved data/images/ultramarines-redemptor-dreadnought-brother-dreadnought-tyleas/description/005.jpg
    saved data/images/ultramarines-redemptor-dreadnought-brother-dreadnought-tyleas/description/006.jpg
    saved data/images/ultramarines-redemptor-dreadnought-brother-dreadnought-tyleas/description/007.jpg
    saved data/images/ultramarines-redemptor-dreadnought-brother-dreadnought-tyleas/description/008.jpg
    saved data/images/ultramarines-redemptor-dreadnought-brother-dreadnought-tyleas/description/009.jpg
    saved data/images/ultramarines-redemptor-dreadnought-brother-dreadnought-tyleas/description/010.jpg
    saved data/images/ultramarines-redemptor-dreadnought-brother-dreadnought-tyleas/description/011.jpg
[48/541] scraping blood-angels-furioso-dreadnought-brother-samel
  downloading 14 images...
    saved data/images/blood-angels-furioso-dreadnought-brother-samel/001.jpg
    saved data/images/blood-angels-furioso-dreadnought-brother-samel/002.jpg
    saved data/images/blood-angels-furioso-dreadnought-brother-samel/003.jpg
    saved data/images/blood-angels-furioso-dreadnought-brother-samel/004.jpg
    saved data/images/blood-angels-furioso-dreadnought-brother-samel/005.jpg
    saved data/images/blood-angels-furioso-dreadnought-brother-samel/006.jpg
    saved data/images/blood-angels-furioso-dreadnought-brother-samel/007.png
    saved data/images/blood-angels-furioso-dreadnought-brother-samel/description/001.jpg
    saved data/images/blood-angels-furioso-dreadnought-brother-samel/description/002.jpg
    saved data/images/blood-angels-furioso-dreadnought-brother-samel/description/003.jpg
    saved data/images/blood-angels-furioso-dreadnought-brother-samel/description/004.jpg
    saved data/images/blood-angels-furioso-dreadnought-brother-samel/description/005.jpg
    saved data/images/blood-angels-furioso-dreadnought-brother-samel/description/006.jpg
    saved data/images/blood-angels-furioso-dreadnought-brother-samel/description/007.jpg
[49/541] scraping ultramarines-primaris-chaplain-brother-varus
  downloading 15 images...
    saved data/images/ultramarines-primaris-chaplain-brother-varus/001.jpg
    saved data/images/ultramarines-primaris-chaplain-brother-varus/002.jpg
    saved data/images/ultramarines-primaris-chaplain-brother-varus/003.jpg
    saved data/images/ultramarines-primaris-chaplain-brother-varus/004.jpg
    saved data/images/ultramarines-primaris-chaplain-brother-varus/005.jpg
    saved data/images/ultramarines-primaris-chaplain-brother-varus/006.jpg
    saved data/images/ultramarines-primaris-chaplain-brother-varus/007.png
    saved data/images/ultramarines-primaris-chaplain-brother-varus/description/001.jpg
    saved data/images/ultramarines-primaris-chaplain-brother-varus/description/002.jpg
    saved data/images/ultramarines-primaris-chaplain-brother-varus/description/003.jpg
    saved data/images/ultramarines-primaris-chaplain-brother-varus/description/004.jpg
    saved data/images/ultramarines-primaris-chaplain-brother-varus/description/005.jpg
    saved data/images/ultramarines-primaris-chaplain-brother-varus/description/006.jpg
    saved data/images/ultramarines-primaris-chaplain-brother-varus/description/007.jpg
    saved data/images/ultramarines-primaris-chaplain-brother-varus/description/008.jpg
[50/541] scraping white-scars-raider-pattern-combat-bike
  downloading 16 images...
    saved data/images/white-scars-raider-pattern-combat-bike/001.jpg
    saved data/images/white-scars-raider-pattern-combat-bike/002.jpg
    saved data/images/white-scars-raider-pattern-combat-bike/003.jpg
    saved data/images/white-scars-raider-pattern-combat-bike/004.jpg
    saved data/images/white-scars-raider-pattern-combat-bike/005.jpg
    saved data/images/white-scars-raider-pattern-combat-bike/006.png
    saved data/images/white-scars-raider-pattern-combat-bike/description/001.jpg
    saved data/images/white-scars-raider-pattern-combat-bike/description/002.jpg
    saved data/images/white-scars-raider-pattern-combat-bike/description/003.jpg
    saved data/images/white-scars-raider-pattern-combat-bike/description/004.jpg
    saved data/images/white-scars-raider-pattern-combat-bike/description/005.jpg
    saved data/images/white-scars-raider-pattern-combat-bike/description/006.jpg
    saved data/images/white-scars-raider-pattern-combat-bike/description/007.jpg
    saved data/images/white-scars-raider-pattern-combat-bike/description/008.jpg
    saved data/images/white-scars-raider-pattern-combat-bike/description/009.jpg
    saved data/images/white-scars-raider-pattern-combat-bike/description/010.jpg
[51/541] scraping ultramarines-primaris-captain-with-relic-shield-and-power-sword
  downloading 15 images...
    saved data/images/ultramarines-primaris-captain-with-relic-shield-and-power-sword/001.jpg
    saved data/images/ultramarines-primaris-captain-with-relic-shield-and-power-sword/002.jpg
    saved data/images/ultramarines-primaris-captain-with-relic-shield-and-power-sword/003.jpg
    saved data/images/ultramarines-primaris-captain-with-relic-shield-and-power-sword/004.jpg
    saved data/images/ultramarines-primaris-captain-with-relic-shield-and-power-sword/005.jpg
    saved data/images/ultramarines-primaris-captain-with-relic-shield-and-power-sword/006.jpg
    saved data/images/ultramarines-primaris-captain-with-relic-shield-and-power-sword/007.png
    saved data/images/ultramarines-primaris-captain-with-relic-shield-and-power-sword/description/001.jpg
    saved data/images/ultramarines-primaris-captain-with-relic-shield-and-power-sword/description/002.jpg
    saved data/images/ultramarines-primaris-captain-with-relic-shield-and-power-sword/description/003.jpg
    saved data/images/ultramarines-primaris-captain-with-relic-shield-and-power-sword/description/004.jpg
    saved data/images/ultramarines-primaris-captain-with-relic-shield-and-power-sword/description/005.jpg
    saved data/images/ultramarines-primaris-captain-with-relic-shield-and-power-sword/description/006.jpg
    saved data/images/ultramarines-primaris-captain-with-relic-shield-and-power-sword/description/007.jpg
    saved data/images/ultramarines-primaris-captain-with-relic-shield-and-power-sword/description/008.jpg
[52/541] scraping black-templars-high-marshal-helbrecht
  downloading 15 images...
    saved data/images/black-templars-high-marshal-helbrecht/001.jpg
    saved data/images/black-templars-high-marshal-helbrecht/002.jpg
    saved data/images/black-templars-high-marshal-helbrecht/003.jpg
    saved data/images/black-templars-high-marshal-helbrecht/004.jpg
    saved data/images/black-templars-high-marshal-helbrecht/005.jpg
    saved data/images/black-templars-high-marshal-helbrecht/006.jpg
    saved data/images/black-templars-high-marshal-helbrecht/007.png
    saved data/images/black-templars-high-marshal-helbrecht/description/001.jpg
    saved data/images/black-templars-high-marshal-helbrecht/description/002.jpg
    saved data/images/black-templars-high-marshal-helbrecht/description/003.jpg
    saved data/images/black-templars-high-marshal-helbrecht/description/004.jpg
    saved data/images/black-templars-high-marshal-helbrecht/description/005.jpg
    saved data/images/black-templars-high-marshal-helbrecht/description/006.jpg
    saved data/images/black-templars-high-marshal-helbrecht/description/007.jpg
    saved data/images/black-templars-high-marshal-helbrecht/description/008.jpg
[53/541] scraping raven-guard-chapter-master-kayvaan-shrike
  downloading 17 images...
    saved data/images/raven-guard-chapter-master-kayvaan-shrike/001.jpg
    saved data/images/raven-guard-chapter-master-kayvaan-shrike/002.jpg
    saved data/images/raven-guard-chapter-master-kayvaan-shrike/003.jpg
    saved data/images/raven-guard-chapter-master-kayvaan-shrike/004.jpg
    saved data/images/raven-guard-chapter-master-kayvaan-shrike/005.jpg
    saved data/images/raven-guard-chapter-master-kayvaan-shrike/006.jpg
    saved data/images/raven-guard-chapter-master-kayvaan-shrike/007.png
    saved data/images/raven-guard-chapter-master-kayvaan-shrike/description/001.jpeg
    saved data/images/raven-guard-chapter-master-kayvaan-shrike/description/002.jpeg
    saved data/images/raven-guard-chapter-master-kayvaan-shrike/description/003.jpeg
    saved data/images/raven-guard-chapter-master-kayvaan-shrike/description/004.jpeg
    saved data/images/raven-guard-chapter-master-kayvaan-shrike/description/005.jpeg
    saved data/images/raven-guard-chapter-master-kayvaan-shrike/description/006.jpeg
    saved data/images/raven-guard-chapter-master-kayvaan-shrike/description/007.jpeg
    saved data/images/raven-guard-chapter-master-kayvaan-shrike/description/008.jpeg
    saved data/images/raven-guard-chapter-master-kayvaan-shrike/description/009.jpeg
    saved data/images/raven-guard-chapter-master-kayvaan-shrike/description/010.jpg
[54/541] scraping dark-angels-supreme-grand-master-azrael
  downloading 16 images...
    saved data/images/dark-angels-supreme-grand-master-azrael/001.jpg
    saved data/images/dark-angels-supreme-grand-master-azrael/002.jpg
    saved data/images/dark-angels-supreme-grand-master-azrael/003.jpg
    saved data/images/dark-angels-supreme-grand-master-azrael/004.jpg
    saved data/images/dark-angels-supreme-grand-master-azrael/005.jpg
    saved data/images/dark-angels-supreme-grand-master-azrael/006.jpg
    saved data/images/dark-angels-supreme-grand-master-azrael/007.jpg
    saved data/images/dark-angels-supreme-grand-master-azrael/description/001.jpg
    saved data/images/dark-angels-supreme-grand-master-azrael/description/002.jpg
    saved data/images/dark-angels-supreme-grand-master-azrael/description/003.jpg
    saved data/images/dark-angels-supreme-grand-master-azrael/description/004.jpg
    saved data/images/dark-angels-supreme-grand-master-azrael/description/005.jpg
    saved data/images/dark-angels-supreme-grand-master-azrael/description/006.jpg
    saved data/images/dark-angels-supreme-grand-master-azrael/description/007.jpg
    saved data/images/dark-angels-supreme-grand-master-azrael/description/008.jpg
    saved data/images/dark-angels-supreme-grand-master-azrael/description/009.jpg
[55/541] scraping blood-angels-commander-dante
  downloading 17 images...
    saved data/images/blood-angels-commander-dante/001.jpg
    saved data/images/blood-angels-commander-dante/002.jpg
    saved data/images/blood-angels-commander-dante/003.jpg
    saved data/images/blood-angels-commander-dante/004.jpg
    saved data/images/blood-angels-commander-dante/005.jpg
    saved data/images/blood-angels-commander-dante/006.jpg
    saved data/images/blood-angels-commander-dante/description/001.jpg
    saved data/images/blood-angels-commander-dante/description/002.jpg
    saved data/images/blood-angels-commander-dante/description/003.jpg
    saved data/images/blood-angels-commander-dante/description/004.jpg
    saved data/images/blood-angels-commander-dante/description/005.jpg
    saved data/images/blood-angels-commander-dante/description/006.jpg
    saved data/images/blood-angels-commander-dante/description/007.jpg
    saved data/images/blood-angels-commander-dante/description/008.jpg
    saved data/images/blood-angels-commander-dante/description/009.jpg
    saved data/images/blood-angels-commander-dante/description/010.jpg
    saved data/images/blood-angels-commander-dante/description/011.jpg
[56/541] scraping ultramarines-apothecary-biologis
  downloading 15 images...
    saved data/images/ultramarines-apothecary-biologis/001.jpg
    saved data/images/ultramarines-apothecary-biologis/002.jpg
    saved data/images/ultramarines-apothecary-biologis/003.jpg
    saved data/images/ultramarines-apothecary-biologis/004.jpg
    saved data/images/ultramarines-apothecary-biologis/005.jpg
    saved data/images/ultramarines-apothecary-biologis/006.jpg
    saved data/images/ultramarines-apothecary-biologis/description/001.jpg
    saved data/images/ultramarines-apothecary-biologis/description/002.jpg
    saved data/images/ultramarines-apothecary-biologis/description/003.jpg
    saved data/images/ultramarines-apothecary-biologis/description/004.jpg
    saved data/images/ultramarines-apothecary-biologis/description/005.jpg
    saved data/images/ultramarines-apothecary-biologis/description/006.jpg
    saved data/images/ultramarines-apothecary-biologis/description/007.jpg
    saved data/images/ultramarines-apothecary-biologis/description/008.jpg
    saved data/images/ultramarines-apothecary-biologis/description/009.jpg
[57/541] scraping ultramarines-invictarus-suzerain-squad
  downloading 70 images...
    saved data/images/ultramarines-invictarus-suzerain-squad/001.jpg
    saved data/images/ultramarines-invictarus-suzerain-squad/002.jpg
    saved data/images/ultramarines-invictarus-suzerain-squad/003.jpg
    saved data/images/ultramarines-invictarus-suzerain-squad/004.jpg
    saved data/images/ultramarines-invictarus-suzerain-squad/005.jpg
    saved data/images/ultramarines-invictarus-suzerain-squad/006.jpg
    saved data/images/ultramarines-invictarus-suzerain-squad/007.jpg
    saved data/images/ultramarines-invictarus-suzerain-squad/008.jpg
    saved data/images/ultramarines-invictarus-suzerain-squad/009.jpg
    saved data/images/ultramarines-invictarus-suzerain-squad/010.jpg
    saved data/images/ultramarines-invictarus-suzerain-squad/011.jpg
    saved data/images/ultramarines-invictarus-suzerain-squad/012.jpg
    saved data/images/ultramarines-invictarus-suzerain-squad/013.jpg
    saved data/images/ultramarines-invictarus-suzerain-squad/014.jpg
    saved data/images/ultramarines-invictarus-suzerain-squad/015.jpg
    saved data/images/ultramarines-invictarus-suzerain-squad/016.jpg
    saved data/images/ultramarines-invictarus-suzerain-squad/017.jpg
    saved data/images/ultramarines-invictarus-suzerain-squad/018.jpg
    saved data/images/ultramarines-invictarus-suzerain-squad/019.jpg
    saved data/images/ultramarines-invictarus-suzerain-squad/020.jpg
    saved data/images/ultramarines-invictarus-suzerain-squad/021.jpg
    saved data/images/ultramarines-invictarus-suzerain-squad/022.jpg
    saved data/images/ultramarines-invictarus-suzerain-squad/023.jpg
    saved data/images/ultramarines-invictarus-suzerain-squad/024.jpg
    saved data/images/ultramarines-invictarus-suzerain-squad/025.jpg
    saved data/images/ultramarines-invictarus-suzerain-squad/026.jpg
    saved data/images/ultramarines-invictarus-suzerain-squad/027.jpg
    saved data/images/ultramarines-invictarus-suzerain-squad/028.jpg
    saved data/images/ultramarines-invictarus-suzerain-squad/029.jpg
    saved data/images/ultramarines-invictarus-suzerain-squad/030.jpg
    saved data/images/ultramarines-invictarus-suzerain-squad/031.jpg
    saved data/images/ultramarines-invictarus-suzerain-squad/032.jpg
    saved data/images/ultramarines-invictarus-suzerain-squad/description/001.jpg
    saved data/images/ultramarines-invictarus-suzerain-squad/description/002.jpg
    saved data/images/ultramarines-invictarus-suzerain-squad/description/003.jpg
    saved data/images/ultramarines-invictarus-suzerain-squad/description/004.jpg
    saved data/images/ultramarines-invictarus-suzerain-squad/description/005.jpg
    saved data/images/ultramarines-invictarus-suzerain-squad/description/006.jpg
    saved data/images/ultramarines-invictarus-suzerain-squad/description/007.jpg
    saved data/images/ultramarines-invictarus-suzerain-squad/description/008.jpg
    saved data/images/ultramarines-invictarus-suzerain-squad/description/009.jpg
    saved data/images/ultramarines-invictarus-suzerain-squad/description/010.jpg
    saved data/images/ultramarines-invictarus-suzerain-squad/description/011.jpg
    saved data/images/ultramarines-invictarus-suzerain-squad/description/012.jpg
    saved data/images/ultramarines-invictarus-suzerain-squad/description/013.jpg
    saved data/images/ultramarines-invictarus-suzerain-squad/description/014.jpg
    saved data/images/ultramarines-invictarus-suzerain-squad/description/015.jpg
    saved data/images/ultramarines-invictarus-suzerain-squad/description/016.jpg
    saved data/images/ultramarines-invictarus-suzerain-squad/description/017.jpg
    saved data/images/ultramarines-invictarus-suzerain-squad/description/018.jpg
    saved data/images/ultramarines-invictarus-suzerain-squad/description/019.jpg
    saved data/images/ultramarines-invictarus-suzerain-squad/description/020.jpg
    saved data/images/ultramarines-invictarus-suzerain-squad/description/021.jpg
    saved data/images/ultramarines-invictarus-suzerain-squad/description/022.jpg
    saved data/images/ultramarines-invictarus-suzerain-squad/description/023.jpg
    saved data/images/ultramarines-invictarus-suzerain-squad/description/024.jpg
    saved data/images/ultramarines-invictarus-suzerain-squad/description/025.jpg
    saved data/images/ultramarines-invictarus-suzerain-squad/description/026.jpg
    saved data/images/ultramarines-invictarus-suzerain-squad/description/027.jpg
    saved data/images/ultramarines-invictarus-suzerain-squad/description/028.jpg
    saved data/images/ultramarines-invictarus-suzerain-squad/description/029.jpg
    saved data/images/ultramarines-invictarus-suzerain-squad/description/030.jpg
    saved data/images/ultramarines-invictarus-suzerain-squad/description/031.jpg
    saved data/images/ultramarines-invictarus-suzerain-squad/description/032.jpg
    saved data/images/ultramarines-invictarus-suzerain-squad/description/033.jpg
    saved data/images/ultramarines-invictarus-suzerain-squad/description/034.jpg
    saved data/images/ultramarines-invictarus-suzerain-squad/description/035.jpg
    saved data/images/ultramarines-invictarus-suzerain-squad/description/036.jpg
    saved data/images/ultramarines-invictarus-suzerain-squad/description/037.jpg
    saved data/images/ultramarines-invictarus-suzerain-squad/description/038.jpg
[58/541] scraping ultramarines-predator-destructor-with-turret-mounted-autocannon-and-sponson-mounted-heavy-bolters
  downloading 51 images...
    saved data/images/ultramarines-predator-destructor-with-turret-mounted-autocannon-and-sponson-mounted-heavy-bolters/001.jpg
    saved data/images/ultramarines-predator-destructor-with-turret-mounted-autocannon-and-sponson-mounted-heavy-bolters/002.jpg
    saved data/images/ultramarines-predator-destructor-with-turret-mounted-autocannon-and-sponson-mounted-heavy-bolters/003.jpg
    saved data/images/ultramarines-predator-destructor-with-turret-mounted-autocannon-and-sponson-mounted-heavy-bolters/004.jpg
    saved data/images/ultramarines-predator-destructor-with-turret-mounted-autocannon-and-sponson-mounted-heavy-bolters/005.jpg
    saved data/images/ultramarines-predator-destructor-with-turret-mounted-autocannon-and-sponson-mounted-heavy-bolters/006.jpg
    saved data/images/ultramarines-predator-destructor-with-turret-mounted-autocannon-and-sponson-mounted-heavy-bolters/007.jpg
    saved data/images/ultramarines-predator-destructor-with-turret-mounted-autocannon-and-sponson-mounted-heavy-bolters/description/001.jpg
    saved data/images/ultramarines-predator-destructor-with-turret-mounted-autocannon-and-sponson-mounted-heavy-bolters/description/002.jpg
    saved data/images/ultramarines-predator-destructor-with-turret-mounted-autocannon-and-sponson-mounted-heavy-bolters/description/003.jpg
    saved data/images/ultramarines-predator-destructor-with-turret-mounted-autocannon-and-sponson-mounted-heavy-bolters/description/004.jpg
    saved data/images/ultramarines-predator-destructor-with-turret-mounted-autocannon-and-sponson-mounted-heavy-bolters/description/005.jpg
    saved data/images/ultramarines-predator-destructor-with-turret-mounted-autocannon-and-sponson-mounted-heavy-bolters/description/006.jpg
    saved data/images/ultramarines-predator-destructor-with-turret-mounted-autocannon-and-sponson-mounted-heavy-bolters/description/007.jpg
    saved data/images/ultramarines-predator-destructor-with-turret-mounted-autocannon-and-sponson-mounted-heavy-bolters/description/008.jpg
    saved data/images/ultramarines-predator-destructor-with-turret-mounted-autocannon-and-sponson-mounted-heavy-bolters/description/009.jpg
    saved data/images/ultramarines-predator-destructor-with-turret-mounted-autocannon-and-sponson-mounted-heavy-bolters/description/010.jpg
    saved data/images/ultramarines-predator-destructor-with-turret-mounted-autocannon-and-sponson-mounted-heavy-bolters/description/011.jpg
    saved data/images/ultramarines-predator-destructor-with-turret-mounted-autocannon-and-sponson-mounted-heavy-bolters/description/012.jpg
    saved data/images/ultramarines-predator-destructor-with-turret-mounted-autocannon-and-sponson-mounted-heavy-bolters/description/013.jpg
    saved data/images/ultramarines-predator-destructor-with-turret-mounted-autocannon-and-sponson-mounted-heavy-bolters/description/014.jpg
    saved data/images/ultramarines-predator-destructor-with-turret-mounted-autocannon-and-sponson-mounted-heavy-bolters/description/015.jpg
    saved data/images/ultramarines-predator-destructor-with-turret-mounted-autocannon-and-sponson-mounted-heavy-bolters/description/016.jpg
    saved data/images/ultramarines-predator-destructor-with-turret-mounted-autocannon-and-sponson-mounted-heavy-bolters/description/017.jpg
    saved data/images/ultramarines-predator-destructor-with-turret-mounted-autocannon-and-sponson-mounted-heavy-bolters/description/018.jpg
    saved data/images/ultramarines-predator-destructor-with-turret-mounted-autocannon-and-sponson-mounted-heavy-bolters/description/019.jpg
    saved data/images/ultramarines-predator-destructor-with-turret-mounted-autocannon-and-sponson-mounted-heavy-bolters/description/020.jpg
    saved data/images/ultramarines-predator-destructor-with-turret-mounted-autocannon-and-sponson-mounted-heavy-bolters/description/021.jpg
    saved data/images/ultramarines-predator-destructor-with-turret-mounted-autocannon-and-sponson-mounted-heavy-bolters/description/022.jpg
    saved data/images/ultramarines-predator-destructor-with-turret-mounted-autocannon-and-sponson-mounted-heavy-bolters/description/023.jpg
    saved data/images/ultramarines-predator-destructor-with-turret-mounted-autocannon-and-sponson-mounted-heavy-bolters/description/024.jpg
    saved data/images/ultramarines-predator-destructor-with-turret-mounted-autocannon-and-sponson-mounted-heavy-bolters/description/025.jpg
    saved data/images/ultramarines-predator-destructor-with-turret-mounted-autocannon-and-sponson-mounted-heavy-bolters/description/026.jpg
    saved data/images/ultramarines-predator-destructor-with-turret-mounted-autocannon-and-sponson-mounted-heavy-bolters/description/027.jpg
    saved data/images/ultramarines-predator-destructor-with-turret-mounted-autocannon-and-sponson-mounted-heavy-bolters/description/028.jpg
    saved data/images/ultramarines-predator-destructor-with-turret-mounted-autocannon-and-sponson-mounted-heavy-bolters/description/029.jpg
    saved data/images/ultramarines-predator-destructor-with-turret-mounted-autocannon-and-sponson-mounted-heavy-bolters/description/030.jpg
    saved data/images/ultramarines-predator-destructor-with-turret-mounted-autocannon-and-sponson-mounted-heavy-bolters/description/031.jpg
    saved data/images/ultramarines-predator-destructor-with-turret-mounted-autocannon-and-sponson-mounted-heavy-bolters/description/032.jpg
    saved data/images/ultramarines-predator-destructor-with-turret-mounted-autocannon-and-sponson-mounted-heavy-bolters/description/033.jpg
    saved data/images/ultramarines-predator-destructor-with-turret-mounted-autocannon-and-sponson-mounted-heavy-bolters/description/034.jpg
    saved data/images/ultramarines-predator-destructor-with-turret-mounted-autocannon-and-sponson-mounted-heavy-bolters/description/035.jpg
    saved data/images/ultramarines-predator-destructor-with-turret-mounted-autocannon-and-sponson-mounted-heavy-bolters/description/036.jpg
    saved data/images/ultramarines-predator-destructor-with-turret-mounted-autocannon-and-sponson-mounted-heavy-bolters/description/037.jpg
    saved data/images/ultramarines-predator-destructor-with-turret-mounted-autocannon-and-sponson-mounted-heavy-bolters/description/038.jpg
    saved data/images/ultramarines-predator-destructor-with-turret-mounted-autocannon-and-sponson-mounted-heavy-bolters/description/039.jpg
    saved data/images/ultramarines-predator-destructor-with-turret-mounted-autocannon-and-sponson-mounted-heavy-bolters/description/040.jpg
    saved data/images/ultramarines-predator-destructor-with-turret-mounted-autocannon-and-sponson-mounted-heavy-bolters/description/041.jpg
    saved data/images/ultramarines-predator-destructor-with-turret-mounted-autocannon-and-sponson-mounted-heavy-bolters/description/042.jpg
    saved data/images/ultramarines-predator-destructor-with-turret-mounted-autocannon-and-sponson-mounted-heavy-bolters/description/043.jpg
    saved data/images/ultramarines-predator-destructor-with-turret-mounted-autocannon-and-sponson-mounted-heavy-bolters/description/044.jpg
[59/541] scraping ultramarines-intercessor-with-bolt-rifle,-bolt-pistol-and-chainsword
  downloading 17 images...
    saved data/images/ultramarines-intercessor-with-bolt-rifle,-bolt-pistol-and-chainsword/001.jpg
    saved data/images/ultramarines-intercessor-with-bolt-rifle,-bolt-pistol-and-chainsword/002.jpg
    saved data/images/ultramarines-intercessor-with-bolt-rifle,-bolt-pistol-and-chainsword/003.jpg
    saved data/images/ultramarines-intercessor-with-bolt-rifle,-bolt-pistol-and-chainsword/004.jpg
    saved data/images/ultramarines-intercessor-with-bolt-rifle,-bolt-pistol-and-chainsword/005.jpg
    saved data/images/ultramarines-intercessor-with-bolt-rifle,-bolt-pistol-and-chainsword/006.jpg
    saved data/images/ultramarines-intercessor-with-bolt-rifle,-bolt-pistol-and-chainsword/007.jpg
    saved data/images/ultramarines-intercessor-with-bolt-rifle,-bolt-pistol-and-chainsword/description/001.jpg
    saved data/images/ultramarines-intercessor-with-bolt-rifle,-bolt-pistol-and-chainsword/description/002.jpg
    saved data/images/ultramarines-intercessor-with-bolt-rifle,-bolt-pistol-and-chainsword/description/003.jpg
    saved data/images/ultramarines-intercessor-with-bolt-rifle,-bolt-pistol-and-chainsword/description/004.jpg
    saved data/images/ultramarines-intercessor-with-bolt-rifle,-bolt-pistol-and-chainsword/description/005.jpg
    saved data/images/ultramarines-intercessor-with-bolt-rifle,-bolt-pistol-and-chainsword/description/006.jpg
    saved data/images/ultramarines-intercessor-with-bolt-rifle,-bolt-pistol-and-chainsword/description/007.jpg
    saved data/images/ultramarines-intercessor-with-bolt-rifle,-bolt-pistol-and-chainsword/description/008.jpg
    saved data/images/ultramarines-intercessor-with-bolt-rifle,-bolt-pistol-and-chainsword/description/009.jpg
    saved data/images/ultramarines-intercessor-with-bolt-rifle,-bolt-pistol-and-chainsword/description/010.jpg
[60/541] scraping blood-angels-intercessor-with-bolt-rifle,-bolt-pistol-and-chainsword
  downloading 18 images...
    saved data/images/blood-angels-intercessor-with-bolt-rifle,-bolt-pistol-and-chainsword/001.jpg
    saved data/images/blood-angels-intercessor-with-bolt-rifle,-bolt-pistol-and-chainsword/002.jpg
    saved data/images/blood-angels-intercessor-with-bolt-rifle,-bolt-pistol-and-chainsword/003.jpg
    saved data/images/blood-angels-intercessor-with-bolt-rifle,-bolt-pistol-and-chainsword/004.jpg
    saved data/images/blood-angels-intercessor-with-bolt-rifle,-bolt-pistol-and-chainsword/005.jpg
    saved data/images/blood-angels-intercessor-with-bolt-rifle,-bolt-pistol-and-chainsword/006.jpg
    saved data/images/blood-angels-intercessor-with-bolt-rifle,-bolt-pistol-and-chainsword/description/001.jpg
    saved data/images/blood-angels-intercessor-with-bolt-rifle,-bolt-pistol-and-chainsword/description/002.jpg
    saved data/images/blood-angels-intercessor-with-bolt-rifle,-bolt-pistol-and-chainsword/description/003.jpg
    saved data/images/blood-angels-intercessor-with-bolt-rifle,-bolt-pistol-and-chainsword/description/004.jpg
    saved data/images/blood-angels-intercessor-with-bolt-rifle,-bolt-pistol-and-chainsword/description/005.jpg
    saved data/images/blood-angels-intercessor-with-bolt-rifle,-bolt-pistol-and-chainsword/description/006.jpg
    saved data/images/blood-angels-intercessor-with-bolt-rifle,-bolt-pistol-and-chainsword/description/007.jpg
    saved data/images/blood-angels-intercessor-with-bolt-rifle,-bolt-pistol-and-chainsword/description/008.jpg
    saved data/images/blood-angels-intercessor-with-bolt-rifle,-bolt-pistol-and-chainsword/description/009.jpg
    saved data/images/blood-angels-intercessor-with-bolt-rifle,-bolt-pistol-and-chainsword/description/010.jpg
    saved data/images/blood-angels-intercessor-with-bolt-rifle,-bolt-pistol-and-chainsword/description/011.jpg
    saved data/images/blood-angels-intercessor-with-bolt-rifle,-bolt-pistol-and-chainsword/description/012.jpg
[61/541] scraping iron-hands-intercessor-with-bolt-rifle,-bolt-pistol-and-chainsword
  downloading 17 images...
    saved data/images/iron-hands-intercessor-with-bolt-rifle,-bolt-pistol-and-chainsword/001.jpg
    saved data/images/iron-hands-intercessor-with-bolt-rifle,-bolt-pistol-and-chainsword/002.jpg
    saved data/images/iron-hands-intercessor-with-bolt-rifle,-bolt-pistol-and-chainsword/003.jpg
    saved data/images/iron-hands-intercessor-with-bolt-rifle,-bolt-pistol-and-chainsword/004.jpg
    saved data/images/iron-hands-intercessor-with-bolt-rifle,-bolt-pistol-and-chainsword/005.jpg
    saved data/images/iron-hands-intercessor-with-bolt-rifle,-bolt-pistol-and-chainsword/006.jpg
    saved data/images/iron-hands-intercessor-with-bolt-rifle,-bolt-pistol-and-chainsword/007.jpg
    saved data/images/iron-hands-intercessor-with-bolt-rifle,-bolt-pistol-and-chainsword/description/001.jpg
    saved data/images/iron-hands-intercessor-with-bolt-rifle,-bolt-pistol-and-chainsword/description/002.jpg
    saved data/images/iron-hands-intercessor-with-bolt-rifle,-bolt-pistol-and-chainsword/description/003.jpg
    saved data/images/iron-hands-intercessor-with-bolt-rifle,-bolt-pistol-and-chainsword/description/004.jpg
    saved data/images/iron-hands-intercessor-with-bolt-rifle,-bolt-pistol-and-chainsword/description/005.jpg
    saved data/images/iron-hands-intercessor-with-bolt-rifle,-bolt-pistol-and-chainsword/description/006.jpg
    saved data/images/iron-hands-intercessor-with-bolt-rifle,-bolt-pistol-and-chainsword/description/007.jpg
    saved data/images/iron-hands-intercessor-with-bolt-rifle,-bolt-pistol-and-chainsword/description/008.jpg
    saved data/images/iron-hands-intercessor-with-bolt-rifle,-bolt-pistol-and-chainsword/description/009.jpg
    saved data/images/iron-hands-intercessor-with-bolt-rifle,-bolt-pistol-and-chainsword/description/010.jpg
[62/541] scraping imperial-fists-intercessor-with-bolt-rifle,-bolt-pistol-and-chainsword
  downloading 17 images...
    saved data/images/imperial-fists-intercessor-with-bolt-rifle,-bolt-pistol-and-chainsword/001.jpg
    saved data/images/imperial-fists-intercessor-with-bolt-rifle,-bolt-pistol-and-chainsword/002.jpg
    saved data/images/imperial-fists-intercessor-with-bolt-rifle,-bolt-pistol-and-chainsword/003.jpg
    saved data/images/imperial-fists-intercessor-with-bolt-rifle,-bolt-pistol-and-chainsword/004.jpg
    saved data/images/imperial-fists-intercessor-with-bolt-rifle,-bolt-pistol-and-chainsword/005.jpg
    saved data/images/imperial-fists-intercessor-with-bolt-rifle,-bolt-pistol-and-chainsword/006.jpg
    saved data/images/imperial-fists-intercessor-with-bolt-rifle,-bolt-pistol-and-chainsword/007.jpg
    saved data/images/imperial-fists-intercessor-with-bolt-rifle,-bolt-pistol-and-chainsword/description/001.jpg
    saved data/images/imperial-fists-intercessor-with-bolt-rifle,-bolt-pistol-and-chainsword/description/002.jpg
    saved data/images/imperial-fists-intercessor-with-bolt-rifle,-bolt-pistol-and-chainsword/description/003.jpg
    saved data/images/imperial-fists-intercessor-with-bolt-rifle,-bolt-pistol-and-chainsword/description/004.jpg
    saved data/images/imperial-fists-intercessor-with-bolt-rifle,-bolt-pistol-and-chainsword/description/005.jpg
    saved data/images/imperial-fists-intercessor-with-bolt-rifle,-bolt-pistol-and-chainsword/description/006.jpg
    saved data/images/imperial-fists-intercessor-with-bolt-rifle,-bolt-pistol-and-chainsword/description/007.jpg
    saved data/images/imperial-fists-intercessor-with-bolt-rifle,-bolt-pistol-and-chainsword/description/008.jpg
    saved data/images/imperial-fists-intercessor-with-bolt-rifle,-bolt-pistol-and-chainsword/description/009.jpg
    saved data/images/imperial-fists-intercessor-with-bolt-rifle,-bolt-pistol-and-chainsword/description/010.jpg
[63/541] scraping space-wolves-intercessor-with-bolt-rifle,-bolt-pistol-and-chainsword
  downloading 17 images...
    saved data/images/space-wolves-intercessor-with-bolt-rifle,-bolt-pistol-and-chainsword/001.jpg
    saved data/images/space-wolves-intercessor-with-bolt-rifle,-bolt-pistol-and-chainsword/002.jpg
    saved data/images/space-wolves-intercessor-with-bolt-rifle,-bolt-pistol-and-chainsword/003.jpg
    saved data/images/space-wolves-intercessor-with-bolt-rifle,-bolt-pistol-and-chainsword/004.jpg
    saved data/images/space-wolves-intercessor-with-bolt-rifle,-bolt-pistol-and-chainsword/005.jpg
    saved data/images/space-wolves-intercessor-with-bolt-rifle,-bolt-pistol-and-chainsword/006.jpg
    saved data/images/space-wolves-intercessor-with-bolt-rifle,-bolt-pistol-and-chainsword/007.jpg
    saved data/images/space-wolves-intercessor-with-bolt-rifle,-bolt-pistol-and-chainsword/description/001.jpg
    saved data/images/space-wolves-intercessor-with-bolt-rifle,-bolt-pistol-and-chainsword/description/002.jpg
    saved data/images/space-wolves-intercessor-with-bolt-rifle,-bolt-pistol-and-chainsword/description/003.jpg
    saved data/images/space-wolves-intercessor-with-bolt-rifle,-bolt-pistol-and-chainsword/description/004.jpg
    saved data/images/space-wolves-intercessor-with-bolt-rifle,-bolt-pistol-and-chainsword/description/005.jpg
    saved data/images/space-wolves-intercessor-with-bolt-rifle,-bolt-pistol-and-chainsword/description/006.jpg
    saved data/images/space-wolves-intercessor-with-bolt-rifle,-bolt-pistol-and-chainsword/description/007.jpg
    saved data/images/space-wolves-intercessor-with-bolt-rifle,-bolt-pistol-and-chainsword/description/008.jpg
    saved data/images/space-wolves-intercessor-with-bolt-rifle,-bolt-pistol-and-chainsword/description/009.jpg
    saved data/images/space-wolves-intercessor-with-bolt-rifle,-bolt-pistol-and-chainsword/description/010.jpg
[64/541] scraping dark-angels-intercessor-with-bolt-rifle,-bolt-pistol-and-chainsword
  downloading 18 images...
    saved data/images/dark-angels-intercessor-with-bolt-rifle,-bolt-pistol-and-chainsword/001.jpg
    saved data/images/dark-angels-intercessor-with-bolt-rifle,-bolt-pistol-and-chainsword/002.jpg
    saved data/images/dark-angels-intercessor-with-bolt-rifle,-bolt-pistol-and-chainsword/003.jpg
    saved data/images/dark-angels-intercessor-with-bolt-rifle,-bolt-pistol-and-chainsword/004.jpg
    saved data/images/dark-angels-intercessor-with-bolt-rifle,-bolt-pistol-and-chainsword/005.jpg
    saved data/images/dark-angels-intercessor-with-bolt-rifle,-bolt-pistol-and-chainsword/006.jpg
    saved data/images/dark-angels-intercessor-with-bolt-rifle,-bolt-pistol-and-chainsword/description/001.jpg
    saved data/images/dark-angels-intercessor-with-bolt-rifle,-bolt-pistol-and-chainsword/description/002.jpg
    saved data/images/dark-angels-intercessor-with-bolt-rifle,-bolt-pistol-and-chainsword/description/003.jpg
    saved data/images/dark-angels-intercessor-with-bolt-rifle,-bolt-pistol-and-chainsword/description/004.jpg
    saved data/images/dark-angels-intercessor-with-bolt-rifle,-bolt-pistol-and-chainsword/description/005.jpg
    saved data/images/dark-angels-intercessor-with-bolt-rifle,-bolt-pistol-and-chainsword/description/006.jpg
    saved data/images/dark-angels-intercessor-with-bolt-rifle,-bolt-pistol-and-chainsword/description/007.jpg
    saved data/images/dark-angels-intercessor-with-bolt-rifle,-bolt-pistol-and-chainsword/description/008.jpg
    saved data/images/dark-angels-intercessor-with-bolt-rifle,-bolt-pistol-and-chainsword/description/009.jpg
    saved data/images/dark-angels-intercessor-with-bolt-rifle,-bolt-pistol-and-chainsword/description/010.jpg
    saved data/images/dark-angels-intercessor-with-bolt-rifle,-bolt-pistol-and-chainsword/description/011.jpg
    saved data/images/dark-angels-intercessor-with-bolt-rifle,-bolt-pistol-and-chainsword/description/012.jpg
[65/541] scraping salamanders-intercessor-with-bolt-rifle,-bolt-pistol-and-chainsword
  downloading 17 images...
    saved data/images/salamanders-intercessor-with-bolt-rifle,-bolt-pistol-and-chainsword/001.jpg
    saved data/images/salamanders-intercessor-with-bolt-rifle,-bolt-pistol-and-chainsword/002.jpg
    saved data/images/salamanders-intercessor-with-bolt-rifle,-bolt-pistol-and-chainsword/003.jpg
    saved data/images/salamanders-intercessor-with-bolt-rifle,-bolt-pistol-and-chainsword/004.jpg
    saved data/images/salamanders-intercessor-with-bolt-rifle,-bolt-pistol-and-chainsword/005.jpg
    saved data/images/salamanders-intercessor-with-bolt-rifle,-bolt-pistol-and-chainsword/006.jpg
    saved data/images/salamanders-intercessor-with-bolt-rifle,-bolt-pistol-and-chainsword/007.jpg
    saved data/images/salamanders-intercessor-with-bolt-rifle,-bolt-pistol-and-chainsword/description/001.jpg
    saved data/images/salamanders-intercessor-with-bolt-rifle,-bolt-pistol-and-chainsword/description/002.jpg
    saved data/images/salamanders-intercessor-with-bolt-rifle,-bolt-pistol-and-chainsword/description/003.jpg
    saved data/images/salamanders-intercessor-with-bolt-rifle,-bolt-pistol-and-chainsword/description/004.jpg
    saved data/images/salamanders-intercessor-with-bolt-rifle,-bolt-pistol-and-chainsword/description/005.jpg
    saved data/images/salamanders-intercessor-with-bolt-rifle,-bolt-pistol-and-chainsword/description/006.jpg
    saved data/images/salamanders-intercessor-with-bolt-rifle,-bolt-pistol-and-chainsword/description/007.jpg
    saved data/images/salamanders-intercessor-with-bolt-rifle,-bolt-pistol-and-chainsword/description/008.jpg
    saved data/images/salamanders-intercessor-with-bolt-rifle,-bolt-pistol-and-chainsword/description/009.jpg
    saved data/images/salamanders-intercessor-with-bolt-rifle,-bolt-pistol-and-chainsword/description/010.jpg
[66/541] scraping white-scars-intercessor-with-bolt-rifle,-bolt-pistol-and-chainsword
  downloading 17 images...
    saved data/images/white-scars-intercessor-with-bolt-rifle,-bolt-pistol-and-chainsword/001.jpg
    saved data/images/white-scars-intercessor-with-bolt-rifle,-bolt-pistol-and-chainsword/002.jpg
    saved data/images/white-scars-intercessor-with-bolt-rifle,-bolt-pistol-and-chainsword/003.jpg
    saved data/images/white-scars-intercessor-with-bolt-rifle,-bolt-pistol-and-chainsword/004.jpg
    saved data/images/white-scars-intercessor-with-bolt-rifle,-bolt-pistol-and-chainsword/005.jpg
    saved data/images/white-scars-intercessor-with-bolt-rifle,-bolt-pistol-and-chainsword/006.jpg
    saved data/images/white-scars-intercessor-with-bolt-rifle,-bolt-pistol-and-chainsword/007.jpg
    saved data/images/white-scars-intercessor-with-bolt-rifle,-bolt-pistol-and-chainsword/description/001.jpg
    saved data/images/white-scars-intercessor-with-bolt-rifle,-bolt-pistol-and-chainsword/description/002.jpg
    saved data/images/white-scars-intercessor-with-bolt-rifle,-bolt-pistol-and-chainsword/description/003.jpg
    saved data/images/white-scars-intercessor-with-bolt-rifle,-bolt-pistol-and-chainsword/description/004.jpg
    saved data/images/white-scars-intercessor-with-bolt-rifle,-bolt-pistol-and-chainsword/description/005.jpg
    saved data/images/white-scars-intercessor-with-bolt-rifle,-bolt-pistol-and-chainsword/description/006.jpg
    saved data/images/white-scars-intercessor-with-bolt-rifle,-bolt-pistol-and-chainsword/description/007.jpg
    saved data/images/white-scars-intercessor-with-bolt-rifle,-bolt-pistol-and-chainsword/description/008.jpg
    saved data/images/white-scars-intercessor-with-bolt-rifle,-bolt-pistol-and-chainsword/description/009.jpg
    saved data/images/white-scars-intercessor-with-bolt-rifle,-bolt-pistol-and-chainsword/description/010.jpg
[67/541] scraping raven-guard-intercessor-with-bolt-rifle,-bolt-pistol-and-chainsword
  downloading 17 images...
    saved data/images/raven-guard-intercessor-with-bolt-rifle,-bolt-pistol-and-chainsword/001.jpg
    saved data/images/raven-guard-intercessor-with-bolt-rifle,-bolt-pistol-and-chainsword/002.jpg
    saved data/images/raven-guard-intercessor-with-bolt-rifle,-bolt-pistol-and-chainsword/003.jpg
    saved data/images/raven-guard-intercessor-with-bolt-rifle,-bolt-pistol-and-chainsword/004.jpg
    saved data/images/raven-guard-intercessor-with-bolt-rifle,-bolt-pistol-and-chainsword/005.jpg
    saved data/images/raven-guard-intercessor-with-bolt-rifle,-bolt-pistol-and-chainsword/006.jpg
    saved data/images/raven-guard-intercessor-with-bolt-rifle,-bolt-pistol-and-chainsword/007.jpg
    saved data/images/raven-guard-intercessor-with-bolt-rifle,-bolt-pistol-and-chainsword/description/001.jpg
    saved data/images/raven-guard-intercessor-with-bolt-rifle,-bolt-pistol-and-chainsword/description/002.jpg
    saved data/images/raven-guard-intercessor-with-bolt-rifle,-bolt-pistol-and-chainsword/description/003.jpg
    saved data/images/raven-guard-intercessor-with-bolt-rifle,-bolt-pistol-and-chainsword/description/004.jpg
    saved data/images/raven-guard-intercessor-with-bolt-rifle,-bolt-pistol-and-chainsword/description/005.jpg
    saved data/images/raven-guard-intercessor-with-bolt-rifle,-bolt-pistol-and-chainsword/description/006.jpg
    saved data/images/raven-guard-intercessor-with-bolt-rifle,-bolt-pistol-and-chainsword/description/007.jpg
    saved data/images/raven-guard-intercessor-with-bolt-rifle,-bolt-pistol-and-chainsword/description/008.jpg
    saved data/images/raven-guard-intercessor-with-bolt-rifle,-bolt-pistol-and-chainsword/description/009.jpg
    saved data/images/raven-guard-intercessor-with-bolt-rifle,-bolt-pistol-and-chainsword/description/010.jpg
[68/541] scraping black-templars-intercessor-with-bolt-rifle,-bolt-pistol-and-chainsword
  downloading 17 images...
    saved data/images/black-templars-intercessor-with-bolt-rifle,-bolt-pistol-and-chainsword/001.jpg
    saved data/images/black-templars-intercessor-with-bolt-rifle,-bolt-pistol-and-chainsword/002.jpg
    saved data/images/black-templars-intercessor-with-bolt-rifle,-bolt-pistol-and-chainsword/003.jpg
    saved data/images/black-templars-intercessor-with-bolt-rifle,-bolt-pistol-and-chainsword/004.jpg
    saved data/images/black-templars-intercessor-with-bolt-rifle,-bolt-pistol-and-chainsword/005.jpg
    saved data/images/black-templars-intercessor-with-bolt-rifle,-bolt-pistol-and-chainsword/006.jpg
    saved data/images/black-templars-intercessor-with-bolt-rifle,-bolt-pistol-and-chainsword/007.jpg
    saved data/images/black-templars-intercessor-with-bolt-rifle,-bolt-pistol-and-chainsword/description/001.jpg
    saved data/images/black-templars-intercessor-with-bolt-rifle,-bolt-pistol-and-chainsword/description/002.jpg
    saved data/images/black-templars-intercessor-with-bolt-rifle,-bolt-pistol-and-chainsword/description/003.jpg
    saved data/images/black-templars-intercessor-with-bolt-rifle,-bolt-pistol-and-chainsword/description/004.jpg
    saved data/images/black-templars-intercessor-with-bolt-rifle,-bolt-pistol-and-chainsword/description/005.jpg
    saved data/images/black-templars-intercessor-with-bolt-rifle,-bolt-pistol-and-chainsword/description/006.jpg
    saved data/images/black-templars-intercessor-with-bolt-rifle,-bolt-pistol-and-chainsword/description/007.jpg
    saved data/images/black-templars-intercessor-with-bolt-rifle,-bolt-pistol-and-chainsword/description/008.jpg
    saved data/images/black-templars-intercessor-with-bolt-rifle,-bolt-pistol-and-chainsword/description/009.jpg
    saved data/images/black-templars-intercessor-with-bolt-rifle,-bolt-pistol-and-chainsword/description/010.jpg
[69/541] scraping death-guard-tallyman-with-plasma-pistol
  downloading 17 images...
    saved data/images/death-guard-tallyman-with-plasma-pistol/001.jpg
    saved data/images/death-guard-tallyman-with-plasma-pistol/002.jpg
    saved data/images/death-guard-tallyman-with-plasma-pistol/003.jpg
    saved data/images/death-guard-tallyman-with-plasma-pistol/004.jpg
    saved data/images/death-guard-tallyman-with-plasma-pistol/005.jpg
    saved data/images/death-guard-tallyman-with-plasma-pistol/006.jpg
    saved data/images/death-guard-tallyman-with-plasma-pistol/007.jpg
    saved data/images/death-guard-tallyman-with-plasma-pistol/description/001.jpg
    saved data/images/death-guard-tallyman-with-plasma-pistol/description/002.jpg
    saved data/images/death-guard-tallyman-with-plasma-pistol/description/003.jpg
    saved data/images/death-guard-tallyman-with-plasma-pistol/description/004.jpg
    saved data/images/death-guard-tallyman-with-plasma-pistol/description/005.jpg
    saved data/images/death-guard-tallyman-with-plasma-pistol/description/006.jpg
    saved data/images/death-guard-tallyman-with-plasma-pistol/description/007.jpg
    saved data/images/death-guard-tallyman-with-plasma-pistol/description/008.jpg
    saved data/images/death-guard-tallyman-with-plasma-pistol/description/009.jpg
    saved data/images/death-guard-tallyman-with-plasma-pistol/description/010.jpg
[70/541] scraping death-guard-biologus-putrifier-with-injector-pistol-and-hyper-blight-grenades
  downloading 18 images...
    saved data/images/death-guard-biologus-putrifier-with-injector-pistol-and-hyper-blight-grenades/001.jpg
    saved data/images/death-guard-biologus-putrifier-with-injector-pistol-and-hyper-blight-grenades/002.jpg
    saved data/images/death-guard-biologus-putrifier-with-injector-pistol-and-hyper-blight-grenades/003.jpg
    saved data/images/death-guard-biologus-putrifier-with-injector-pistol-and-hyper-blight-grenades/004.jpg
    saved data/images/death-guard-biologus-putrifier-with-injector-pistol-and-hyper-blight-grenades/005.jpg
    saved data/images/death-guard-biologus-putrifier-with-injector-pistol-and-hyper-blight-grenades/006.jpg
    saved data/images/death-guard-biologus-putrifier-with-injector-pistol-and-hyper-blight-grenades/007.jpg
    saved data/images/death-guard-biologus-putrifier-with-injector-pistol-and-hyper-blight-grenades/description/001.jpg
    saved data/images/death-guard-biologus-putrifier-with-injector-pistol-and-hyper-blight-grenades/description/002.jpg
    saved data/images/death-guard-biologus-putrifier-with-injector-pistol-and-hyper-blight-grenades/description/003.jpg
    saved data/images/death-guard-biologus-putrifier-with-injector-pistol-and-hyper-blight-grenades/description/004.jpg
    saved data/images/death-guard-biologus-putrifier-with-injector-pistol-and-hyper-blight-grenades/description/005.jpg
    saved data/images/death-guard-biologus-putrifier-with-injector-pistol-and-hyper-blight-grenades/description/006.jpg
    saved data/images/death-guard-biologus-putrifier-with-injector-pistol-and-hyper-blight-grenades/description/007.jpg
    saved data/images/death-guard-biologus-putrifier-with-injector-pistol-and-hyper-blight-grenades/description/008.jpg
    saved data/images/death-guard-biologus-putrifier-with-injector-pistol-and-hyper-blight-grenades/description/009.jpg
    saved data/images/death-guard-biologus-putrifier-with-injector-pistol-and-hyper-blight-grenades/description/010.jpg
    saved data/images/death-guard-biologus-putrifier-with-injector-pistol-and-hyper-blight-grenades/description/011.jpg
[71/541] scraping lron-warriors-warsmith-with-graviton-crusher-hammer
  downloading 18 images...
    saved data/images/lron-warriors-warsmith-with-graviton-crusher-hammer/001.jpg
    saved data/images/lron-warriors-warsmith-with-graviton-crusher-hammer/002.jpg
    saved data/images/lron-warriors-warsmith-with-graviton-crusher-hammer/003.jpg
    saved data/images/lron-warriors-warsmith-with-graviton-crusher-hammer/004.jpg
    saved data/images/lron-warriors-warsmith-with-graviton-crusher-hammer/005.jpg
    saved data/images/lron-warriors-warsmith-with-graviton-crusher-hammer/006.jpg
    saved data/images/lron-warriors-warsmith-with-graviton-crusher-hammer/007.jpg
    saved data/images/lron-warriors-warsmith-with-graviton-crusher-hammer/description/001.jpg
    saved data/images/lron-warriors-warsmith-with-graviton-crusher-hammer/description/002.jpg
    saved data/images/lron-warriors-warsmith-with-graviton-crusher-hammer/description/003.jpg
    saved data/images/lron-warriors-warsmith-with-graviton-crusher-hammer/description/004.jpg
    saved data/images/lron-warriors-warsmith-with-graviton-crusher-hammer/description/005.jpg
    saved data/images/lron-warriors-warsmith-with-graviton-crusher-hammer/description/006.jpg
    saved data/images/lron-warriors-warsmith-with-graviton-crusher-hammer/description/007.jpg
    saved data/images/lron-warriors-warsmith-with-graviton-crusher-hammer/description/008.jpg
    saved data/images/lron-warriors-warsmith-with-graviton-crusher-hammer/description/009.jpg
    saved data/images/lron-warriors-warsmith-with-graviton-crusher-hammer/description/010.jpg
    saved data/images/lron-warriors-warsmith-with-graviton-crusher-hammer/description/011.jpg
[72/541] scraping iron-warriors-legion-praevian-with-bolt-pistol
  downloading 18 images...
    saved data/images/iron-warriors-legion-praevian-with-bolt-pistol/001.jpg
    saved data/images/iron-warriors-legion-praevian-with-bolt-pistol/002.jpg
    saved data/images/iron-warriors-legion-praevian-with-bolt-pistol/003.jpg
    saved data/images/iron-warriors-legion-praevian-with-bolt-pistol/004.jpg
    saved data/images/iron-warriors-legion-praevian-with-bolt-pistol/005.jpg
    saved data/images/iron-warriors-legion-praevian-with-bolt-pistol/006.jpg
    saved data/images/iron-warriors-legion-praevian-with-bolt-pistol/007.jpg
    saved data/images/iron-warriors-legion-praevian-with-bolt-pistol/description/001.jpg
    saved data/images/iron-warriors-legion-praevian-with-bolt-pistol/description/002.jpg
    saved data/images/iron-warriors-legion-praevian-with-bolt-pistol/description/003.jpg
    saved data/images/iron-warriors-legion-praevian-with-bolt-pistol/description/004.jpg
    saved data/images/iron-warriors-legion-praevian-with-bolt-pistol/description/005.jpg
    saved data/images/iron-warriors-legion-praevian-with-bolt-pistol/description/006.jpg
    saved data/images/iron-warriors-legion-praevian-with-bolt-pistol/description/007.jpg
    saved data/images/iron-warriors-legion-praevian-with-bolt-pistol/description/008.jpg
    saved data/images/iron-warriors-legion-praevian-with-bolt-pistol/description/009.jpg
    saved data/images/iron-warriors-legion-praevian-with-bolt-pistol/description/010.jpg
    saved data/images/iron-warriors-legion-praevian-with-bolt-pistol/description/011.jpg
[73/541] scraping sons-of-horus-vheren-ashurhaddon-master-of-the-true-sons-with-the-axe-serpentis
  downloading 18 images...
    saved data/images/sons-of-horus-vheren-ashurhaddon-master-of-the-true-sons-with-the-axe-serpentis/001.jpg
    saved data/images/sons-of-horus-vheren-ashurhaddon-master-of-the-true-sons-with-the-axe-serpentis/002.jpg
    saved data/images/sons-of-horus-vheren-ashurhaddon-master-of-the-true-sons-with-the-axe-serpentis/003.jpg
    saved data/images/sons-of-horus-vheren-ashurhaddon-master-of-the-true-sons-with-the-axe-serpentis/004.jpg
    saved data/images/sons-of-horus-vheren-ashurhaddon-master-of-the-true-sons-with-the-axe-serpentis/005.jpg
    saved data/images/sons-of-horus-vheren-ashurhaddon-master-of-the-true-sons-with-the-axe-serpentis/006.jpg
    saved data/images/sons-of-horus-vheren-ashurhaddon-master-of-the-true-sons-with-the-axe-serpentis/007.jpg
    saved data/images/sons-of-horus-vheren-ashurhaddon-master-of-the-true-sons-with-the-axe-serpentis/description/001.jpg
    saved data/images/sons-of-horus-vheren-ashurhaddon-master-of-the-true-sons-with-the-axe-serpentis/description/002.jpg
    saved data/images/sons-of-horus-vheren-ashurhaddon-master-of-the-true-sons-with-the-axe-serpentis/description/003.jpg
    saved data/images/sons-of-horus-vheren-ashurhaddon-master-of-the-true-sons-with-the-axe-serpentis/description/004.jpg
    saved data/images/sons-of-horus-vheren-ashurhaddon-master-of-the-true-sons-with-the-axe-serpentis/description/005.jpg
    saved data/images/sons-of-horus-vheren-ashurhaddon-master-of-the-true-sons-with-the-axe-serpentis/description/006.jpg
    saved data/images/sons-of-horus-vheren-ashurhaddon-master-of-the-true-sons-with-the-axe-serpentis/description/007.jpg
    saved data/images/sons-of-horus-vheren-ashurhaddon-master-of-the-true-sons-with-the-axe-serpentis/description/008.jpg
    saved data/images/sons-of-horus-vheren-ashurhaddon-master-of-the-true-sons-with-the-axe-serpentis/description/009.jpg
    saved data/images/sons-of-horus-vheren-ashurhaddon-master-of-the-true-sons-with-the-axe-serpentis/description/010.jpg
    saved data/images/sons-of-horus-vheren-ashurhaddon-master-of-the-true-sons-with-the-axe-serpentis/description/011.jpg
[74/541] scraping sons-of-horus-dark-emissary-consul-with-staff-of-dark-authority
  downloading 18 images...
    saved data/images/sons-of-horus-dark-emissary-consul-with-staff-of-dark-authority/001.jpg
    saved data/images/sons-of-horus-dark-emissary-consul-with-staff-of-dark-authority/002.jpg
    saved data/images/sons-of-horus-dark-emissary-consul-with-staff-of-dark-authority/003.jpg
    saved data/images/sons-of-horus-dark-emissary-consul-with-staff-of-dark-authority/004.jpg
    saved data/images/sons-of-horus-dark-emissary-consul-with-staff-of-dark-authority/005.jpg
    saved data/images/sons-of-horus-dark-emissary-consul-with-staff-of-dark-authority/006.jpg
    saved data/images/sons-of-horus-dark-emissary-consul-with-staff-of-dark-authority/007.jpg
    saved data/images/sons-of-horus-dark-emissary-consul-with-staff-of-dark-authority/description/001.jpg
    saved data/images/sons-of-horus-dark-emissary-consul-with-staff-of-dark-authority/description/002.jpg
    saved data/images/sons-of-horus-dark-emissary-consul-with-staff-of-dark-authority/description/003.jpg
    saved data/images/sons-of-horus-dark-emissary-consul-with-staff-of-dark-authority/description/004.jpg
    saved data/images/sons-of-horus-dark-emissary-consul-with-staff-of-dark-authority/description/005.jpg
    saved data/images/sons-of-horus-dark-emissary-consul-with-staff-of-dark-authority/description/006.jpg
    saved data/images/sons-of-horus-dark-emissary-consul-with-staff-of-dark-authority/description/007.jpg
    saved data/images/sons-of-horus-dark-emissary-consul-with-staff-of-dark-authority/description/008.jpg
    saved data/images/sons-of-horus-dark-emissary-consul-with-staff-of-dark-authority/description/009.jpg
    saved data/images/sons-of-horus-dark-emissary-consul-with-staff-of-dark-authority/description/010.jpg
    saved data/images/sons-of-horus-dark-emissary-consul-with-staff-of-dark-authority/description/011.jpg
[75/541] scraping raven-guard-contemptor-dreadnought-with-gravis-autocannon-and-chainfist
  downloading 16 images...
    saved data/images/raven-guard-contemptor-dreadnought-with-gravis-autocannon-and-chainfist/001.jpg
    saved data/images/raven-guard-contemptor-dreadnought-with-gravis-autocannon-and-chainfist/002.jpg
    saved data/images/raven-guard-contemptor-dreadnought-with-gravis-autocannon-and-chainfist/003.jpg
    saved data/images/raven-guard-contemptor-dreadnought-with-gravis-autocannon-and-chainfist/004.jpg
    saved data/images/raven-guard-contemptor-dreadnought-with-gravis-autocannon-and-chainfist/005.jpg
    saved data/images/raven-guard-contemptor-dreadnought-with-gravis-autocannon-and-chainfist/006.jpg
    saved data/images/raven-guard-contemptor-dreadnought-with-gravis-autocannon-and-chainfist/description/001.jpg
    saved data/images/raven-guard-contemptor-dreadnought-with-gravis-autocannon-and-chainfist/description/002.jpg
    saved data/images/raven-guard-contemptor-dreadnought-with-gravis-autocannon-and-chainfist/description/003.jpg
    saved data/images/raven-guard-contemptor-dreadnought-with-gravis-autocannon-and-chainfist/description/004.jpg
    saved data/images/raven-guard-contemptor-dreadnought-with-gravis-autocannon-and-chainfist/description/005.jpg
    saved data/images/raven-guard-contemptor-dreadnought-with-gravis-autocannon-and-chainfist/description/006.jpg
    saved data/images/raven-guard-contemptor-dreadnought-with-gravis-autocannon-and-chainfist/description/007.jpg
    saved data/images/raven-guard-contemptor-dreadnought-with-gravis-autocannon-and-chainfist/description/008.jpg
    saved data/images/raven-guard-contemptor-dreadnought-with-gravis-autocannon-and-chainfist/description/009.jpg
    saved data/images/raven-guard-contemptor-dreadnought-with-gravis-autocannon-and-chainfist/description/010.jpg
[76/541] scraping raven-guard-dark-fury,-chooser-of-the-slain-with-ravens-talon-claws
  downloading 18 images...
    saved data/images/raven-guard-dark-fury,-chooser-of-the-slain-with-ravens-talon-claws/001.jpg
    saved data/images/raven-guard-dark-fury,-chooser-of-the-slain-with-ravens-talon-claws/002.jpg
    saved data/images/raven-guard-dark-fury,-chooser-of-the-slain-with-ravens-talon-claws/003.jpg
    saved data/images/raven-guard-dark-fury,-chooser-of-the-slain-with-ravens-talon-claws/004.jpg
    saved data/images/raven-guard-dark-fury,-chooser-of-the-slain-with-ravens-talon-claws/005.jpg
    saved data/images/raven-guard-dark-fury,-chooser-of-the-slain-with-ravens-talon-claws/006.jpg
    saved data/images/raven-guard-dark-fury,-chooser-of-the-slain-with-ravens-talon-claws/007.jpg
    saved data/images/raven-guard-dark-fury,-chooser-of-the-slain-with-ravens-talon-claws/description/001.jpg
    saved data/images/raven-guard-dark-fury,-chooser-of-the-slain-with-ravens-talon-claws/description/002.jpg
    saved data/images/raven-guard-dark-fury,-chooser-of-the-slain-with-ravens-talon-claws/description/003.jpg
    saved data/images/raven-guard-dark-fury,-chooser-of-the-slain-with-ravens-talon-claws/description/004.jpg
    saved data/images/raven-guard-dark-fury,-chooser-of-the-slain-with-ravens-talon-claws/description/005.jpg
    saved data/images/raven-guard-dark-fury,-chooser-of-the-slain-with-ravens-talon-claws/description/006.jpg
    saved data/images/raven-guard-dark-fury,-chooser-of-the-slain-with-ravens-talon-claws/description/007.jpg
    saved data/images/raven-guard-dark-fury,-chooser-of-the-slain-with-ravens-talon-claws/description/008.jpg
    saved data/images/raven-guard-dark-fury,-chooser-of-the-slain-with-ravens-talon-claws/description/009.jpg
    saved data/images/raven-guard-dark-fury,-chooser-of-the-slain-with-ravens-talon-claws/description/010.jpg
    saved data/images/raven-guard-dark-fury,-chooser-of-the-slain-with-ravens-talon-claws/description/011.jpg
[77/541] scraping raven-guard-dark-fury-with-lightning-claws
  downloading 17 images...
    saved data/images/raven-guard-dark-fury-with-lightning-claws/001.jpg
    saved data/images/raven-guard-dark-fury-with-lightning-claws/002.jpg
    saved data/images/raven-guard-dark-fury-with-lightning-claws/003.jpg
    saved data/images/raven-guard-dark-fury-with-lightning-claws/004.jpg
    saved data/images/raven-guard-dark-fury-with-lightning-claws/005.jpg
    saved data/images/raven-guard-dark-fury-with-lightning-claws/006.jpg
    saved data/images/raven-guard-dark-fury-with-lightning-claws/007.jpg
    saved data/images/raven-guard-dark-fury-with-lightning-claws/description/001.jpg
    saved data/images/raven-guard-dark-fury-with-lightning-claws/description/002.jpg
    saved data/images/raven-guard-dark-fury-with-lightning-claws/description/003.jpg
    saved data/images/raven-guard-dark-fury-with-lightning-claws/description/004.jpg
    saved data/images/raven-guard-dark-fury-with-lightning-claws/description/005.jpg
    saved data/images/raven-guard-dark-fury-with-lightning-claws/description/006.jpg
    saved data/images/raven-guard-dark-fury-with-lightning-claws/description/007.jpg
    saved data/images/raven-guard-dark-fury-with-lightning-claws/description/008.jpg
    saved data/images/raven-guard-dark-fury-with-lightning-claws/description/009.jpg
    saved data/images/raven-guard-dark-fury-with-lightning-claws/description/010.jpg
[78/541] scraping raven-guard-mor-deythan-shade-with-nemesis-bolt-rifle
  downloading 17 images...
    saved data/images/raven-guard-mor-deythan-shade-with-nemesis-bolt-rifle/001.jpg
    saved data/images/raven-guard-mor-deythan-shade-with-nemesis-bolt-rifle/002.jpg
    saved data/images/raven-guard-mor-deythan-shade-with-nemesis-bolt-rifle/003.jpg
    saved data/images/raven-guard-mor-deythan-shade-with-nemesis-bolt-rifle/004.jpg
    saved data/images/raven-guard-mor-deythan-shade-with-nemesis-bolt-rifle/005.jpg
    saved data/images/raven-guard-mor-deythan-shade-with-nemesis-bolt-rifle/006.jpg
    saved data/images/raven-guard-mor-deythan-shade-with-nemesis-bolt-rifle/007.jpg
    saved data/images/raven-guard-mor-deythan-shade-with-nemesis-bolt-rifle/description/001.jpg
    saved data/images/raven-guard-mor-deythan-shade-with-nemesis-bolt-rifle/description/002.jpg
    saved data/images/raven-guard-mor-deythan-shade-with-nemesis-bolt-rifle/description/003.jpg
    saved data/images/raven-guard-mor-deythan-shade-with-nemesis-bolt-rifle/description/004.jpg
    saved data/images/raven-guard-mor-deythan-shade-with-nemesis-bolt-rifle/description/005.jpg
    saved data/images/raven-guard-mor-deythan-shade-with-nemesis-bolt-rifle/description/006.jpg
    saved data/images/raven-guard-mor-deythan-shade-with-nemesis-bolt-rifle/description/007.jpg
    saved data/images/raven-guard-mor-deythan-shade-with-nemesis-bolt-rifle/description/008.jpg
    saved data/images/raven-guard-mor-deythan-shade-with-nemesis-bolt-rifle/description/009.jpg
    saved data/images/raven-guard-mor-deythan-shade-with-nemesis-bolt-rifle/description/010.jpg
[79/541] scraping raven-guard-mor-deythan-with-nemesis-bolt-rifle
  downloading 16 images...
    saved data/images/raven-guard-mor-deythan-with-nemesis-bolt-rifle/001.jpg
    saved data/images/raven-guard-mor-deythan-with-nemesis-bolt-rifle/002.jpg
    saved data/images/raven-guard-mor-deythan-with-nemesis-bolt-rifle/003.jpg
    saved data/images/raven-guard-mor-deythan-with-nemesis-bolt-rifle/004.jpg
    saved data/images/raven-guard-mor-deythan-with-nemesis-bolt-rifle/005.jpg
    saved data/images/raven-guard-mor-deythan-with-nemesis-bolt-rifle/006.jpg
    saved data/images/raven-guard-mor-deythan-with-nemesis-bolt-rifle/007.jpg
    saved data/images/raven-guard-mor-deythan-with-nemesis-bolt-rifle/description/001.jpg
    saved data/images/raven-guard-mor-deythan-with-nemesis-bolt-rifle/description/002.jpg
    saved data/images/raven-guard-mor-deythan-with-nemesis-bolt-rifle/description/003.jpg
    saved data/images/raven-guard-mor-deythan-with-nemesis-bolt-rifle/description/004.jpg
    saved data/images/raven-guard-mor-deythan-with-nemesis-bolt-rifle/description/005.jpg
    saved data/images/raven-guard-mor-deythan-with-nemesis-bolt-rifle/description/006.jpg
    saved data/images/raven-guard-mor-deythan-with-nemesis-bolt-rifle/description/007.jpg
    saved data/images/raven-guard-mor-deythan-with-nemesis-bolt-rifle/description/008.jpg
    saved data/images/raven-guard-mor-deythan-with-nemesis-bolt-rifle/description/009.jpg
[80/541] scraping raven-guard-mkvl-tactical-sergeant-with-power-sword,-bolter-and-plasma-pistol
  downloading 18 images...
    saved data/images/raven-guard-mkvl-tactical-sergeant-with-power-sword,-bolter-and-plasma-pistol/001.jpg
    saved data/images/raven-guard-mkvl-tactical-sergeant-with-power-sword,-bolter-and-plasma-pistol/002.jpg
    saved data/images/raven-guard-mkvl-tactical-sergeant-with-power-sword,-bolter-and-plasma-pistol/003.jpg
    saved data/images/raven-guard-mkvl-tactical-sergeant-with-power-sword,-bolter-and-plasma-pistol/004.jpg
    saved data/images/raven-guard-mkvl-tactical-sergeant-with-power-sword,-bolter-and-plasma-pistol/005.jpg
    saved data/images/raven-guard-mkvl-tactical-sergeant-with-power-sword,-bolter-and-plasma-pistol/006.jpg
    saved data/images/raven-guard-mkvl-tactical-sergeant-with-power-sword,-bolter-and-plasma-pistol/007.jpg
    saved data/images/raven-guard-mkvl-tactical-sergeant-with-power-sword,-bolter-and-plasma-pistol/description/001.jpg
    saved data/images/raven-guard-mkvl-tactical-sergeant-with-power-sword,-bolter-and-plasma-pistol/description/002.jpg
    saved data/images/raven-guard-mkvl-tactical-sergeant-with-power-sword,-bolter-and-plasma-pistol/description/003.jpg
    saved data/images/raven-guard-mkvl-tactical-sergeant-with-power-sword,-bolter-and-plasma-pistol/description/004.jpg
    saved data/images/raven-guard-mkvl-tactical-sergeant-with-power-sword,-bolter-and-plasma-pistol/description/005.jpg
    saved data/images/raven-guard-mkvl-tactical-sergeant-with-power-sword,-bolter-and-plasma-pistol/description/006.jpg
    saved data/images/raven-guard-mkvl-tactical-sergeant-with-power-sword,-bolter-and-plasma-pistol/description/007.jpg
    saved data/images/raven-guard-mkvl-tactical-sergeant-with-power-sword,-bolter-and-plasma-pistol/description/008.jpg
    saved data/images/raven-guard-mkvl-tactical-sergeant-with-power-sword,-bolter-and-plasma-pistol/description/009.jpg
    saved data/images/raven-guard-mkvl-tactical-sergeant-with-power-sword,-bolter-and-plasma-pistol/description/010.jpg
    saved data/images/raven-guard-mkvl-tactical-sergeant-with-power-sword,-bolter-and-plasma-pistol/description/011.jpg
[81/541] scraping raven-guard-mk-ill-tactical-legionary-with-bolter-and-bolt-pistol
  downloading 17 images...
    saved data/images/raven-guard-mk-ill-tactical-legionary-with-bolter-and-bolt-pistol/001.jpg
    saved data/images/raven-guard-mk-ill-tactical-legionary-with-bolter-and-bolt-pistol/002.jpg
    saved data/images/raven-guard-mk-ill-tactical-legionary-with-bolter-and-bolt-pistol/003.jpg
    saved data/images/raven-guard-mk-ill-tactical-legionary-with-bolter-and-bolt-pistol/004.jpg
    saved data/images/raven-guard-mk-ill-tactical-legionary-with-bolter-and-bolt-pistol/005.jpg
    saved data/images/raven-guard-mk-ill-tactical-legionary-with-bolter-and-bolt-pistol/006.jpg
    saved data/images/raven-guard-mk-ill-tactical-legionary-with-bolter-and-bolt-pistol/007.jpg
    saved data/images/raven-guard-mk-ill-tactical-legionary-with-bolter-and-bolt-pistol/description/001.jpg
    saved data/images/raven-guard-mk-ill-tactical-legionary-with-bolter-and-bolt-pistol/description/002.jpg
    saved data/images/raven-guard-mk-ill-tactical-legionary-with-bolter-and-bolt-pistol/description/003.jpg
    saved data/images/raven-guard-mk-ill-tactical-legionary-with-bolter-and-bolt-pistol/description/004.jpg
    saved data/images/raven-guard-mk-ill-tactical-legionary-with-bolter-and-bolt-pistol/description/005.jpg
    saved data/images/raven-guard-mk-ill-tactical-legionary-with-bolter-and-bolt-pistol/description/006.jpg
    saved data/images/raven-guard-mk-ill-tactical-legionary-with-bolter-and-bolt-pistol/description/007.jpg
    saved data/images/raven-guard-mk-ill-tactical-legionary-with-bolter-and-bolt-pistol/description/008.jpg
    saved data/images/raven-guard-mk-ill-tactical-legionary-with-bolter-and-bolt-pistol/description/009.jpg
    saved data/images/raven-guard-mk-ill-tactical-legionary-with-bolter-and-bolt-pistol/description/010.jpg
[82/541] scraping game-edition-black-templars-heavy-intercessor-with-heavy-bolt-rifle-and-bolt-pistol
  downloading 17 images...
    saved data/images/game-edition-black-templars-heavy-intercessor-with-heavy-bolt-rifle-and-bolt-pistol/001.jpg
    saved data/images/game-edition-black-templars-heavy-intercessor-with-heavy-bolt-rifle-and-bolt-pistol/002.jpg
    saved data/images/game-edition-black-templars-heavy-intercessor-with-heavy-bolt-rifle-and-bolt-pistol/003.jpg
    saved data/images/game-edition-black-templars-heavy-intercessor-with-heavy-bolt-rifle-and-bolt-pistol/004.jpg
    saved data/images/game-edition-black-templars-heavy-intercessor-with-heavy-bolt-rifle-and-bolt-pistol/005.jpg
    saved data/images/game-edition-black-templars-heavy-intercessor-with-heavy-bolt-rifle-and-bolt-pistol/006.jpg
    saved data/images/game-edition-black-templars-heavy-intercessor-with-heavy-bolt-rifle-and-bolt-pistol/description/001.jpg
    saved data/images/game-edition-black-templars-heavy-intercessor-with-heavy-bolt-rifle-and-bolt-pistol/description/002.jpg
    saved data/images/game-edition-black-templars-heavy-intercessor-with-heavy-bolt-rifle-and-bolt-pistol/description/003.jpg
    saved data/images/game-edition-black-templars-heavy-intercessor-with-heavy-bolt-rifle-and-bolt-pistol/description/004.jpg
    saved data/images/game-edition-black-templars-heavy-intercessor-with-heavy-bolt-rifle-and-bolt-pistol/description/005.jpg
    saved data/images/game-edition-black-templars-heavy-intercessor-with-heavy-bolt-rifle-and-bolt-pistol/description/006.jpg
    saved data/images/game-edition-black-templars-heavy-intercessor-with-heavy-bolt-rifle-and-bolt-pistol/description/007.jpg
    saved data/images/game-edition-black-templars-heavy-intercessor-with-heavy-bolt-rifle-and-bolt-pistol/description/008.jpg
    saved data/images/game-edition-black-templars-heavy-intercessor-with-heavy-bolt-rifle-and-bolt-pistol/description/009.jpg
    saved data/images/game-edition-black-templars-heavy-intercessor-with-heavy-bolt-rifle-and-bolt-pistol/description/010.jpg
    saved data/images/game-edition-black-templars-heavy-intercessor-with-heavy-bolt-rifle-and-bolt-pistol/description/011.jpg
[83/541] scraping game-edition-iron-hands-heavy-intercessor-with-heavy-bolt-rifle-and-bolt-pistol
  downloading 16 images...
    saved data/images/game-edition-iron-hands-heavy-intercessor-with-heavy-bolt-rifle-and-bolt-pistol/001.jpg
    saved data/images/game-edition-iron-hands-heavy-intercessor-with-heavy-bolt-rifle-and-bolt-pistol/002.jpg
    saved data/images/game-edition-iron-hands-heavy-intercessor-with-heavy-bolt-rifle-and-bolt-pistol/003.jpg
    saved data/images/game-edition-iron-hands-heavy-intercessor-with-heavy-bolt-rifle-and-bolt-pistol/004.jpg
    saved data/images/game-edition-iron-hands-heavy-intercessor-with-heavy-bolt-rifle-and-bolt-pistol/005.jpg
    saved data/images/game-edition-iron-hands-heavy-intercessor-with-heavy-bolt-rifle-and-bolt-pistol/006.jpg
    saved data/images/game-edition-iron-hands-heavy-intercessor-with-heavy-bolt-rifle-and-bolt-pistol/description/001.jpg
    saved data/images/game-edition-iron-hands-heavy-intercessor-with-heavy-bolt-rifle-and-bolt-pistol/description/002.jpg
    saved data/images/game-edition-iron-hands-heavy-intercessor-with-heavy-bolt-rifle-and-bolt-pistol/description/003.jpg
    saved data/images/game-edition-iron-hands-heavy-intercessor-with-heavy-bolt-rifle-and-bolt-pistol/description/004.jpg
    saved data/images/game-edition-iron-hands-heavy-intercessor-with-heavy-bolt-rifle-and-bolt-pistol/description/005.jpg
    saved data/images/game-edition-iron-hands-heavy-intercessor-with-heavy-bolt-rifle-and-bolt-pistol/description/006.jpg
    saved data/images/game-edition-iron-hands-heavy-intercessor-with-heavy-bolt-rifle-and-bolt-pistol/description/007.jpg
    saved data/images/game-edition-iron-hands-heavy-intercessor-with-heavy-bolt-rifle-and-bolt-pistol/description/008.jpg
    saved data/images/game-edition-iron-hands-heavy-intercessor-with-heavy-bolt-rifle-and-bolt-pistol/description/009.jpg
    saved data/images/game-edition-iron-hands-heavy-intercessor-with-heavy-bolt-rifle-and-bolt-pistol/description/010.jpg
[84/541] scraping game-edition-raven-guard-heavy-intercessor-with-heavy-bolt-rifle-and-bolt-pistol
  downloading 16 images...
    saved data/images/game-edition-raven-guard-heavy-intercessor-with-heavy-bolt-rifle-and-bolt-pistol/001.jpg
    saved data/images/game-edition-raven-guard-heavy-intercessor-with-heavy-bolt-rifle-and-bolt-pistol/002.jpg
    saved data/images/game-edition-raven-guard-heavy-intercessor-with-heavy-bolt-rifle-and-bolt-pistol/003.jpg
    saved data/images/game-edition-raven-guard-heavy-intercessor-with-heavy-bolt-rifle-and-bolt-pistol/004.jpg
    saved data/images/game-edition-raven-guard-heavy-intercessor-with-heavy-bolt-rifle-and-bolt-pistol/005.jpg
    saved data/images/game-edition-raven-guard-heavy-intercessor-with-heavy-bolt-rifle-and-bolt-pistol/006.jpg
    saved data/images/game-edition-raven-guard-heavy-intercessor-with-heavy-bolt-rifle-and-bolt-pistol/description/001.jpg
    saved data/images/game-edition-raven-guard-heavy-intercessor-with-heavy-bolt-rifle-and-bolt-pistol/description/002.jpg
    saved data/images/game-edition-raven-guard-heavy-intercessor-with-heavy-bolt-rifle-and-bolt-pistol/description/003.jpg
    saved data/images/game-edition-raven-guard-heavy-intercessor-with-heavy-bolt-rifle-and-bolt-pistol/description/004.jpg
    saved data/images/game-edition-raven-guard-heavy-intercessor-with-heavy-bolt-rifle-and-bolt-pistol/description/005.jpg
    saved data/images/game-edition-raven-guard-heavy-intercessor-with-heavy-bolt-rifle-and-bolt-pistol/description/006.jpg
    saved data/images/game-edition-raven-guard-heavy-intercessor-with-heavy-bolt-rifle-and-bolt-pistol/description/007.jpg
    saved data/images/game-edition-raven-guard-heavy-intercessor-with-heavy-bolt-rifle-and-bolt-pistol/description/008.jpg
    saved data/images/game-edition-raven-guard-heavy-intercessor-with-heavy-bolt-rifle-and-bolt-pistol/description/009.jpg
    saved data/images/game-edition-raven-guard-heavy-intercessor-with-heavy-bolt-rifle-and-bolt-pistol/description/010.jpg
[85/541] scraping game-edition-white-scars-heavy-intercessor-with-heavy-bolt-rifle-and-bolt-pistol
  downloading 16 images...
    saved data/images/game-edition-white-scars-heavy-intercessor-with-heavy-bolt-rifle-and-bolt-pistol/001.jpg
    saved data/images/game-edition-white-scars-heavy-intercessor-with-heavy-bolt-rifle-and-bolt-pistol/002.jpg
    saved data/images/game-edition-white-scars-heavy-intercessor-with-heavy-bolt-rifle-and-bolt-pistol/003.jpg
    saved data/images/game-edition-white-scars-heavy-intercessor-with-heavy-bolt-rifle-and-bolt-pistol/004.jpg
    saved data/images/game-edition-white-scars-heavy-intercessor-with-heavy-bolt-rifle-and-bolt-pistol/005.jpg
    saved data/images/game-edition-white-scars-heavy-intercessor-with-heavy-bolt-rifle-and-bolt-pistol/006.jpg
    saved data/images/game-edition-white-scars-heavy-intercessor-with-heavy-bolt-rifle-and-bolt-pistol/description/001.jpg
    saved data/images/game-edition-white-scars-heavy-intercessor-with-heavy-bolt-rifle-and-bolt-pistol/description/002.jpg
    saved data/images/game-edition-white-scars-heavy-intercessor-with-heavy-bolt-rifle-and-bolt-pistol/description/003.jpg
    saved data/images/game-edition-white-scars-heavy-intercessor-with-heavy-bolt-rifle-and-bolt-pistol/description/004.jpg
    saved data/images/game-edition-white-scars-heavy-intercessor-with-heavy-bolt-rifle-and-bolt-pistol/description/005.jpg
    saved data/images/game-edition-white-scars-heavy-intercessor-with-heavy-bolt-rifle-and-bolt-pistol/description/006.jpg
    saved data/images/game-edition-white-scars-heavy-intercessor-with-heavy-bolt-rifle-and-bolt-pistol/description/007.jpg
    saved data/images/game-edition-white-scars-heavy-intercessor-with-heavy-bolt-rifle-and-bolt-pistol/description/008.jpg
    saved data/images/game-edition-white-scars-heavy-intercessor-with-heavy-bolt-rifle-and-bolt-pistol/description/009.jpg
    saved data/images/game-edition-white-scars-heavy-intercessor-with-heavy-bolt-rifle-and-bolt-pistol/description/010.jpg
[86/541] scraping game-edition-dark-angels-heavy-intercessor-with-heavy-bolt-rifle-and-bolt-pistol
  downloading 18 images...
    saved data/images/game-edition-dark-angels-heavy-intercessor-with-heavy-bolt-rifle-and-bolt-pistol/001.jpg
    saved data/images/game-edition-dark-angels-heavy-intercessor-with-heavy-bolt-rifle-and-bolt-pistol/002.jpg
    saved data/images/game-edition-dark-angels-heavy-intercessor-with-heavy-bolt-rifle-and-bolt-pistol/003.jpg
    saved data/images/game-edition-dark-angels-heavy-intercessor-with-heavy-bolt-rifle-and-bolt-pistol/004.jpg
    saved data/images/game-edition-dark-angels-heavy-intercessor-with-heavy-bolt-rifle-and-bolt-pistol/005.jpg
    saved data/images/game-edition-dark-angels-heavy-intercessor-with-heavy-bolt-rifle-and-bolt-pistol/006.jpg
    saved data/images/game-edition-dark-angels-heavy-intercessor-with-heavy-bolt-rifle-and-bolt-pistol/description/001.jpg
    saved data/images/game-edition-dark-angels-heavy-intercessor-with-heavy-bolt-rifle-and-bolt-pistol/description/002.jpg
    saved data/images/game-edition-dark-angels-heavy-intercessor-with-heavy-bolt-rifle-and-bolt-pistol/description/003.jpg
    saved data/images/game-edition-dark-angels-heavy-intercessor-with-heavy-bolt-rifle-and-bolt-pistol/description/004.jpg
    saved data/images/game-edition-dark-angels-heavy-intercessor-with-heavy-bolt-rifle-and-bolt-pistol/description/005.jpg
    saved data/images/game-edition-dark-angels-heavy-intercessor-with-heavy-bolt-rifle-and-bolt-pistol/description/006.jpg
    saved data/images/game-edition-dark-angels-heavy-intercessor-with-heavy-bolt-rifle-and-bolt-pistol/description/007.jpg
    saved data/images/game-edition-dark-angels-heavy-intercessor-with-heavy-bolt-rifle-and-bolt-pistol/description/008.jpg
    saved data/images/game-edition-dark-angels-heavy-intercessor-with-heavy-bolt-rifle-and-bolt-pistol/description/009.jpg
    saved data/images/game-edition-dark-angels-heavy-intercessor-with-heavy-bolt-rifle-and-bolt-pistol/description/010.jpg
    saved data/images/game-edition-dark-angels-heavy-intercessor-with-heavy-bolt-rifle-and-bolt-pistol/description/011.jpg
    saved data/images/game-edition-dark-angels-heavy-intercessor-with-heavy-bolt-rifle-and-bolt-pistol/description/012.jpg
[87/541] scraping game-edition-salamanders-heavy-intercessor-with-heavy-bolt-rifle-and-bolt-pistol
  downloading 16 images...
    saved data/images/game-edition-salamanders-heavy-intercessor-with-heavy-bolt-rifle-and-bolt-pistol/001.jpg
    saved data/images/game-edition-salamanders-heavy-intercessor-with-heavy-bolt-rifle-and-bolt-pistol/002.jpg
    saved data/images/game-edition-salamanders-heavy-intercessor-with-heavy-bolt-rifle-and-bolt-pistol/003.jpg
    saved data/images/game-edition-salamanders-heavy-intercessor-with-heavy-bolt-rifle-and-bolt-pistol/004.jpg
    saved data/images/game-edition-salamanders-heavy-intercessor-with-heavy-bolt-rifle-and-bolt-pistol/005.jpg
    saved data/images/game-edition-salamanders-heavy-intercessor-with-heavy-bolt-rifle-and-bolt-pistol/006.jpg
    saved data/images/game-edition-salamanders-heavy-intercessor-with-heavy-bolt-rifle-and-bolt-pistol/description/001.jpg
    saved data/images/game-edition-salamanders-heavy-intercessor-with-heavy-bolt-rifle-and-bolt-pistol/description/002.jpg
    saved data/images/game-edition-salamanders-heavy-intercessor-with-heavy-bolt-rifle-and-bolt-pistol/description/003.jpg
    saved data/images/game-edition-salamanders-heavy-intercessor-with-heavy-bolt-rifle-and-bolt-pistol/description/004.jpg
    saved data/images/game-edition-salamanders-heavy-intercessor-with-heavy-bolt-rifle-and-bolt-pistol/description/005.jpg
    saved data/images/game-edition-salamanders-heavy-intercessor-with-heavy-bolt-rifle-and-bolt-pistol/description/006.jpg
    saved data/images/game-edition-salamanders-heavy-intercessor-with-heavy-bolt-rifle-and-bolt-pistol/description/007.jpg
    saved data/images/game-edition-salamanders-heavy-intercessor-with-heavy-bolt-rifle-and-bolt-pistol/description/008.jpg
    saved data/images/game-edition-salamanders-heavy-intercessor-with-heavy-bolt-rifle-and-bolt-pistol/description/009.jpg
    saved data/images/game-edition-salamanders-heavy-intercessor-with-heavy-bolt-rifle-and-bolt-pistol/description/010.jpg
[88/541] scraping game-edition-blood-angels-heavy-intercessor-with-heavy-bolt-rifle-and-bolt-pistol
  downloading 16 images...
    saved data/images/game-edition-blood-angels-heavy-intercessor-with-heavy-bolt-rifle-and-bolt-pistol/001.jpg
    saved data/images/game-edition-blood-angels-heavy-intercessor-with-heavy-bolt-rifle-and-bolt-pistol/002.jpg
    saved data/images/game-edition-blood-angels-heavy-intercessor-with-heavy-bolt-rifle-and-bolt-pistol/003.jpg
    saved data/images/game-edition-blood-angels-heavy-intercessor-with-heavy-bolt-rifle-and-bolt-pistol/004.jpg
    saved data/images/game-edition-blood-angels-heavy-intercessor-with-heavy-bolt-rifle-and-bolt-pistol/005.jpg
    saved data/images/game-edition-blood-angels-heavy-intercessor-with-heavy-bolt-rifle-and-bolt-pistol/006.jpg
    saved data/images/game-edition-blood-angels-heavy-intercessor-with-heavy-bolt-rifle-and-bolt-pistol/description/001.jpg
    saved data/images/game-edition-blood-angels-heavy-intercessor-with-heavy-bolt-rifle-and-bolt-pistol/description/002.jpg
    saved data/images/game-edition-blood-angels-heavy-intercessor-with-heavy-bolt-rifle-and-bolt-pistol/description/003.jpg
    saved data/images/game-edition-blood-angels-heavy-intercessor-with-heavy-bolt-rifle-and-bolt-pistol/description/004.jpg
    saved data/images/game-edition-blood-angels-heavy-intercessor-with-heavy-bolt-rifle-and-bolt-pistol/description/005.jpg
    saved data/images/game-edition-blood-angels-heavy-intercessor-with-heavy-bolt-rifle-and-bolt-pistol/description/006.jpg
    saved data/images/game-edition-blood-angels-heavy-intercessor-with-heavy-bolt-rifle-and-bolt-pistol/description/007.jpg
    saved data/images/game-edition-blood-angels-heavy-intercessor-with-heavy-bolt-rifle-and-bolt-pistol/description/008.jpg
    saved data/images/game-edition-blood-angels-heavy-intercessor-with-heavy-bolt-rifle-and-bolt-pistol/description/009.jpg
    saved data/images/game-edition-blood-angels-heavy-intercessor-with-heavy-bolt-rifle-and-bolt-pistol/description/010.jpg
[89/541] scraping game-edition-imperial-fists-heavy-intercessor-with-heavy-bolt-rifle-and-bolt-pistol
  downloading 17 images...
    saved data/images/game-edition-imperial-fists-heavy-intercessor-with-heavy-bolt-rifle-and-bolt-pistol/001.jpg
    saved data/images/game-edition-imperial-fists-heavy-intercessor-with-heavy-bolt-rifle-and-bolt-pistol/002.jpg
    saved data/images/game-edition-imperial-fists-heavy-intercessor-with-heavy-bolt-rifle-and-bolt-pistol/003.jpg
    saved data/images/game-edition-imperial-fists-heavy-intercessor-with-heavy-bolt-rifle-and-bolt-pistol/004.jpg
    saved data/images/game-edition-imperial-fists-heavy-intercessor-with-heavy-bolt-rifle-and-bolt-pistol/005.jpg
    saved data/images/game-edition-imperial-fists-heavy-intercessor-with-heavy-bolt-rifle-and-bolt-pistol/006.jpg
    saved data/images/game-edition-imperial-fists-heavy-intercessor-with-heavy-bolt-rifle-and-bolt-pistol/description/001.jpg
    saved data/images/game-edition-imperial-fists-heavy-intercessor-with-heavy-bolt-rifle-and-bolt-pistol/description/002.jpg
    saved data/images/game-edition-imperial-fists-heavy-intercessor-with-heavy-bolt-rifle-and-bolt-pistol/description/003.jpg
    saved data/images/game-edition-imperial-fists-heavy-intercessor-with-heavy-bolt-rifle-and-bolt-pistol/description/004.jpg
    saved data/images/game-edition-imperial-fists-heavy-intercessor-with-heavy-bolt-rifle-and-bolt-pistol/description/005.jpg
    saved data/images/game-edition-imperial-fists-heavy-intercessor-with-heavy-bolt-rifle-and-bolt-pistol/description/006.jpg
    saved data/images/game-edition-imperial-fists-heavy-intercessor-with-heavy-bolt-rifle-and-bolt-pistol/description/007.jpg
    saved data/images/game-edition-imperial-fists-heavy-intercessor-with-heavy-bolt-rifle-and-bolt-pistol/description/008.jpg
    saved data/images/game-edition-imperial-fists-heavy-intercessor-with-heavy-bolt-rifle-and-bolt-pistol/description/009.jpg
    saved data/images/game-edition-imperial-fists-heavy-intercessor-with-heavy-bolt-rifle-and-bolt-pistol/description/010.jpg
    saved data/images/game-edition-imperial-fists-heavy-intercessor-with-heavy-bolt-rifle-and-bolt-pistol/description/011.jpg
[90/541] scraping game-edition-space-wolves-heavy-intercessor-with-heavy-bolt-rifle-and-bolt-pistol
  downloading 16 images...
    saved data/images/game-edition-space-wolves-heavy-intercessor-with-heavy-bolt-rifle-and-bolt-pistol/001.jpg
    saved data/images/game-edition-space-wolves-heavy-intercessor-with-heavy-bolt-rifle-and-bolt-pistol/002.jpg
    saved data/images/game-edition-space-wolves-heavy-intercessor-with-heavy-bolt-rifle-and-bolt-pistol/003.jpg
    saved data/images/game-edition-space-wolves-heavy-intercessor-with-heavy-bolt-rifle-and-bolt-pistol/004.jpg
    saved data/images/game-edition-space-wolves-heavy-intercessor-with-heavy-bolt-rifle-and-bolt-pistol/005.jpg
    saved data/images/game-edition-space-wolves-heavy-intercessor-with-heavy-bolt-rifle-and-bolt-pistol/006.jpg
    saved data/images/game-edition-space-wolves-heavy-intercessor-with-heavy-bolt-rifle-and-bolt-pistol/description/001.jpg
    saved data/images/game-edition-space-wolves-heavy-intercessor-with-heavy-bolt-rifle-and-bolt-pistol/description/002.jpg
    saved data/images/game-edition-space-wolves-heavy-intercessor-with-heavy-bolt-rifle-and-bolt-pistol/description/003.jpg
    saved data/images/game-edition-space-wolves-heavy-intercessor-with-heavy-bolt-rifle-and-bolt-pistol/description/004.jpg
    saved data/images/game-edition-space-wolves-heavy-intercessor-with-heavy-bolt-rifle-and-bolt-pistol/description/005.jpg
    saved data/images/game-edition-space-wolves-heavy-intercessor-with-heavy-bolt-rifle-and-bolt-pistol/description/006.jpg
    saved data/images/game-edition-space-wolves-heavy-intercessor-with-heavy-bolt-rifle-and-bolt-pistol/description/007.jpg
    saved data/images/game-edition-space-wolves-heavy-intercessor-with-heavy-bolt-rifle-and-bolt-pistol/description/008.jpg
    saved data/images/game-edition-space-wolves-heavy-intercessor-with-heavy-bolt-rifle-and-bolt-pistol/description/009.jpg
    saved data/images/game-edition-space-wolves-heavy-intercessor-with-heavy-bolt-rifle-and-bolt-pistol/description/010.jpg
[91/541] scraping game-edition-ultramarines-heavy-intercessor-with-heavy-bolt-rifle-and-bolt-pistol
  downloading 16 images...
    saved data/images/game-edition-ultramarines-heavy-intercessor-with-heavy-bolt-rifle-and-bolt-pistol/001.jpg
    saved data/images/game-edition-ultramarines-heavy-intercessor-with-heavy-bolt-rifle-and-bolt-pistol/002.jpg
    saved data/images/game-edition-ultramarines-heavy-intercessor-with-heavy-bolt-rifle-and-bolt-pistol/003.jpg
    saved data/images/game-edition-ultramarines-heavy-intercessor-with-heavy-bolt-rifle-and-bolt-pistol/004.jpg
    saved data/images/game-edition-ultramarines-heavy-intercessor-with-heavy-bolt-rifle-and-bolt-pistol/005.jpg
    saved data/images/game-edition-ultramarines-heavy-intercessor-with-heavy-bolt-rifle-and-bolt-pistol/006.jpg
    saved data/images/game-edition-ultramarines-heavy-intercessor-with-heavy-bolt-rifle-and-bolt-pistol/description/001.jpg
    saved data/images/game-edition-ultramarines-heavy-intercessor-with-heavy-bolt-rifle-and-bolt-pistol/description/002.jpg
    saved data/images/game-edition-ultramarines-heavy-intercessor-with-heavy-bolt-rifle-and-bolt-pistol/description/003.jpg
    saved data/images/game-edition-ultramarines-heavy-intercessor-with-heavy-bolt-rifle-and-bolt-pistol/description/004.jpg
    saved data/images/game-edition-ultramarines-heavy-intercessor-with-heavy-bolt-rifle-and-bolt-pistol/description/005.jpg
    saved data/images/game-edition-ultramarines-heavy-intercessor-with-heavy-bolt-rifle-and-bolt-pistol/description/006.jpg
    saved data/images/game-edition-ultramarines-heavy-intercessor-with-heavy-bolt-rifle-and-bolt-pistol/description/007.jpg
    saved data/images/game-edition-ultramarines-heavy-intercessor-with-heavy-bolt-rifle-and-bolt-pistol/description/008.jpg
    saved data/images/game-edition-ultramarines-heavy-intercessor-with-heavy-bolt-rifle-and-bolt-pistol/description/009.jpg
    saved data/images/game-edition-ultramarines-heavy-intercessor-with-heavy-bolt-rifle-and-bolt-pistol/description/010.jpg
[92/541] scraping white-scars-mkx-helmet-display-stand
  downloading 33 images...
    saved data/images/white-scars-mkx-helmet-display-stand/001.jpg
    saved data/images/white-scars-mkx-helmet-display-stand/002.jpg
    saved data/images/white-scars-mkx-helmet-display-stand/003.jpg
    saved data/images/white-scars-mkx-helmet-display-stand/004.jpg
    saved data/images/white-scars-mkx-helmet-display-stand/005.jpg
    saved data/images/white-scars-mkx-helmet-display-stand/006.jpg
    saved data/images/white-scars-mkx-helmet-display-stand/007.jpg
    saved data/images/white-scars-mkx-helmet-display-stand/008.jpg
    saved data/images/white-scars-mkx-helmet-display-stand/description/001.jpg
    saved data/images/white-scars-mkx-helmet-display-stand/description/002.jpg
    saved data/images/white-scars-mkx-helmet-display-stand/description/003.jpg
    saved data/images/white-scars-mkx-helmet-display-stand/description/004.jpg
    saved data/images/white-scars-mkx-helmet-display-stand/description/005.jpg
    saved data/images/white-scars-mkx-helmet-display-stand/description/006.jpg
    saved data/images/white-scars-mkx-helmet-display-stand/description/007.jpg
    saved data/images/white-scars-mkx-helmet-display-stand/description/008.jpg
    saved data/images/white-scars-mkx-helmet-display-stand/description/009.jpg
    saved data/images/white-scars-mkx-helmet-display-stand/description/010.jpg
    saved data/images/white-scars-mkx-helmet-display-stand/description/011.jpg
    saved data/images/white-scars-mkx-helmet-display-stand/description/012.jpg
    saved data/images/white-scars-mkx-helmet-display-stand/description/013.jpg
    saved data/images/white-scars-mkx-helmet-display-stand/description/014.jpg
    saved data/images/white-scars-mkx-helmet-display-stand/description/015.jpg
    saved data/images/white-scars-mkx-helmet-display-stand/description/016.jpg
    saved data/images/white-scars-mkx-helmet-display-stand/description/017.jpg
    saved data/images/white-scars-mkx-helmet-display-stand/description/018.jpg
    saved data/images/white-scars-mkx-helmet-display-stand/description/019.jpg
    saved data/images/white-scars-mkx-helmet-display-stand/description/020.jpg
    saved data/images/white-scars-mkx-helmet-display-stand/description/021.jpg
    saved data/images/white-scars-mkx-helmet-display-stand/description/022.jpg
    saved data/images/white-scars-mkx-helmet-display-stand/description/023.jpg
    saved data/images/white-scars-mkx-helmet-display-stand/description/024.jpg
    saved data/images/white-scars-mkx-helmet-display-stand/description/025.jpg
[93/541] scraping white-scars-mkx-helmet
  downloading 22 images...
    saved data/images/white-scars-mkx-helmet/001.jpg
    saved data/images/white-scars-mkx-helmet/002.jpg
    saved data/images/white-scars-mkx-helmet/003.jpg
    saved data/images/white-scars-mkx-helmet/004.jpg
    saved data/images/white-scars-mkx-helmet/005.jpg
    saved data/images/white-scars-mkx-helmet/006.jpg
    saved data/images/white-scars-mkx-helmet/007.jpg
    failed image https://img.joytoy.com/u_file/2603/25/photo/White-Scars-MkX-Helmet-1.jpg?x-oss-process=image/quality,q_100: 404 Client Error: Not Found for url: https://img.joytoy.com/u_file/2603/25/photo/White-Scars-MkX-Helmet-1.jpg?x-oss-process=image/quality,q_100
    failed image https://img.joytoy.com/u_file/2603/25/photo/White-Scars-MkX-Helmet-2.jpg?x-oss-process=image/quality,q_100: 404 Client Error: Not Found for url: https://img.joytoy.com/u_file/2603/25/photo/White-Scars-MkX-Helmet-2.jpg?x-oss-process=image/quality,q_100
    failed image https://img.joytoy.com/u_file/2603/25/photo/White-Scars-MkX-Helmet-3.jpg?x-oss-process=image/quality,q_100: 404 Client Error: Not Found for url: https://img.joytoy.com/u_file/2603/25/photo/White-Scars-MkX-Helmet-3.jpg?x-oss-process=image/quality,q_100
    failed image https://img.joytoy.com/u_file/2603/25/photo/White-Scars-MkX-Helmet-4.jpg?x-oss-process=image/quality,q_100: 404 Client Error: Not Found for url: https://img.joytoy.com/u_file/2603/25/photo/White-Scars-MkX-Helmet-4.jpg?x-oss-process=image/quality,q_100
    failed image https://img.joytoy.com/u_file/2603/25/photo/White-Scars-MkX-Helmet-5.jpg?x-oss-process=image/quality,q_100: 404 Client Error: Not Found for url: https://img.joytoy.com/u_file/2603/25/photo/White-Scars-MkX-Helmet-5.jpg?x-oss-process=image/quality,q_100
    failed image https://img.joytoy.com/u_file/2603/25/photo/White-Scars-MkX-Helmet-6.jpg?x-oss-process=image/quality,q_100: 404 Client Error: Not Found for url: https://img.joytoy.com/u_file/2603/25/photo/White-Scars-MkX-Helmet-6.jpg?x-oss-process=image/quality,q_100
    failed image https://img.joytoy.com/u_file/2603/25/photo/White-Scars-MkX-Helmet7.jpg?x-oss-process=image/quality,q_100: 404 Client Error: Not Found for url: https://img.joytoy.com/u_file/2603/25/photo/White-Scars-MkX-Helmet7.jpg?x-oss-process=image/quality,q_100
    failed image https://img.joytoy.com/u_file/2603/25/photo/White-Scars-MkX-Helmet-8.jpg?x-oss-process=image/quality,q_100: 404 Client Error: Not Found for url: https://img.joytoy.com/u_file/2603/25/photo/White-Scars-MkX-Helmet-8.jpg?x-oss-process=image/quality,q_100
    failed image https://img.joytoy.com/u_file/2603/25/photo/White-Scars-MkX-Helmet-9.jpg?x-oss-process=image/quality,q_100: 404 Client Error: Not Found for url: https://img.joytoy.com/u_file/2603/25/photo/White-Scars-MkX-Helmet-9.jpg?x-oss-process=image/quality,q_100
    failed image https://img.joytoy.com/u_file/2603/25/photo/White-Scars-MkX-Helmet-10.jpg?x-oss-process=image/quality,q_100: 404 Client Error: Not Found for url: https://img.joytoy.com/u_file/2603/25/photo/White-Scars-MkX-Helmet-10.jpg?x-oss-process=image/quality,q_100
    failed image https://img.joytoy.com/u_file/2603/25/photo/White-Scars-MkX-Helmet-11.jpg?x-oss-process=image/quality,q_100: 404 Client Error: Not Found for url: https://img.joytoy.com/u_file/2603/25/photo/White-Scars-MkX-Helmet-11.jpg?x-oss-process=image/quality,q_100
    failed image https://img.joytoy.com/u_file/2603/25/photo/White-Scars-MkX-Helmet-12.jpg?x-oss-process=image/quality,q_100: 404 Client Error: Not Found for url: https://img.joytoy.com/u_file/2603/25/photo/White-Scars-MkX-Helmet-12.jpg?x-oss-process=image/quality,q_100
    failed image https://img.joytoy.com/u_file/2603/25/photo/White-Scars-MkX-Helmet-13.jpg?x-oss-process=image/quality,q_100: 404 Client Error: Not Found for url: https://img.joytoy.com/u_file/2603/25/photo/White-Scars-MkX-Helmet-13.jpg?x-oss-process=image/quality,q_100
    failed image https://img.joytoy.com/u_file/2603/25/photo/White-Scars-MkX-Helmet-14.jpg?x-oss-process=image/quality,q_100: 404 Client Error: Not Found for url: https://img.joytoy.com/u_file/2603/25/photo/White-Scars-MkX-Helmet-14.jpg?x-oss-process=image/quality,q_100
    saved data/images/white-scars-mkx-helmet/description/015.jpg
[94/541] scraping white-scars-contemptor-dreadnought-with-melta-cannon-and-gravis-power-fist
  downloading 18 images...
    saved data/images/white-scars-contemptor-dreadnought-with-melta-cannon-and-gravis-power-fist/001.jpg
    saved data/images/white-scars-contemptor-dreadnought-with-melta-cannon-and-gravis-power-fist/002.jpg
    saved data/images/white-scars-contemptor-dreadnought-with-melta-cannon-and-gravis-power-fist/003.jpg
    saved data/images/white-scars-contemptor-dreadnought-with-melta-cannon-and-gravis-power-fist/004.jpg
    saved data/images/white-scars-contemptor-dreadnought-with-melta-cannon-and-gravis-power-fist/005.jpg
    saved data/images/white-scars-contemptor-dreadnought-with-melta-cannon-and-gravis-power-fist/006.jpg
    saved data/images/white-scars-contemptor-dreadnought-with-melta-cannon-and-gravis-power-fist/description/001.jpg
    saved data/images/white-scars-contemptor-dreadnought-with-melta-cannon-and-gravis-power-fist/description/002.jpg
    saved data/images/white-scars-contemptor-dreadnought-with-melta-cannon-and-gravis-power-fist/description/003.jpg
    saved data/images/white-scars-contemptor-dreadnought-with-melta-cannon-and-gravis-power-fist/description/004.jpg
    saved data/images/white-scars-contemptor-dreadnought-with-melta-cannon-and-gravis-power-fist/description/005.jpg
    saved data/images/white-scars-contemptor-dreadnought-with-melta-cannon-and-gravis-power-fist/description/006.jpg
    saved data/images/white-scars-contemptor-dreadnought-with-melta-cannon-and-gravis-power-fist/description/007.jpg
    saved data/images/white-scars-contemptor-dreadnought-with-melta-cannon-and-gravis-power-fist/description/008.jpg
    saved data/images/white-scars-contemptor-dreadnought-with-melta-cannon-and-gravis-power-fist/description/009.jpg
    saved data/images/white-scars-contemptor-dreadnought-with-melta-cannon-and-gravis-power-fist/description/010.jpg
    saved data/images/white-scars-contemptor-dreadnought-with-melta-cannon-and-gravis-power-fist/description/011.jpg
    saved data/images/white-scars-contemptor-dreadnought-with-melta-cannon-and-gravis-power-fist/description/012.jpg
[95/541] scraping white-scars-qin-xa-master-of-the-keshig-with-paired-bladesthetails-of-the-dragon
  downloading 18 images...
    saved data/images/white-scars-qin-xa-master-of-the-keshig-with-paired-bladesthetails-of-the-dragon/001.jpg
    saved data/images/white-scars-qin-xa-master-of-the-keshig-with-paired-bladesthetails-of-the-dragon/002.jpg
    saved data/images/white-scars-qin-xa-master-of-the-keshig-with-paired-bladesthetails-of-the-dragon/003.jpg
    saved data/images/white-scars-qin-xa-master-of-the-keshig-with-paired-bladesthetails-of-the-dragon/004.jpg
    saved data/images/white-scars-qin-xa-master-of-the-keshig-with-paired-bladesthetails-of-the-dragon/005.jpg
    saved data/images/white-scars-qin-xa-master-of-the-keshig-with-paired-bladesthetails-of-the-dragon/006.jpg
    saved data/images/white-scars-qin-xa-master-of-the-keshig-with-paired-bladesthetails-of-the-dragon/description/001.jpg
    saved data/images/white-scars-qin-xa-master-of-the-keshig-with-paired-bladesthetails-of-the-dragon/description/002.jpg
    saved data/images/white-scars-qin-xa-master-of-the-keshig-with-paired-bladesthetails-of-the-dragon/description/003.jpg
    saved data/images/white-scars-qin-xa-master-of-the-keshig-with-paired-bladesthetails-of-the-dragon/description/004.jpg
    saved data/images/white-scars-qin-xa-master-of-the-keshig-with-paired-bladesthetails-of-the-dragon/description/005.jpg
    saved data/images/white-scars-qin-xa-master-of-the-keshig-with-paired-bladesthetails-of-the-dragon/description/006.jpg
    saved data/images/white-scars-qin-xa-master-of-the-keshig-with-paired-bladesthetails-of-the-dragon/description/007.jpg
    saved data/images/white-scars-qin-xa-master-of-the-keshig-with-paired-bladesthetails-of-the-dragon/description/008.jpg
    saved data/images/white-scars-qin-xa-master-of-the-keshig-with-paired-bladesthetails-of-the-dragon/description/009.jpg
    saved data/images/white-scars-qin-xa-master-of-the-keshig-with-paired-bladesthetails-of-the-dragon/description/010.jpg
    saved data/images/white-scars-qin-xa-master-of-the-keshig-with-paired-bladesthetails-of-the-dragon/description/011.jpg
    saved data/images/white-scars-qin-xa-master-of-the-keshig-with-paired-bladesthetails-of-the-dragon/description/012.jpg
[96/541] scraping white-scars-hibou-khan,seeker-of-atonement,with-power-swordthe-breath-of-the-storm
  downloading 17 images...
    saved data/images/white-scars-hibou-khan,seeker-of-atonement,with-power-swordthe-breath-of-the-storm/001.jpg
    saved data/images/white-scars-hibou-khan,seeker-of-atonement,with-power-swordthe-breath-of-the-storm/002.jpg
    saved data/images/white-scars-hibou-khan,seeker-of-atonement,with-power-swordthe-breath-of-the-storm/003.jpg
    saved data/images/white-scars-hibou-khan,seeker-of-atonement,with-power-swordthe-breath-of-the-storm/004.jpg
    saved data/images/white-scars-hibou-khan,seeker-of-atonement,with-power-swordthe-breath-of-the-storm/005.jpg
    saved data/images/white-scars-hibou-khan,seeker-of-atonement,with-power-swordthe-breath-of-the-storm/006.jpg
    saved data/images/white-scars-hibou-khan,seeker-of-atonement,with-power-swordthe-breath-of-the-storm/description/001.jpg
    saved data/images/white-scars-hibou-khan,seeker-of-atonement,with-power-swordthe-breath-of-the-storm/description/002.jpg
    saved data/images/white-scars-hibou-khan,seeker-of-atonement,with-power-swordthe-breath-of-the-storm/description/003.jpg
    saved data/images/white-scars-hibou-khan,seeker-of-atonement,with-power-swordthe-breath-of-the-storm/description/004.jpg
    saved data/images/white-scars-hibou-khan,seeker-of-atonement,with-power-swordthe-breath-of-the-storm/description/005.jpg
    saved data/images/white-scars-hibou-khan,seeker-of-atonement,with-power-swordthe-breath-of-the-storm/description/006.jpg
    saved data/images/white-scars-hibou-khan,seeker-of-atonement,with-power-swordthe-breath-of-the-storm/description/007.jpg
    saved data/images/white-scars-hibou-khan,seeker-of-atonement,with-power-swordthe-breath-of-the-storm/description/008.jpg
    saved data/images/white-scars-hibou-khan,seeker-of-atonement,with-power-swordthe-breath-of-the-storm/description/009.jpg
    saved data/images/white-scars-hibou-khan,seeker-of-atonement,with-power-swordthe-breath-of-the-storm/description/010.jpg
    saved data/images/white-scars-hibou-khan,seeker-of-atonement,with-power-swordthe-breath-of-the-storm/description/011.jpg
[97/541] scraping ultramarines-captain-mkx-helmet-display-stand
  downloading 28 images...
    saved data/images/ultramarines-captain-mkx-helmet-display-stand/001.jpg
    saved data/images/ultramarines-captain-mkx-helmet-display-stand/002.jpg
    saved data/images/ultramarines-captain-mkx-helmet-display-stand/003.jpg
    saved data/images/ultramarines-captain-mkx-helmet-display-stand/004.jpg
    saved data/images/ultramarines-captain-mkx-helmet-display-stand/005.jpg
    saved data/images/ultramarines-captain-mkx-helmet-display-stand/006.jpg
    saved data/images/ultramarines-captain-mkx-helmet-display-stand/007.jpg
    saved data/images/ultramarines-captain-mkx-helmet-display-stand/description/001.jpg
    saved data/images/ultramarines-captain-mkx-helmet-display-stand/description/002.jpg
    saved data/images/ultramarines-captain-mkx-helmet-display-stand/description/003.jpg
    saved data/images/ultramarines-captain-mkx-helmet-display-stand/description/004.jpg
    saved data/images/ultramarines-captain-mkx-helmet-display-stand/description/005.jpg
    saved data/images/ultramarines-captain-mkx-helmet-display-stand/description/006.jpg
    saved data/images/ultramarines-captain-mkx-helmet-display-stand/description/007.jpg
    saved data/images/ultramarines-captain-mkx-helmet-display-stand/description/008.jpg
    saved data/images/ultramarines-captain-mkx-helmet-display-stand/description/009.jpg
    saved data/images/ultramarines-captain-mkx-helmet-display-stand/description/010.jpg
    saved data/images/ultramarines-captain-mkx-helmet-display-stand/description/011.jpg
    saved data/images/ultramarines-captain-mkx-helmet-display-stand/description/012.jpg
    saved data/images/ultramarines-captain-mkx-helmet-display-stand/description/013.jpg
    saved data/images/ultramarines-captain-mkx-helmet-display-stand/description/014.jpg
    saved data/images/ultramarines-captain-mkx-helmet-display-stand/description/015.jpg
    saved data/images/ultramarines-captain-mkx-helmet-display-stand/description/016.jpg
    saved data/images/ultramarines-captain-mkx-helmet-display-stand/description/017.jpg
    saved data/images/ultramarines-captain-mkx-helmet-display-stand/description/018.jpg
    saved data/images/ultramarines-captain-mkx-helmet-display-stand/description/019.jpg
    saved data/images/ultramarines-captain-mkx-helmet-display-stand/description/020.jpg
    saved data/images/ultramarines-captain-mkx-helmet-display-stand/description/021.jpg
[98/541] scraping ultramarines-captain-mkx-helmet
  downloading 18 images...
    saved data/images/ultramarines-captain-mkx-helmet/001.jpg
    saved data/images/ultramarines-captain-mkx-helmet/002.jpg
    saved data/images/ultramarines-captain-mkx-helmet/003.jpg
    saved data/images/ultramarines-captain-mkx-helmet/004.jpg
    saved data/images/ultramarines-captain-mkx-helmet/005.jpg
    saved data/images/ultramarines-captain-mkx-helmet/006.jpg
    saved data/images/ultramarines-captain-mkx-helmet/description/001.jpg
    saved data/images/ultramarines-captain-mkx-helmet/description/002.jpg
    saved data/images/ultramarines-captain-mkx-helmet/description/003.jpg
    saved data/images/ultramarines-captain-mkx-helmet/description/004.jpg
    saved data/images/ultramarines-captain-mkx-helmet/description/005.jpg
    saved data/images/ultramarines-captain-mkx-helmet/description/006.jpg
    saved data/images/ultramarines-captain-mkx-helmet/description/007.jpg
    saved data/images/ultramarines-captain-mkx-helmet/description/008.jpg
    saved data/images/ultramarines-captain-mkx-helmet/description/009.jpg
    saved data/images/ultramarines-captain-mkx-helmet/description/010.jpg
    saved data/images/ultramarines-captain-mkx-helmet/description/011.jpg
    saved data/images/ultramarines-captain-mkx-helmet/description/012.jpg
[99/541] scraping space-wolves-raider-pattern-combat-bike-with-twin-linked-bolt-rifles
  downloading 18 images...
    saved data/images/space-wolves-raider-pattern-combat-bike-with-twin-linked-bolt-rifles/001.jpg
    saved data/images/space-wolves-raider-pattern-combat-bike-with-twin-linked-bolt-rifles/002.jpg
    saved data/images/space-wolves-raider-pattern-combat-bike-with-twin-linked-bolt-rifles/003.jpg
    saved data/images/space-wolves-raider-pattern-combat-bike-with-twin-linked-bolt-rifles/004.jpg
    saved data/images/space-wolves-raider-pattern-combat-bike-with-twin-linked-bolt-rifles/005.jpg
    saved data/images/space-wolves-raider-pattern-combat-bike-with-twin-linked-bolt-rifles/006.jpg
    saved data/images/space-wolves-raider-pattern-combat-bike-with-twin-linked-bolt-rifles/description/001.jpg
    saved data/images/space-wolves-raider-pattern-combat-bike-with-twin-linked-bolt-rifles/description/002.jpg
    saved data/images/space-wolves-raider-pattern-combat-bike-with-twin-linked-bolt-rifles/description/003.jpg
    saved data/images/space-wolves-raider-pattern-combat-bike-with-twin-linked-bolt-rifles/description/004.jpg
    saved data/images/space-wolves-raider-pattern-combat-bike-with-twin-linked-bolt-rifles/description/005.jpg
    saved data/images/space-wolves-raider-pattern-combat-bike-with-twin-linked-bolt-rifles/description/006.jpg
    saved data/images/space-wolves-raider-pattern-combat-bike-with-twin-linked-bolt-rifles/description/007.jpg
    saved data/images/space-wolves-raider-pattern-combat-bike-with-twin-linked-bolt-rifles/description/008.jpg
    saved data/images/space-wolves-raider-pattern-combat-bike-with-twin-linked-bolt-rifles/description/009.jpg
    saved data/images/space-wolves-raider-pattern-combat-bike-with-twin-linked-bolt-rifles/description/010.jpg
    saved data/images/space-wolves-raider-pattern-combat-bike-with-twin-linked-bolt-rifles/description/011.jpg
    saved data/images/space-wolves-raider-pattern-combat-bike-with-twin-linked-bolt-rifles/description/012.jpg
[100/541] scraping blood-angels-raider-pattern-combat-bike-with-twin-linked-bolt-rifles
  downloading 18 images...
    saved data/images/blood-angels-raider-pattern-combat-bike-with-twin-linked-bolt-rifles/001.jpg
    saved data/images/blood-angels-raider-pattern-combat-bike-with-twin-linked-bolt-rifles/002.jpg
    saved data/images/blood-angels-raider-pattern-combat-bike-with-twin-linked-bolt-rifles/003.jpg
    saved data/images/blood-angels-raider-pattern-combat-bike-with-twin-linked-bolt-rifles/004.jpg
    saved data/images/blood-angels-raider-pattern-combat-bike-with-twin-linked-bolt-rifles/005.jpg
    saved data/images/blood-angels-raider-pattern-combat-bike-with-twin-linked-bolt-rifles/006.jpg
    saved data/images/blood-angels-raider-pattern-combat-bike-with-twin-linked-bolt-rifles/description/001.jpg
    saved data/images/blood-angels-raider-pattern-combat-bike-with-twin-linked-bolt-rifles/description/002.jpg
    saved data/images/blood-angels-raider-pattern-combat-bike-with-twin-linked-bolt-rifles/description/003.jpg
    saved data/images/blood-angels-raider-pattern-combat-bike-with-twin-linked-bolt-rifles/description/004.jpg
    saved data/images/blood-angels-raider-pattern-combat-bike-with-twin-linked-bolt-rifles/description/005.jpg
    saved data/images/blood-angels-raider-pattern-combat-bike-with-twin-linked-bolt-rifles/description/006.jpg
    saved data/images/blood-angels-raider-pattern-combat-bike-with-twin-linked-bolt-rifles/description/007.jpg
    saved data/images/blood-angels-raider-pattern-combat-bike-with-twin-linked-bolt-rifles/description/008.jpg
    saved data/images/blood-angels-raider-pattern-combat-bike-with-twin-linked-bolt-rifles/description/009.jpg
    saved data/images/blood-angels-raider-pattern-combat-bike-with-twin-linked-bolt-rifles/description/010.jpg
    saved data/images/blood-angels-raider-pattern-combat-bike-with-twin-linked-bolt-rifles/description/011.jpg
    saved data/images/blood-angels-raider-pattern-combat-bike-with-twin-linked-bolt-rifles/description/012.jpg
[101/541] scraping raven-guard-raider-pattern-combat-bike-with-twin-linked-bolt-rifles
  downloading 18 images...
    saved data/images/raven-guard-raider-pattern-combat-bike-with-twin-linked-bolt-rifles/001.jpg
    saved data/images/raven-guard-raider-pattern-combat-bike-with-twin-linked-bolt-rifles/002.jpg
    saved data/images/raven-guard-raider-pattern-combat-bike-with-twin-linked-bolt-rifles/003.jpg
    saved data/images/raven-guard-raider-pattern-combat-bike-with-twin-linked-bolt-rifles/004.jpg
    saved data/images/raven-guard-raider-pattern-combat-bike-with-twin-linked-bolt-rifles/005.jpg
    saved data/images/raven-guard-raider-pattern-combat-bike-with-twin-linked-bolt-rifles/006.jpg
    saved data/images/raven-guard-raider-pattern-combat-bike-with-twin-linked-bolt-rifles/description/001.jpg
    saved data/images/raven-guard-raider-pattern-combat-bike-with-twin-linked-bolt-rifles/description/002.jpg
    saved data/images/raven-guard-raider-pattern-combat-bike-with-twin-linked-bolt-rifles/description/003.jpg
    saved data/images/raven-guard-raider-pattern-combat-bike-with-twin-linked-bolt-rifles/description/004.jpg
    saved data/images/raven-guard-raider-pattern-combat-bike-with-twin-linked-bolt-rifles/description/005.jpg
    saved data/images/raven-guard-raider-pattern-combat-bike-with-twin-linked-bolt-rifles/description/006.jpg
    saved data/images/raven-guard-raider-pattern-combat-bike-with-twin-linked-bolt-rifles/description/007.jpg
    saved data/images/raven-guard-raider-pattern-combat-bike-with-twin-linked-bolt-rifles/description/008.jpg
    saved data/images/raven-guard-raider-pattern-combat-bike-with-twin-linked-bolt-rifles/description/009.jpg
    saved data/images/raven-guard-raider-pattern-combat-bike-with-twin-linked-bolt-rifles/description/010.jpg
    saved data/images/raven-guard-raider-pattern-combat-bike-with-twin-linked-bolt-rifles/description/011.jpg
    saved data/images/raven-guard-raider-pattern-combat-bike-with-twin-linked-bolt-rifles/description/012.jpg
[102/541] scraping death-guard-plague-marine-with-bubotic-axe-and-plague-knife
  downloading 18 images...
    saved data/images/death-guard-plague-marine-with-bubotic-axe-and-plague-knife/001.jpg
    saved data/images/death-guard-plague-marine-with-bubotic-axe-and-plague-knife/002.jpg
    saved data/images/death-guard-plague-marine-with-bubotic-axe-and-plague-knife/003.jpg
    saved data/images/death-guard-plague-marine-with-bubotic-axe-and-plague-knife/004.jpg
    saved data/images/death-guard-plague-marine-with-bubotic-axe-and-plague-knife/005.jpg
    saved data/images/death-guard-plague-marine-with-bubotic-axe-and-plague-knife/006.jpg
    saved data/images/death-guard-plague-marine-with-bubotic-axe-and-plague-knife/description/001.jpg
    saved data/images/death-guard-plague-marine-with-bubotic-axe-and-plague-knife/description/002.jpg
    saved data/images/death-guard-plague-marine-with-bubotic-axe-and-plague-knife/description/003.jpg
    saved data/images/death-guard-plague-marine-with-bubotic-axe-and-plague-knife/description/004.jpg
    saved data/images/death-guard-plague-marine-with-bubotic-axe-and-plague-knife/description/005.jpg
    saved data/images/death-guard-plague-marine-with-bubotic-axe-and-plague-knife/description/006.jpg
    saved data/images/death-guard-plague-marine-with-bubotic-axe-and-plague-knife/description/007.jpg
    saved data/images/death-guard-plague-marine-with-bubotic-axe-and-plague-knife/description/008.jpg
    saved data/images/death-guard-plague-marine-with-bubotic-axe-and-plague-knife/description/009.jpg
    saved data/images/death-guard-plague-marine-with-bubotic-axe-and-plague-knife/description/010.jpg
    saved data/images/death-guard-plague-marine-with-bubotic-axe-and-plague-knife/description/011.jpg
    saved data/images/death-guard-plague-marine-with-bubotic-axe-and-plague-knife/description/012.jpg
[103/541] scraping death-guard-plague-marine-champion-with-plasma-pistol-and-power-fist
  downloading 17 images...
    saved data/images/death-guard-plague-marine-champion-with-plasma-pistol-and-power-fist/001.jpg
    saved data/images/death-guard-plague-marine-champion-with-plasma-pistol-and-power-fist/002.jpg
    saved data/images/death-guard-plague-marine-champion-with-plasma-pistol-and-power-fist/003.jpg
    saved data/images/death-guard-plague-marine-champion-with-plasma-pistol-and-power-fist/004.jpg
    saved data/images/death-guard-plague-marine-champion-with-plasma-pistol-and-power-fist/005.jpg
    saved data/images/death-guard-plague-marine-champion-with-plasma-pistol-and-power-fist/006.jpg
    saved data/images/death-guard-plague-marine-champion-with-plasma-pistol-and-power-fist/description/001.jpg
    saved data/images/death-guard-plague-marine-champion-with-plasma-pistol-and-power-fist/description/002.jpg
    saved data/images/death-guard-plague-marine-champion-with-plasma-pistol-and-power-fist/description/003.jpg
    saved data/images/death-guard-plague-marine-champion-with-plasma-pistol-and-power-fist/description/004.jpg
    saved data/images/death-guard-plague-marine-champion-with-plasma-pistol-and-power-fist/description/005.jpg
    saved data/images/death-guard-plague-marine-champion-with-plasma-pistol-and-power-fist/description/006.jpg
    saved data/images/death-guard-plague-marine-champion-with-plasma-pistol-and-power-fist/description/007.jpg
    saved data/images/death-guard-plague-marine-champion-with-plasma-pistol-and-power-fist/description/008.jpg
    saved data/images/death-guard-plague-marine-champion-with-plasma-pistol-and-power-fist/description/009.jpg
    saved data/images/death-guard-plague-marine-champion-with-plasma-pistol-and-power-fist/description/010.jpg
    saved data/images/death-guard-plague-marine-champion-with-plasma-pistol-and-power-fist/description/011.jpg
[104/541] scraping sons-of-horus-tybalt-marr-captain-of-the-18th-company
  downloading 18 images...
    saved data/images/sons-of-horus-tybalt-marr-captain-of-the-18th-company/001.jpg
    saved data/images/sons-of-horus-tybalt-marr-captain-of-the-18th-company/002.jpg
    saved data/images/sons-of-horus-tybalt-marr-captain-of-the-18th-company/003.jpg
    saved data/images/sons-of-horus-tybalt-marr-captain-of-the-18th-company/004.jpg
    saved data/images/sons-of-horus-tybalt-marr-captain-of-the-18th-company/005.jpg
    saved data/images/sons-of-horus-tybalt-marr-captain-of-the-18th-company/006.jpg
    saved data/images/sons-of-horus-tybalt-marr-captain-of-the-18th-company/description/001.jpg
    saved data/images/sons-of-horus-tybalt-marr-captain-of-the-18th-company/description/002.jpg
    saved data/images/sons-of-horus-tybalt-marr-captain-of-the-18th-company/description/003.jpg
    saved data/images/sons-of-horus-tybalt-marr-captain-of-the-18th-company/description/004.jpg
    saved data/images/sons-of-horus-tybalt-marr-captain-of-the-18th-company/description/005.jpg
    saved data/images/sons-of-horus-tybalt-marr-captain-of-the-18th-company/description/006.jpg
    saved data/images/sons-of-horus-tybalt-marr-captain-of-the-18th-company/description/007.jpg
    saved data/images/sons-of-horus-tybalt-marr-captain-of-the-18th-company/description/008.jpg
    saved data/images/sons-of-horus-tybalt-marr-captain-of-the-18th-company/description/009.jpg
    saved data/images/sons-of-horus-tybalt-marr-captain-of-the-18th-company/description/010.jpg
    saved data/images/sons-of-horus-tybalt-marr-captain-of-the-18th-company/description/011.jpg
    saved data/images/sons-of-horus-tybalt-marr-captain-of-the-18th-company/description/012.jpg
[105/541] scraping sons-of-horus-siege-breaker
  downloading 19 images...
    saved data/images/sons-of-horus-siege-breaker/001.jpg
    saved data/images/sons-of-horus-siege-breaker/002.jpg
    saved data/images/sons-of-horus-siege-breaker/003.jpg
    saved data/images/sons-of-horus-siege-breaker/004.jpg
    saved data/images/sons-of-horus-siege-breaker/005.jpg
    saved data/images/sons-of-horus-siege-breaker/006.jpg
    saved data/images/sons-of-horus-siege-breaker/description/001.jpg
    saved data/images/sons-of-horus-siege-breaker/description/002.jpg
    saved data/images/sons-of-horus-siege-breaker/description/003.jpg
    saved data/images/sons-of-horus-siege-breaker/description/004.jpg
    saved data/images/sons-of-horus-siege-breaker/description/005.jpg
    saved data/images/sons-of-horus-siege-breaker/description/006.jpg
    saved data/images/sons-of-horus-siege-breaker/description/007.jpg
    saved data/images/sons-of-horus-siege-breaker/description/008.jpg
    saved data/images/sons-of-horus-siege-breaker/description/009.jpg
    saved data/images/sons-of-horus-siege-breaker/description/010.jpg
    saved data/images/sons-of-horus-siege-breaker/description/011.jpg
    saved data/images/sons-of-horus-siege-breaker/description/012.jpg
    saved data/images/sons-of-horus-siege-breaker/description/013.jpg
[106/541] scraping white-scars-legion-praetor-in-cataphractii-terminator-armour-with-cyber-hawk,-chogorian-sword-and-combi-melta
  downloading 19 images...
    saved data/images/white-scars-legion-praetor-in-cataphractii-terminator-armour-with-cyber-hawk,-chogorian-sword-and-combi-melta/001.jpg
    saved data/images/white-scars-legion-praetor-in-cataphractii-terminator-armour-with-cyber-hawk,-chogorian-sword-and-combi-melta/002.jpg
    saved data/images/white-scars-legion-praetor-in-cataphractii-terminator-armour-with-cyber-hawk,-chogorian-sword-and-combi-melta/003.jpg
    saved data/images/white-scars-legion-praetor-in-cataphractii-terminator-armour-with-cyber-hawk,-chogorian-sword-and-combi-melta/004.jpg
    saved data/images/white-scars-legion-praetor-in-cataphractii-terminator-armour-with-cyber-hawk,-chogorian-sword-and-combi-melta/005.jpg
    saved data/images/white-scars-legion-praetor-in-cataphractii-terminator-armour-with-cyber-hawk,-chogorian-sword-and-combi-melta/006.jpg
    saved data/images/white-scars-legion-praetor-in-cataphractii-terminator-armour-with-cyber-hawk,-chogorian-sword-and-combi-melta/description/001.jpg
    saved data/images/white-scars-legion-praetor-in-cataphractii-terminator-armour-with-cyber-hawk,-chogorian-sword-and-combi-melta/description/002.jpg
    saved data/images/white-scars-legion-praetor-in-cataphractii-terminator-armour-with-cyber-hawk,-chogorian-sword-and-combi-melta/description/003.jpg
    saved data/images/white-scars-legion-praetor-in-cataphractii-terminator-armour-with-cyber-hawk,-chogorian-sword-and-combi-melta/description/004.jpg
    saved data/images/white-scars-legion-praetor-in-cataphractii-terminator-armour-with-cyber-hawk,-chogorian-sword-and-combi-melta/description/005.jpg
    saved data/images/white-scars-legion-praetor-in-cataphractii-terminator-armour-with-cyber-hawk,-chogorian-sword-and-combi-melta/description/006.jpg
    saved data/images/white-scars-legion-praetor-in-cataphractii-terminator-armour-with-cyber-hawk,-chogorian-sword-and-combi-melta/description/007.jpg
    saved data/images/white-scars-legion-praetor-in-cataphractii-terminator-armour-with-cyber-hawk,-chogorian-sword-and-combi-melta/description/008.jpg
    saved data/images/white-scars-legion-praetor-in-cataphractii-terminator-armour-with-cyber-hawk,-chogorian-sword-and-combi-melta/description/009.jpg
    saved data/images/white-scars-legion-praetor-in-cataphractii-terminator-armour-with-cyber-hawk,-chogorian-sword-and-combi-melta/description/010.jpg
    saved data/images/white-scars-legion-praetor-in-cataphractii-terminator-armour-with-cyber-hawk,-chogorian-sword-and-combi-melta/description/011.jpg
    saved data/images/white-scars-legion-praetor-in-cataphractii-terminator-armour-with-cyber-hawk,-chogorian-sword-and-combi-melta/description/012.jpg
    saved data/images/white-scars-legion-praetor-in-cataphractii-terminator-armour-with-cyber-hawk,-chogorian-sword-and-combi-melta/description/013.jpg
[107/541] scraping white-scars-stormseer-consul-with-force-staff-and-bolt-pistol
  downloading 17 images...
    saved data/images/white-scars-stormseer-consul-with-force-staff-and-bolt-pistol/001.jpg
    saved data/images/white-scars-stormseer-consul-with-force-staff-and-bolt-pistol/002.jpg
    saved data/images/white-scars-stormseer-consul-with-force-staff-and-bolt-pistol/003.jpg
    saved data/images/white-scars-stormseer-consul-with-force-staff-and-bolt-pistol/004.jpg
    saved data/images/white-scars-stormseer-consul-with-force-staff-and-bolt-pistol/005.jpg
    saved data/images/white-scars-stormseer-consul-with-force-staff-and-bolt-pistol/006.jpg
    saved data/images/white-scars-stormseer-consul-with-force-staff-and-bolt-pistol/description/001.jpg
    saved data/images/white-scars-stormseer-consul-with-force-staff-and-bolt-pistol/description/002.jpg
    saved data/images/white-scars-stormseer-consul-with-force-staff-and-bolt-pistol/description/003.jpg
    saved data/images/white-scars-stormseer-consul-with-force-staff-and-bolt-pistol/description/004.jpg
    saved data/images/white-scars-stormseer-consul-with-force-staff-and-bolt-pistol/description/005.jpg
    saved data/images/white-scars-stormseer-consul-with-force-staff-and-bolt-pistol/description/006.jpg
    saved data/images/white-scars-stormseer-consul-with-force-staff-and-bolt-pistol/description/007.jpg
    saved data/images/white-scars-stormseer-consul-with-force-staff-and-bolt-pistol/description/008.jpg
    saved data/images/white-scars-stormseer-consul-with-force-staff-and-bolt-pistol/description/009.jpg
    saved data/images/white-scars-stormseer-consul-with-force-staff-and-bolt-pistol/description/010.jpg
    saved data/images/white-scars-stormseer-consul-with-force-staff-and-bolt-pistol/description/011.jpg
[108/541] scraping raven-guard-terminator-squad
  downloading 43 images...
    saved data/images/raven-guard-terminator-squad/001.jpg
    saved data/images/raven-guard-terminator-squad/002.jpg
    saved data/images/raven-guard-terminator-squad/003.jpg
    saved data/images/raven-guard-terminator-squad/004.jpg
    saved data/images/raven-guard-terminator-squad/005.jpg
    saved data/images/raven-guard-terminator-squad/006.jpg
    saved data/images/raven-guard-terminator-squad/007.jpg
    saved data/images/raven-guard-terminator-squad/008.jpg
    saved data/images/raven-guard-terminator-squad/009.jpg
    saved data/images/raven-guard-terminator-squad/010.jpg
    saved data/images/raven-guard-terminator-squad/011.jpg
    saved data/images/raven-guard-terminator-squad/012.jpg
    saved data/images/raven-guard-terminator-squad/013.jpg
    saved data/images/raven-guard-terminator-squad/014.jpg
    saved data/images/raven-guard-terminator-squad/015.jpg
    saved data/images/raven-guard-terminator-squad/016.jpg
    saved data/images/raven-guard-terminator-squad/017.jpg
    saved data/images/raven-guard-terminator-squad/018.jpg
    saved data/images/raven-guard-terminator-squad/019.jpg
    saved data/images/raven-guard-terminator-squad/020.jpg
    saved data/images/raven-guard-terminator-squad/description/001.jpg
    saved data/images/raven-guard-terminator-squad/description/002.jpg
    saved data/images/raven-guard-terminator-squad/description/003.jpg
    saved data/images/raven-guard-terminator-squad/description/004.jpg
    saved data/images/raven-guard-terminator-squad/description/005.jpg
    saved data/images/raven-guard-terminator-squad/description/006.jpg
    saved data/images/raven-guard-terminator-squad/description/007.jpg
    saved data/images/raven-guard-terminator-squad/description/008.jpg
    saved data/images/raven-guard-terminator-squad/description/009.jpg
    saved data/images/raven-guard-terminator-squad/description/010.jpg
    saved data/images/raven-guard-terminator-squad/description/011.jpg
    saved data/images/raven-guard-terminator-squad/description/012.jpg
    saved data/images/raven-guard-terminator-squad/description/013.jpg
    saved data/images/raven-guard-terminator-squad/description/014.jpg
    saved data/images/raven-guard-terminator-squad/description/015.jpg
    saved data/images/raven-guard-terminator-squad/description/016.jpg
    saved data/images/raven-guard-terminator-squad/description/017.jpg
    saved data/images/raven-guard-terminator-squad/description/018.jpg
    saved data/images/raven-guard-terminator-squad/description/019.jpg
    saved data/images/raven-guard-terminator-squad/description/020.jpg
    saved data/images/raven-guard-terminator-squad/description/021.jpg
    saved data/images/raven-guard-terminator-squad/description/022.jpg
    saved data/images/raven-guard-terminator-squad/description/023.jpg
[109/541] scraping salamanders-terminator-squad
  downloading 44 images...
    saved data/images/salamanders-terminator-squad/001.jpg
    saved data/images/salamanders-terminator-squad/002.jpg
    saved data/images/salamanders-terminator-squad/003.jpg
    saved data/images/salamanders-terminator-squad/004.jpg
    saved data/images/salamanders-terminator-squad/005.jpg
    saved data/images/salamanders-terminator-squad/006.jpg
    saved data/images/salamanders-terminator-squad/007.jpg
    saved data/images/salamanders-terminator-squad/008.jpg
    saved data/images/salamanders-terminator-squad/009.jpg
    saved data/images/salamanders-terminator-squad/010.jpg
    saved data/images/salamanders-terminator-squad/011.jpg
    saved data/images/salamanders-terminator-squad/012.jpg
    saved data/images/salamanders-terminator-squad/013.jpg
    saved data/images/salamanders-terminator-squad/014.jpg
    saved data/images/salamanders-terminator-squad/015.jpg
    saved data/images/salamanders-terminator-squad/016.jpg
    saved data/images/salamanders-terminator-squad/017.jpg
    saved data/images/salamanders-terminator-squad/018.jpg
    saved data/images/salamanders-terminator-squad/019.jpg
    saved data/images/salamanders-terminator-squad/020.jpg
    saved data/images/salamanders-terminator-squad/description/001.jpg
    saved data/images/salamanders-terminator-squad/description/002.jpg
    saved data/images/salamanders-terminator-squad/description/003.jpg
    saved data/images/salamanders-terminator-squad/description/004.jpg
    saved data/images/salamanders-terminator-squad/description/005.jpg
    saved data/images/salamanders-terminator-squad/description/006.jpg
    saved data/images/salamanders-terminator-squad/description/007.jpg
    saved data/images/salamanders-terminator-squad/description/008.jpg
    saved data/images/salamanders-terminator-squad/description/009.jpg
    saved data/images/salamanders-terminator-squad/description/010.jpg
    saved data/images/salamanders-terminator-squad/description/011.jpg
    saved data/images/salamanders-terminator-squad/description/012.jpg
    saved data/images/salamanders-terminator-squad/description/013.jpg
    saved data/images/salamanders-terminator-squad/description/014.jpg
    saved data/images/salamanders-terminator-squad/description/015.jpg
    saved data/images/salamanders-terminator-squad/description/016.jpg
    saved data/images/salamanders-terminator-squad/description/017.jpg
    saved data/images/salamanders-terminator-squad/description/018.jpg
    saved data/images/salamanders-terminator-squad/description/019.jpg
    saved data/images/salamanders-terminator-squad/description/020.jpg
    saved data/images/salamanders-terminator-squad/description/021.jpg
    saved data/images/salamanders-terminator-squad/description/022.jpg
    saved data/images/salamanders-terminator-squad/description/023.jpg
    saved data/images/salamanders-terminator-squad/description/024.jpg
[110/541] scraping white-scars-terminator-squad-1
  downloading 41 images...
    saved data/images/white-scars-terminator-squad-1/001.jpg
    saved data/images/white-scars-terminator-squad-1/002.jpg
    saved data/images/white-scars-terminator-squad-1/003.jpg
    saved data/images/white-scars-terminator-squad-1/004.jpg
    saved data/images/white-scars-terminator-squad-1/005.jpg
    saved data/images/white-scars-terminator-squad-1/006.jpg
    saved data/images/white-scars-terminator-squad-1/007.jpg
    saved data/images/white-scars-terminator-squad-1/008.jpg
    saved data/images/white-scars-terminator-squad-1/009.jpg
    saved data/images/white-scars-terminator-squad-1/010.jpg
    saved data/images/white-scars-terminator-squad-1/011.jpg
    saved data/images/white-scars-terminator-squad-1/012.jpg
    saved data/images/white-scars-terminator-squad-1/013.jpg
    saved data/images/white-scars-terminator-squad-1/014.jpg
    saved data/images/white-scars-terminator-squad-1/015.jpg
    saved data/images/white-scars-terminator-squad-1/016.jpg
    saved data/images/white-scars-terminator-squad-1/017.jpg
    saved data/images/white-scars-terminator-squad-1/018.jpg
    saved data/images/white-scars-terminator-squad-1/019.jpg
    saved data/images/white-scars-terminator-squad-1/020.jpg
    saved data/images/white-scars-terminator-squad-1/description/001.jpg
    saved data/images/white-scars-terminator-squad-1/description/002.jpg
    saved data/images/white-scars-terminator-squad-1/description/003.jpg
    saved data/images/white-scars-terminator-squad-1/description/004.jpg
    saved data/images/white-scars-terminator-squad-1/description/005.jpg
    saved data/images/white-scars-terminator-squad-1/description/006.jpg
    saved data/images/white-scars-terminator-squad-1/description/007.jpg
    saved data/images/white-scars-terminator-squad-1/description/008.jpg
    saved data/images/white-scars-terminator-squad-1/description/009.jpg
    saved data/images/white-scars-terminator-squad-1/description/010.jpg
    saved data/images/white-scars-terminator-squad-1/description/011.jpg
    saved data/images/white-scars-terminator-squad-1/description/012.jpg
    saved data/images/white-scars-terminator-squad-1/description/013.jpg
    saved data/images/white-scars-terminator-squad-1/description/014.jpg
    saved data/images/white-scars-terminator-squad-1/description/015.jpg
    saved data/images/white-scars-terminator-squad-1/description/016.jpg
    saved data/images/white-scars-terminator-squad-1/description/017.jpg
    saved data/images/white-scars-terminator-squad-1/description/018.jpg
    saved data/images/white-scars-terminator-squad-1/description/019.jpg
    saved data/images/white-scars-terminator-squad-1/description/020.jpg
    saved data/images/white-scars-terminator-squad-1/description/021.jpg
[111/541] scraping imperial-fists-terminator-squad
  downloading 44 images...
    saved data/images/imperial-fists-terminator-squad/001.jpg
    saved data/images/imperial-fists-terminator-squad/002.jpg
    saved data/images/imperial-fists-terminator-squad/003.jpg
    saved data/images/imperial-fists-terminator-squad/004.jpg
    saved data/images/imperial-fists-terminator-squad/005.jpg
    saved data/images/imperial-fists-terminator-squad/006.jpg
    saved data/images/imperial-fists-terminator-squad/007.jpg
    saved data/images/imperial-fists-terminator-squad/008.jpg
    saved data/images/imperial-fists-terminator-squad/009.jpg
    saved data/images/imperial-fists-terminator-squad/010.jpg
    saved data/images/imperial-fists-terminator-squad/011.jpg
    saved data/images/imperial-fists-terminator-squad/012.jpg
    saved data/images/imperial-fists-terminator-squad/013.jpg
    saved data/images/imperial-fists-terminator-squad/014.jpg
    saved data/images/imperial-fists-terminator-squad/015.jpg
    saved data/images/imperial-fists-terminator-squad/016.jpg
    saved data/images/imperial-fists-terminator-squad/017.jpg
    saved data/images/imperial-fists-terminator-squad/018.jpg
    saved data/images/imperial-fists-terminator-squad/019.jpg
    saved data/images/imperial-fists-terminator-squad/020.jpg
    saved data/images/imperial-fists-terminator-squad/description/001.jpg
    saved data/images/imperial-fists-terminator-squad/description/002.jpg
    saved data/images/imperial-fists-terminator-squad/description/003.jpg
    saved data/images/imperial-fists-terminator-squad/description/004.jpg
    saved data/images/imperial-fists-terminator-squad/description/005.jpg
    saved data/images/imperial-fists-terminator-squad/description/006.jpg
    saved data/images/imperial-fists-terminator-squad/description/007.jpg
    saved data/images/imperial-fists-terminator-squad/description/008.jpg
    saved data/images/imperial-fists-terminator-squad/description/009.jpg
    saved data/images/imperial-fists-terminator-squad/description/010.jpg
    saved data/images/imperial-fists-terminator-squad/description/011.jpg
    saved data/images/imperial-fists-terminator-squad/description/012.jpg
    saved data/images/imperial-fists-terminator-squad/description/013.jpg
    saved data/images/imperial-fists-terminator-squad/description/014.jpg
    saved data/images/imperial-fists-terminator-squad/description/015.jpg
    saved data/images/imperial-fists-terminator-squad/description/016.jpg
    saved data/images/imperial-fists-terminator-squad/description/017.jpg
    saved data/images/imperial-fists-terminator-squad/description/018.jpg
    saved data/images/imperial-fists-terminator-squad/description/019.jpg
    saved data/images/imperial-fists-terminator-squad/description/020.jpg
    saved data/images/imperial-fists-terminator-squad/description/021.jpg
    saved data/images/imperial-fists-terminator-squad/description/022.jpg
    saved data/images/imperial-fists-terminator-squad/description/023.jpg
    saved data/images/imperial-fists-terminator-squad/description/024.jpg
[112/541] scraping dark-angels-terminator-squad
  downloading 45 images...
    saved data/images/dark-angels-terminator-squad/001.jpg
    saved data/images/dark-angels-terminator-squad/002.jpg
    saved data/images/dark-angels-terminator-squad/003.jpg
    saved data/images/dark-angels-terminator-squad/004.jpg
    saved data/images/dark-angels-terminator-squad/005.jpg
    saved data/images/dark-angels-terminator-squad/006.jpg
    saved data/images/dark-angels-terminator-squad/007.jpg
    saved data/images/dark-angels-terminator-squad/008.jpg
    saved data/images/dark-angels-terminator-squad/009.jpg
    saved data/images/dark-angels-terminator-squad/010.jpg
    saved data/images/dark-angels-terminator-squad/011.jpg
    saved data/images/dark-angels-terminator-squad/012.jpg
    saved data/images/dark-angels-terminator-squad/013.jpg
    saved data/images/dark-angels-terminator-squad/014.jpg
    saved data/images/dark-angels-terminator-squad/015.jpg
    saved data/images/dark-angels-terminator-squad/016.jpg
    saved data/images/dark-angels-terminator-squad/017.jpg
    saved data/images/dark-angels-terminator-squad/018.jpg
    saved data/images/dark-angels-terminator-squad/019.jpg
    saved data/images/dark-angels-terminator-squad/020.jpg
    saved data/images/dark-angels-terminator-squad/021.jpg
    saved data/images/dark-angels-terminator-squad/description/001.jpg
    saved data/images/dark-angels-terminator-squad/description/002.jpg
    saved data/images/dark-angels-terminator-squad/description/003.jpg
    saved data/images/dark-angels-terminator-squad/description/004.jpg
    saved data/images/dark-angels-terminator-squad/description/005.jpg
    saved data/images/dark-angels-terminator-squad/description/006.jpg
    saved data/images/dark-angels-terminator-squad/description/007.jpg
    saved data/images/dark-angels-terminator-squad/description/008.jpg
    saved data/images/dark-angels-terminator-squad/description/009.jpg
    saved data/images/dark-angels-terminator-squad/description/010.jpg
    saved data/images/dark-angels-terminator-squad/description/011.jpg
    saved data/images/dark-angels-terminator-squad/description/012.jpg
    saved data/images/dark-angels-terminator-squad/description/013.jpg
    saved data/images/dark-angels-terminator-squad/description/014.jpg
    saved data/images/dark-angels-terminator-squad/description/015.jpg
    saved data/images/dark-angels-terminator-squad/description/016.jpg
    saved data/images/dark-angels-terminator-squad/description/017.jpg
    saved data/images/dark-angels-terminator-squad/description/018.jpg
    saved data/images/dark-angels-terminator-squad/description/019.jpg
    saved data/images/dark-angels-terminator-squad/description/020.jpg
    saved data/images/dark-angels-terminator-squad/description/021.jpg
    saved data/images/dark-angels-terminator-squad/description/022.jpg
    saved data/images/dark-angels-terminator-squad/description/023.jpg
    saved data/images/dark-angels-terminator-squad/description/024.jpg
[113/541] scraping black-templars-terminator-squad
  downloading 43 images...
    saved data/images/black-templars-terminator-squad/001.jpg
    saved data/images/black-templars-terminator-squad/002.jpg
    saved data/images/black-templars-terminator-squad/003.jpg
    saved data/images/black-templars-terminator-squad/004.jpg
    saved data/images/black-templars-terminator-squad/005.jpg
    saved data/images/black-templars-terminator-squad/006.jpg
    saved data/images/black-templars-terminator-squad/007.jpg
    saved data/images/black-templars-terminator-squad/008.jpg
    saved data/images/black-templars-terminator-squad/009.jpg
    saved data/images/black-templars-terminator-squad/010.jpg
    saved data/images/black-templars-terminator-squad/011.jpg
    saved data/images/black-templars-terminator-squad/012.jpg
    saved data/images/black-templars-terminator-squad/013.jpg
    saved data/images/black-templars-terminator-squad/014.jpg
    saved data/images/black-templars-terminator-squad/015.jpg
    saved data/images/black-templars-terminator-squad/016.jpg
    saved data/images/black-templars-terminator-squad/017.jpg
    saved data/images/black-templars-terminator-squad/018.jpg
    saved data/images/black-templars-terminator-squad/019.jpg
    saved data/images/black-templars-terminator-squad/020.jpg
    saved data/images/black-templars-terminator-squad/description/001.jpg
    saved data/images/black-templars-terminator-squad/description/002.jpg
    saved data/images/black-templars-terminator-squad/description/003.jpg
    saved data/images/black-templars-terminator-squad/description/004.jpg
    saved data/images/black-templars-terminator-squad/description/005.jpg
    saved data/images/black-templars-terminator-squad/description/006.jpg
    saved data/images/black-templars-terminator-squad/description/007.jpg
    saved data/images/black-templars-terminator-squad/description/008.jpg
    saved data/images/black-templars-terminator-squad/description/009.jpg
    saved data/images/black-templars-terminator-squad/description/010.jpg
    saved data/images/black-templars-terminator-squad/description/011.jpg
    saved data/images/black-templars-terminator-squad/description/012.jpg
    saved data/images/black-templars-terminator-squad/description/013.jpg
    saved data/images/black-templars-terminator-squad/description/014.jpg
    saved data/images/black-templars-terminator-squad/description/015.jpg
    saved data/images/black-templars-terminator-squad/description/016.jpg
    saved data/images/black-templars-terminator-squad/description/017.jpg
    saved data/images/black-templars-terminator-squad/description/018.jpg
    saved data/images/black-templars-terminator-squad/description/019.jpg
    saved data/images/black-templars-terminator-squad/description/020.jpg
    saved data/images/black-templars-terminator-squad/description/021.jpg
    saved data/images/black-templars-terminator-squad/description/022.jpg
    saved data/images/black-templars-terminator-squad/description/023.jpg
[114/541] scraping mkvi-tactical-legion-squad
  downloading 53 images...
    saved data/images/mkvi-tactical-legion-squad/001.jpg
    saved data/images/mkvi-tactical-legion-squad/002.jpg
    saved data/images/mkvi-tactical-legion-squad/003.jpg
    saved data/images/mkvi-tactical-legion-squad/004.jpg
    saved data/images/mkvi-tactical-legion-squad/005.jpg
    saved data/images/mkvi-tactical-legion-squad/006.jpg
    saved data/images/mkvi-tactical-legion-squad/007.jpg
    saved data/images/mkvi-tactical-legion-squad/008.jpg
    saved data/images/mkvi-tactical-legion-squad/009.jpg
    saved data/images/mkvi-tactical-legion-squad/010.jpg
    saved data/images/mkvi-tactical-legion-squad/011.jpg
    saved data/images/mkvi-tactical-legion-squad/012.jpg
    saved data/images/mkvi-tactical-legion-squad/013.jpg
    saved data/images/mkvi-tactical-legion-squad/014.jpg
    saved data/images/mkvi-tactical-legion-squad/015.jpg
    saved data/images/mkvi-tactical-legion-squad/016.jpg
    saved data/images/mkvi-tactical-legion-squad/017.jpg
    saved data/images/mkvi-tactical-legion-squad/018.jpg
    saved data/images/mkvi-tactical-legion-squad/019.jpg
    saved data/images/mkvi-tactical-legion-squad/020.jpg
    saved data/images/mkvi-tactical-legion-squad/021.jpg
    saved data/images/mkvi-tactical-legion-squad/022.jpg
    saved data/images/mkvi-tactical-legion-squad/023.jpg
    saved data/images/mkvi-tactical-legion-squad/description/001.jpg
    saved data/images/mkvi-tactical-legion-squad/description/002.jpg
    saved data/images/mkvi-tactical-legion-squad/description/003.jpg
    saved data/images/mkvi-tactical-legion-squad/description/004.jpg
    saved data/images/mkvi-tactical-legion-squad/description/005.jpg
    saved data/images/mkvi-tactical-legion-squad/description/006.jpg
    saved data/images/mkvi-tactical-legion-squad/description/007.jpg
    saved data/images/mkvi-tactical-legion-squad/description/008.jpg
    saved data/images/mkvi-tactical-legion-squad/description/009.jpg
    saved data/images/mkvi-tactical-legion-squad/description/010.jpg
    saved data/images/mkvi-tactical-legion-squad/description/011.jpg
    saved data/images/mkvi-tactical-legion-squad/description/012.jpg
    saved data/images/mkvi-tactical-legion-squad/description/013.jpg
    saved data/images/mkvi-tactical-legion-squad/description/014.jpg
    saved data/images/mkvi-tactical-legion-squad/description/015.jpg
    saved data/images/mkvi-tactical-legion-squad/description/016.jpg
    saved data/images/mkvi-tactical-legion-squad/description/017.jpg
    saved data/images/mkvi-tactical-legion-squad/description/018.jpg
    saved data/images/mkvi-tactical-legion-squad/description/019.jpg
    saved data/images/mkvi-tactical-legion-squad/description/020.jpg
    saved data/images/mkvi-tactical-legion-squad/description/021.jpg
    saved data/images/mkvi-tactical-legion-squad/description/022.jpg
    saved data/images/mkvi-tactical-legion-squad/description/023.jpg
    saved data/images/mkvi-tactical-legion-squad/description/024.jpg
    saved data/images/mkvi-tactical-legion-squad/description/025.jpg
    saved data/images/mkvi-tactical-legion-squad/description/026.jpg
    saved data/images/mkvi-tactical-legion-squad/description/027.jpg
    saved data/images/mkvi-tactical-legion-squad/description/028.jpg
    saved data/images/mkvi-tactical-legion-squad/description/029.jpg
    saved data/images/mkvi-tactical-legion-squad/description/030.jpg
[115/541] scraping imperial-fist-mkvi-tactical-legionary
  downloading 17 images...
    saved data/images/imperial-fist-mkvi-tactical-legionary/001.jpg
    saved data/images/imperial-fist-mkvi-tactical-legionary/002.jpg
    saved data/images/imperial-fist-mkvi-tactical-legionary/003.jpg
    saved data/images/imperial-fist-mkvi-tactical-legionary/004.jpg
    saved data/images/imperial-fist-mkvi-tactical-legionary/005.jpg
    saved data/images/imperial-fist-mkvi-tactical-legionary/006.jpg
    saved data/images/imperial-fist-mkvi-tactical-legionary/description/001.jpg
    saved data/images/imperial-fist-mkvi-tactical-legionary/description/002.jpg
    saved data/images/imperial-fist-mkvi-tactical-legionary/description/003.jpg
    saved data/images/imperial-fist-mkvi-tactical-legionary/description/004.jpg
    saved data/images/imperial-fist-mkvi-tactical-legionary/description/005.jpg
    saved data/images/imperial-fist-mkvi-tactical-legionary/description/006.jpg
    saved data/images/imperial-fist-mkvi-tactical-legionary/description/007.jpg
    saved data/images/imperial-fist-mkvi-tactical-legionary/description/008.jpg
    saved data/images/imperial-fist-mkvi-tactical-legionary/description/009.jpg
    saved data/images/imperial-fist-mkvi-tactical-legionary/description/010.jpg
    saved data/images/imperial-fist-mkvi-tactical-legionary/description/011.jpg
[116/541] scraping alpha-legion-mkvi-tactical-legionary
  downloading 17 images...
    saved data/images/alpha-legion-mkvi-tactical-legionary/001.jpg
    saved data/images/alpha-legion-mkvi-tactical-legionary/002.jpg
    saved data/images/alpha-legion-mkvi-tactical-legionary/003.jpg
    saved data/images/alpha-legion-mkvi-tactical-legionary/004.jpg
    saved data/images/alpha-legion-mkvi-tactical-legionary/005.jpg
    saved data/images/alpha-legion-mkvi-tactical-legionary/006.jpg
    saved data/images/alpha-legion-mkvi-tactical-legionary/description/001.jpg
    saved data/images/alpha-legion-mkvi-tactical-legionary/description/002.jpg
    saved data/images/alpha-legion-mkvi-tactical-legionary/description/003.jpg
    saved data/images/alpha-legion-mkvi-tactical-legionary/description/004.jpg
    saved data/images/alpha-legion-mkvi-tactical-legionary/description/005.jpg
    saved data/images/alpha-legion-mkvi-tactical-legionary/description/006.jpg
    saved data/images/alpha-legion-mkvi-tactical-legionary/description/007.jpg
    saved data/images/alpha-legion-mkvi-tactical-legionary/description/008.jpg
    saved data/images/alpha-legion-mkvi-tactical-legionary/description/009.jpg
    saved data/images/alpha-legion-mkvi-tactical-legionary/description/010.jpg
    saved data/images/alpha-legion-mkvi-tactical-legionary/description/011.jpg
[117/541] scraping thousand-sons-mkvi-tactical-legionary
  downloading 18 images...
    saved data/images/thousand-sons-mkvi-tactical-legionary/001.jpg
    saved data/images/thousand-sons-mkvi-tactical-legionary/002.jpg
    saved data/images/thousand-sons-mkvi-tactical-legionary/003.jpg
    saved data/images/thousand-sons-mkvi-tactical-legionary/004.jpg
    saved data/images/thousand-sons-mkvi-tactical-legionary/005.jpg
    saved data/images/thousand-sons-mkvi-tactical-legionary/006.jpg
    saved data/images/thousand-sons-mkvi-tactical-legionary/description/001.jpg
    saved data/images/thousand-sons-mkvi-tactical-legionary/description/002.jpg
    saved data/images/thousand-sons-mkvi-tactical-legionary/description/003.jpg
    saved data/images/thousand-sons-mkvi-tactical-legionary/description/004.jpg
    saved data/images/thousand-sons-mkvi-tactical-legionary/description/005.jpg
    saved data/images/thousand-sons-mkvi-tactical-legionary/description/006.jpg
    saved data/images/thousand-sons-mkvi-tactical-legionary/description/007.jpg
    saved data/images/thousand-sons-mkvi-tactical-legionary/description/008.jpg
    saved data/images/thousand-sons-mkvi-tactical-legionary/description/009.jpg
    saved data/images/thousand-sons-mkvi-tactical-legionary/description/010.jpg
    saved data/images/thousand-sons-mkvi-tactical-legionary/description/011.jpg
    saved data/images/thousand-sons-mkvi-tactical-legionary/description/012.jpg
[118/541] scraping space-wolves-mkvi-tactical-legionary
  downloading 17 images...
    saved data/images/space-wolves-mkvi-tactical-legionary/001.jpg
    saved data/images/space-wolves-mkvi-tactical-legionary/002.jpg
    saved data/images/space-wolves-mkvi-tactical-legionary/003.jpg
    saved data/images/space-wolves-mkvi-tactical-legionary/004.jpg
    saved data/images/space-wolves-mkvi-tactical-legionary/005.jpg
    saved data/images/space-wolves-mkvi-tactical-legionary/006.jpg
    saved data/images/space-wolves-mkvi-tactical-legionary/description/001.jpg
    saved data/images/space-wolves-mkvi-tactical-legionary/description/002.jpg
    saved data/images/space-wolves-mkvi-tactical-legionary/description/003.jpg
    saved data/images/space-wolves-mkvi-tactical-legionary/description/004.jpg
    saved data/images/space-wolves-mkvi-tactical-legionary/description/005.jpg
    saved data/images/space-wolves-mkvi-tactical-legionary/description/006.jpg
    saved data/images/space-wolves-mkvi-tactical-legionary/description/007.jpg
    saved data/images/space-wolves-mkvi-tactical-legionary/description/008.jpg
    saved data/images/space-wolves-mkvi-tactical-legionary/description/009.jpg
    saved data/images/space-wolves-mkvi-tactical-legionary/description/010.jpg
    saved data/images/space-wolves-mkvi-tactical-legionary/description/011.jpg
[119/541] scraping blood-angels-mkvi-tactical-legionary
  downloading 17 images...
    saved data/images/blood-angels-mkvi-tactical-legionary/001.jpg
    saved data/images/blood-angels-mkvi-tactical-legionary/002.jpg
    saved data/images/blood-angels-mkvi-tactical-legionary/003.jpg
    saved data/images/blood-angels-mkvi-tactical-legionary/004.jpg
    saved data/images/blood-angels-mkvi-tactical-legionary/005.jpg
    saved data/images/blood-angels-mkvi-tactical-legionary/006.jpg
    saved data/images/blood-angels-mkvi-tactical-legionary/description/001.jpg
    saved data/images/blood-angels-mkvi-tactical-legionary/description/002.jpg
    saved data/images/blood-angels-mkvi-tactical-legionary/description/003.jpg
    saved data/images/blood-angels-mkvi-tactical-legionary/description/004.jpg
    saved data/images/blood-angels-mkvi-tactical-legionary/description/005.jpg
    saved data/images/blood-angels-mkvi-tactical-legionary/description/006.jpg
    saved data/images/blood-angels-mkvi-tactical-legionary/description/007.jpg
    saved data/images/blood-angels-mkvi-tactical-legionary/description/008.jpg
    saved data/images/blood-angels-mkvi-tactical-legionary/description/009.jpg
    saved data/images/blood-angels-mkvi-tactical-legionary/description/010.jpg
    saved data/images/blood-angels-mkvi-tactical-legionary/description/011.jpg
[120/541] scraping sons-of-horus-mkvi-tactical-legionary
  downloading 17 images...
    saved data/images/sons-of-horus-mkvi-tactical-legionary/001.jpg
    saved data/images/sons-of-horus-mkvi-tactical-legionary/002.jpg
    saved data/images/sons-of-horus-mkvi-tactical-legionary/003.jpg
    saved data/images/sons-of-horus-mkvi-tactical-legionary/004.jpg
    saved data/images/sons-of-horus-mkvi-tactical-legionary/005.jpg
    saved data/images/sons-of-horus-mkvi-tactical-legionary/006.jpg
    saved data/images/sons-of-horus-mkvi-tactical-legionary/description/001.jpg
    saved data/images/sons-of-horus-mkvi-tactical-legionary/description/002.jpg
    saved data/images/sons-of-horus-mkvi-tactical-legionary/description/003.jpg
    saved data/images/sons-of-horus-mkvi-tactical-legionary/description/004.jpg
    saved data/images/sons-of-horus-mkvi-tactical-legionary/description/005.jpg
    saved data/images/sons-of-horus-mkvi-tactical-legionary/description/006.jpg
    saved data/images/sons-of-horus-mkvi-tactical-legionary/description/007.jpg
    saved data/images/sons-of-horus-mkvi-tactical-legionary/description/008.jpg
    saved data/images/sons-of-horus-mkvi-tactical-legionary/description/009.jpg
    saved data/images/sons-of-horus-mkvi-tactical-legionary/description/010.jpg
    saved data/images/sons-of-horus-mkvi-tactical-legionary/description/011.jpg
[121/541] scraping ultramarines-mkvi-tactical-legionary
  downloading 17 images...
    saved data/images/ultramarines-mkvi-tactical-legionary/001.jpg
    saved data/images/ultramarines-mkvi-tactical-legionary/002.jpg
    saved data/images/ultramarines-mkvi-tactical-legionary/003.jpg
    saved data/images/ultramarines-mkvi-tactical-legionary/004.jpg
    saved data/images/ultramarines-mkvi-tactical-legionary/005.jpg
    saved data/images/ultramarines-mkvi-tactical-legionary/006.jpg
    saved data/images/ultramarines-mkvi-tactical-legionary/description/001.jpg
    saved data/images/ultramarines-mkvi-tactical-legionary/description/002.jpg
    saved data/images/ultramarines-mkvi-tactical-legionary/description/003.jpg
    saved data/images/ultramarines-mkvi-tactical-legionary/description/004.jpg
    saved data/images/ultramarines-mkvi-tactical-legionary/description/005.jpg
    saved data/images/ultramarines-mkvi-tactical-legionary/description/006.jpg
    saved data/images/ultramarines-mkvi-tactical-legionary/description/007.jpg
    saved data/images/ultramarines-mkvi-tactical-legionary/description/008.jpg
    saved data/images/ultramarines-mkvi-tactical-legionary/description/009.jpg
    saved data/images/ultramarines-mkvi-tactical-legionary/description/010.jpg
    saved data/images/ultramarines-mkvi-tactical-legionary/description/011.jpg
[122/541] scraping white-scars-mkvi-tactical-legionary
  downloading 19 images...
    saved data/images/white-scars-mkvi-tactical-legionary/001.jpg
    saved data/images/white-scars-mkvi-tactical-legionary/002.jpg
    saved data/images/white-scars-mkvi-tactical-legionary/003.jpg
    saved data/images/white-scars-mkvi-tactical-legionary/004.jpg
    saved data/images/white-scars-mkvi-tactical-legionary/005.jpg
    saved data/images/white-scars-mkvi-tactical-legionary/006.jpg
    saved data/images/white-scars-mkvi-tactical-legionary/description/001.jpg
    saved data/images/white-scars-mkvi-tactical-legionary/description/002.jpg
    saved data/images/white-scars-mkvi-tactical-legionary/description/003.jpg
    saved data/images/white-scars-mkvi-tactical-legionary/description/004.jpg
    saved data/images/white-scars-mkvi-tactical-legionary/description/005.jpg
    saved data/images/white-scars-mkvi-tactical-legionary/description/006.jpg
    saved data/images/white-scars-mkvi-tactical-legionary/description/007.jpg
    saved data/images/white-scars-mkvi-tactical-legionary/description/008.jpg
    saved data/images/white-scars-mkvi-tactical-legionary/description/009.jpg
    saved data/images/white-scars-mkvi-tactical-legionary/description/010.jpg
    saved data/images/white-scars-mkvi-tactical-legionary/description/011.jpg
    saved data/images/white-scars-mkvi-tactical-legionary/description/012.jpg
    saved data/images/white-scars-mkvi-tactical-legionary/description/013.jpg
[123/541] scraping white-scars-mkill-tactical-legionary
  downloading 17 images...
    saved data/images/white-scars-mkill-tactical-legionary/001.jpg
    saved data/images/white-scars-mkill-tactical-legionary/002.jpg
    saved data/images/white-scars-mkill-tactical-legionary/003.jpg
    saved data/images/white-scars-mkill-tactical-legionary/004.jpg
    saved data/images/white-scars-mkill-tactical-legionary/005.jpg
    saved data/images/white-scars-mkill-tactical-legionary/006.jpg
    saved data/images/white-scars-mkill-tactical-legionary/description/001.jpg
    saved data/images/white-scars-mkill-tactical-legionary/description/002.jpg
    saved data/images/white-scars-mkill-tactical-legionary/description/003.jpg
    saved data/images/white-scars-mkill-tactical-legionary/description/004.jpg
    saved data/images/white-scars-mkill-tactical-legionary/description/005.jpg
    saved data/images/white-scars-mkill-tactical-legionary/description/006.jpg
    saved data/images/white-scars-mkill-tactical-legionary/description/007.jpg
    saved data/images/white-scars-mkill-tactical-legionary/description/008.jpg
    saved data/images/white-scars-mkill-tactical-legionary/description/009.jpg
    saved data/images/white-scars-mkill-tactical-legionary/description/010.jpg
    saved data/images/white-scars-mkill-tactical-legionary/description/011.jpg
[124/541] scraping imperial-fists-librarian-consul-with-force-axe-and-bolt-pistol
  downloading 19 images...
    saved data/images/imperial-fists-librarian-consul-with-force-axe-and-bolt-pistol/001.jpg
    saved data/images/imperial-fists-librarian-consul-with-force-axe-and-bolt-pistol/002.jpg
    saved data/images/imperial-fists-librarian-consul-with-force-axe-and-bolt-pistol/003.jpg
    saved data/images/imperial-fists-librarian-consul-with-force-axe-and-bolt-pistol/004.jpg
    saved data/images/imperial-fists-librarian-consul-with-force-axe-and-bolt-pistol/005.jpg
    saved data/images/imperial-fists-librarian-consul-with-force-axe-and-bolt-pistol/006.jpg
    saved data/images/imperial-fists-librarian-consul-with-force-axe-and-bolt-pistol/description/001.jpg
    saved data/images/imperial-fists-librarian-consul-with-force-axe-and-bolt-pistol/description/002.jpg
    saved data/images/imperial-fists-librarian-consul-with-force-axe-and-bolt-pistol/description/003.jpg
    saved data/images/imperial-fists-librarian-consul-with-force-axe-and-bolt-pistol/description/004.jpg
    saved data/images/imperial-fists-librarian-consul-with-force-axe-and-bolt-pistol/description/005.jpg
    saved data/images/imperial-fists-librarian-consul-with-force-axe-and-bolt-pistol/description/006.jpg
    saved data/images/imperial-fists-librarian-consul-with-force-axe-and-bolt-pistol/description/007.jpg
    saved data/images/imperial-fists-librarian-consul-with-force-axe-and-bolt-pistol/description/008.jpg
    saved data/images/imperial-fists-librarian-consul-with-force-axe-and-bolt-pistol/description/009.jpg
    saved data/images/imperial-fists-librarian-consul-with-force-axe-and-bolt-pistol/description/010.jpg
    saved data/images/imperial-fists-librarian-consul-with-force-axe-and-bolt-pistol/description/011.jpg
    saved data/images/imperial-fists-librarian-consul-with-force-axe-and-bolt-pistol/description/012.jpg
    saved data/images/imperial-fists-librarian-consul-with-force-axe-and-bolt-pistol/description/013.jpg
[125/541] scraping imperial-fists-legion-praetor-in-tartaros-terminator-armour-with-power-sword-and-vigil-storm-shield
  downloading 17 images...
    saved data/images/imperial-fists-legion-praetor-in-tartaros-terminator-armour-with-power-sword-and-vigil-storm-shield/001.jpg
    saved data/images/imperial-fists-legion-praetor-in-tartaros-terminator-armour-with-power-sword-and-vigil-storm-shield/002.jpg
    saved data/images/imperial-fists-legion-praetor-in-tartaros-terminator-armour-with-power-sword-and-vigil-storm-shield/003.jpg
    saved data/images/imperial-fists-legion-praetor-in-tartaros-terminator-armour-with-power-sword-and-vigil-storm-shield/004.jpg
    saved data/images/imperial-fists-legion-praetor-in-tartaros-terminator-armour-with-power-sword-and-vigil-storm-shield/005.jpg
    saved data/images/imperial-fists-legion-praetor-in-tartaros-terminator-armour-with-power-sword-and-vigil-storm-shield/006.jpg
    saved data/images/imperial-fists-legion-praetor-in-tartaros-terminator-armour-with-power-sword-and-vigil-storm-shield/description/001.jpg
    saved data/images/imperial-fists-legion-praetor-in-tartaros-terminator-armour-with-power-sword-and-vigil-storm-shield/description/002.jpg
    saved data/images/imperial-fists-legion-praetor-in-tartaros-terminator-armour-with-power-sword-and-vigil-storm-shield/description/003.jpg
    saved data/images/imperial-fists-legion-praetor-in-tartaros-terminator-armour-with-power-sword-and-vigil-storm-shield/description/004.jpg
    saved data/images/imperial-fists-legion-praetor-in-tartaros-terminator-armour-with-power-sword-and-vigil-storm-shield/description/005.jpg
    saved data/images/imperial-fists-legion-praetor-in-tartaros-terminator-armour-with-power-sword-and-vigil-storm-shield/description/006.jpg
    saved data/images/imperial-fists-legion-praetor-in-tartaros-terminator-armour-with-power-sword-and-vigil-storm-shield/description/007.jpg
    saved data/images/imperial-fists-legion-praetor-in-tartaros-terminator-armour-with-power-sword-and-vigil-storm-shield/description/008.jpg
    saved data/images/imperial-fists-legion-praetor-in-tartaros-terminator-armour-with-power-sword-and-vigil-storm-shield/description/009.jpg
    saved data/images/imperial-fists-legion-praetor-in-tartaros-terminator-armour-with-power-sword-and-vigil-storm-shield/description/010.jpg
    saved data/images/imperial-fists-legion-praetor-in-tartaros-terminator-armour-with-power-sword-and-vigil-storm-shield/description/011.jpg
[126/541] scraping white-scars-terminator-squad
  downloading 48 images...
    saved data/images/white-scars-terminator-squad/001.jpg
    saved data/images/white-scars-terminator-squad/002.jpg
    saved data/images/white-scars-terminator-squad/003.jpg
    saved data/images/white-scars-terminator-squad/004.jpg
    saved data/images/white-scars-terminator-squad/005.jpg
    saved data/images/white-scars-terminator-squad/006.jpg
    saved data/images/white-scars-terminator-squad/007.jpg
    saved data/images/white-scars-terminator-squad/008.jpg
    saved data/images/white-scars-terminator-squad/009.jpg
    saved data/images/white-scars-terminator-squad/010.jpg
    saved data/images/white-scars-terminator-squad/011.jpg
    saved data/images/white-scars-terminator-squad/012.jpg
    saved data/images/white-scars-terminator-squad/013.jpg
    saved data/images/white-scars-terminator-squad/014.jpg
    saved data/images/white-scars-terminator-squad/015.jpg
    saved data/images/white-scars-terminator-squad/016.jpg
    saved data/images/white-scars-terminator-squad/017.jpg
    saved data/images/white-scars-terminator-squad/018.jpg
    saved data/images/white-scars-terminator-squad/019.jpg
    saved data/images/white-scars-terminator-squad/020.jpg
    saved data/images/white-scars-terminator-squad/description/001.jpg
    saved data/images/white-scars-terminator-squad/description/002.jpg
    saved data/images/white-scars-terminator-squad/description/003.jpg
    saved data/images/white-scars-terminator-squad/description/004.jpg
    saved data/images/white-scars-terminator-squad/description/005.jpg
    saved data/images/white-scars-terminator-squad/description/006.jpg
    saved data/images/white-scars-terminator-squad/description/007.jpg
    saved data/images/white-scars-terminator-squad/description/008.jpg
    saved data/images/white-scars-terminator-squad/description/009.jpg
    saved data/images/white-scars-terminator-squad/description/010.jpg
    saved data/images/white-scars-terminator-squad/description/011.jpg
    saved data/images/white-scars-terminator-squad/description/012.jpg
    saved data/images/white-scars-terminator-squad/description/013.jpg
    saved data/images/white-scars-terminator-squad/description/014.jpg
    saved data/images/white-scars-terminator-squad/description/015.jpg
    saved data/images/white-scars-terminator-squad/description/016.jpg
    saved data/images/white-scars-terminator-squad/description/017.jpg
    saved data/images/white-scars-terminator-squad/description/018.jpg
    saved data/images/white-scars-terminator-squad/description/019.jpg
    saved data/images/white-scars-terminator-squad/description/020.jpg
    saved data/images/white-scars-terminator-squad/description/021.jpg
    saved data/images/white-scars-terminator-squad/description/022.jpg
    saved data/images/white-scars-terminator-squad/description/023.jpg
    saved data/images/white-scars-terminator-squad/description/024.jpg
    saved data/images/white-scars-terminator-squad/description/025.jpg
    saved data/images/white-scars-terminator-squad/description/026.jpg
    saved data/images/white-scars-terminator-squad/description/027.jpg
    saved data/images/white-scars-terminator-squad/description/028.jpg
[127/541] scraping death-guard-lord-of-virulence-with-power-fist-and-twin-plague-spewer
  downloading 16 images...
    saved data/images/death-guard-lord-of-virulence-with-power-fist-and-twin-plague-spewer/001.jpg
    saved data/images/death-guard-lord-of-virulence-with-power-fist-and-twin-plague-spewer/002.jpg
    saved data/images/death-guard-lord-of-virulence-with-power-fist-and-twin-plague-spewer/003.jpg
    saved data/images/death-guard-lord-of-virulence-with-power-fist-and-twin-plague-spewer/004.jpg
    saved data/images/death-guard-lord-of-virulence-with-power-fist-and-twin-plague-spewer/005.jpg
    saved data/images/death-guard-lord-of-virulence-with-power-fist-and-twin-plague-spewer/006.jpg
    saved data/images/death-guard-lord-of-virulence-with-power-fist-and-twin-plague-spewer/description/001.jpg
    saved data/images/death-guard-lord-of-virulence-with-power-fist-and-twin-plague-spewer/description/002.jpg
    saved data/images/death-guard-lord-of-virulence-with-power-fist-and-twin-plague-spewer/description/003.jpg
    saved data/images/death-guard-lord-of-virulence-with-power-fist-and-twin-plague-spewer/description/004.jpg
    saved data/images/death-guard-lord-of-virulence-with-power-fist-and-twin-plague-spewer/description/005.jpg
    saved data/images/death-guard-lord-of-virulence-with-power-fist-and-twin-plague-spewer/description/006.jpg
    saved data/images/death-guard-lord-of-virulence-with-power-fist-and-twin-plague-spewer/description/007.jpg
    saved data/images/death-guard-lord-of-virulence-with-power-fist-and-twin-plague-spewer/description/008.jpg
    saved data/images/death-guard-lord-of-virulence-with-power-fist-and-twin-plague-spewer/description/009.jpg
    saved data/images/death-guard-lord-of-virulence-with-power-fist-and-twin-plague-spewer/description/010.jpg
[128/541] scraping death-guard-foul-blightspawn-with-plague-sprayer
  downloading 20 images...
    saved data/images/death-guard-foul-blightspawn-with-plague-sprayer/001.jpg
    saved data/images/death-guard-foul-blightspawn-with-plague-sprayer/002.jpg
    saved data/images/death-guard-foul-blightspawn-with-plague-sprayer/003.jpg
    saved data/images/death-guard-foul-blightspawn-with-plague-sprayer/004.jpg
    saved data/images/death-guard-foul-blightspawn-with-plague-sprayer/005.jpg
    saved data/images/death-guard-foul-blightspawn-with-plague-sprayer/006.jpg
    saved data/images/death-guard-foul-blightspawn-with-plague-sprayer/description/001.jpg
    saved data/images/death-guard-foul-blightspawn-with-plague-sprayer/description/002.jpg
    saved data/images/death-guard-foul-blightspawn-with-plague-sprayer/description/003.jpg
    saved data/images/death-guard-foul-blightspawn-with-plague-sprayer/description/004.jpg
    saved data/images/death-guard-foul-blightspawn-with-plague-sprayer/description/005.jpg
    saved data/images/death-guard-foul-blightspawn-with-plague-sprayer/description/006.jpg
    saved data/images/death-guard-foul-blightspawn-with-plague-sprayer/description/007.jpg
    saved data/images/death-guard-foul-blightspawn-with-plague-sprayer/description/008.jpg
    saved data/images/death-guard-foul-blightspawn-with-plague-sprayer/description/009.jpg
    saved data/images/death-guard-foul-blightspawn-with-plague-sprayer/description/010.jpg
    saved data/images/death-guard-foul-blightspawn-with-plague-sprayer/description/011.jpg
    saved data/images/death-guard-foul-blightspawn-with-plague-sprayer/description/012.jpg
    saved data/images/death-guard-foul-blightspawn-with-plague-sprayer/description/013.jpg
    saved data/images/death-guard-foul-blightspawn-with-plague-sprayer/description/014.jpg
[129/541] scraping black-legion-abaddon-the-despoiler-with-drachnyen-and-the-talon-of-horus
  downloading 24 images...
    saved data/images/black-legion-abaddon-the-despoiler-with-drachnyen-and-the-talon-of-horus/001.jpg
    saved data/images/black-legion-abaddon-the-despoiler-with-drachnyen-and-the-talon-of-horus/002.jpg
    saved data/images/black-legion-abaddon-the-despoiler-with-drachnyen-and-the-talon-of-horus/003.jpg
    saved data/images/black-legion-abaddon-the-despoiler-with-drachnyen-and-the-talon-of-horus/004.jpg
    saved data/images/black-legion-abaddon-the-despoiler-with-drachnyen-and-the-talon-of-horus/005.jpg
    saved data/images/black-legion-abaddon-the-despoiler-with-drachnyen-and-the-talon-of-horus/006.jpg
    saved data/images/black-legion-abaddon-the-despoiler-with-drachnyen-and-the-talon-of-horus/description/001.jpg
    saved data/images/black-legion-abaddon-the-despoiler-with-drachnyen-and-the-talon-of-horus/description/002.jpg
    saved data/images/black-legion-abaddon-the-despoiler-with-drachnyen-and-the-talon-of-horus/description/003.jpg
    saved data/images/black-legion-abaddon-the-despoiler-with-drachnyen-and-the-talon-of-horus/description/004.jpg
    saved data/images/black-legion-abaddon-the-despoiler-with-drachnyen-and-the-talon-of-horus/description/005.jpg
    saved data/images/black-legion-abaddon-the-despoiler-with-drachnyen-and-the-talon-of-horus/description/006.jpg
    saved data/images/black-legion-abaddon-the-despoiler-with-drachnyen-and-the-talon-of-horus/description/007.jpg
    saved data/images/black-legion-abaddon-the-despoiler-with-drachnyen-and-the-talon-of-horus/description/008.jpg
    saved data/images/black-legion-abaddon-the-despoiler-with-drachnyen-and-the-talon-of-horus/description/009.jpg
    saved data/images/black-legion-abaddon-the-despoiler-with-drachnyen-and-the-talon-of-horus/description/010.jpg
    saved data/images/black-legion-abaddon-the-despoiler-with-drachnyen-and-the-talon-of-horus/description/011.jpg
    saved data/images/black-legion-abaddon-the-despoiler-with-drachnyen-and-the-talon-of-horus/description/012.jpg
    saved data/images/black-legion-abaddon-the-despoiler-with-drachnyen-and-the-talon-of-horus/description/013.jpg
    saved data/images/black-legion-abaddon-the-despoiler-with-drachnyen-and-the-talon-of-horus/description/014.jpg
    saved data/images/black-legion-abaddon-the-despoiler-with-drachnyen-and-the-talon-of-horus/description/015.jpg
    saved data/images/black-legion-abaddon-the-despoiler-with-drachnyen-and-the-talon-of-horus/description/016.jpg
    saved data/images/black-legion-abaddon-the-despoiler-with-drachnyen-and-the-talon-of-horus/description/017.jpg
    saved data/images/black-legion-abaddon-the-despoiler-with-drachnyen-and-the-talon-of-horus/description/018.jpg
[130/541] scraping death-guard-plague-marine-lcon-bearer-with-boltgun-and-plague-knife
  downloading 17 images...
    saved data/images/death-guard-plague-marine-lcon-bearer-with-boltgun-and-plague-knife/001.jpg
    saved data/images/death-guard-plague-marine-lcon-bearer-with-boltgun-and-plague-knife/002.jpg
    saved data/images/death-guard-plague-marine-lcon-bearer-with-boltgun-and-plague-knife/003.jpg
    saved data/images/death-guard-plague-marine-lcon-bearer-with-boltgun-and-plague-knife/004.jpg
    saved data/images/death-guard-plague-marine-lcon-bearer-with-boltgun-and-plague-knife/005.jpg
    saved data/images/death-guard-plague-marine-lcon-bearer-with-boltgun-and-plague-knife/006.jpg
    saved data/images/death-guard-plague-marine-lcon-bearer-with-boltgun-and-plague-knife/description/001.jpg
    saved data/images/death-guard-plague-marine-lcon-bearer-with-boltgun-and-plague-knife/description/002.jpg
    saved data/images/death-guard-plague-marine-lcon-bearer-with-boltgun-and-plague-knife/description/003.jpg
    saved data/images/death-guard-plague-marine-lcon-bearer-with-boltgun-and-plague-knife/description/004.jpg
    saved data/images/death-guard-plague-marine-lcon-bearer-with-boltgun-and-plague-knife/description/005.jpg
    saved data/images/death-guard-plague-marine-lcon-bearer-with-boltgun-and-plague-knife/description/006.jpg
    saved data/images/death-guard-plague-marine-lcon-bearer-with-boltgun-and-plague-knife/description/007.jpg
    saved data/images/death-guard-plague-marine-lcon-bearer-with-boltgun-and-plague-knife/description/008.jpg
    saved data/images/death-guard-plague-marine-lcon-bearer-with-boltgun-and-plague-knife/description/009.jpg
    saved data/images/death-guard-plague-marine-lcon-bearer-with-boltgun-and-plague-knife/description/010.jpg
    saved data/images/death-guard-plague-marine-lcon-bearer-with-boltgun-and-plague-knife/description/011.jpg
[131/541] scraping death-guard-blightlord-terminator-squad
  downloading 45 images...
    saved data/images/death-guard-blightlord-terminator-squad/001.jpg
    saved data/images/death-guard-blightlord-terminator-squad/002.jpg
    saved data/images/death-guard-blightlord-terminator-squad/003.jpg
    saved data/images/death-guard-blightlord-terminator-squad/004.jpg
    saved data/images/death-guard-blightlord-terminator-squad/005.jpg
    saved data/images/death-guard-blightlord-terminator-squad/006.jpg
    saved data/images/death-guard-blightlord-terminator-squad/007.jpg
    saved data/images/death-guard-blightlord-terminator-squad/008.jpg
    saved data/images/death-guard-blightlord-terminator-squad/009.jpg
    saved data/images/death-guard-blightlord-terminator-squad/010.jpg
    saved data/images/death-guard-blightlord-terminator-squad/011.jpg
    saved data/images/death-guard-blightlord-terminator-squad/012.jpg
    saved data/images/death-guard-blightlord-terminator-squad/013.jpg
    saved data/images/death-guard-blightlord-terminator-squad/014.jpg
    saved data/images/death-guard-blightlord-terminator-squad/015.jpg
    saved data/images/death-guard-blightlord-terminator-squad/016.jpg
    saved data/images/death-guard-blightlord-terminator-squad/017.jpg
    saved data/images/death-guard-blightlord-terminator-squad/018.jpg
    saved data/images/death-guard-blightlord-terminator-squad/019.jpg
    saved data/images/death-guard-blightlord-terminator-squad/020.jpg
    saved data/images/death-guard-blightlord-terminator-squad/description/001.jpg
    saved data/images/death-guard-blightlord-terminator-squad/description/002.jpg
    saved data/images/death-guard-blightlord-terminator-squad/description/003.jpg
    saved data/images/death-guard-blightlord-terminator-squad/description/004.jpg
    saved data/images/death-guard-blightlord-terminator-squad/description/005.jpg
    saved data/images/death-guard-blightlord-terminator-squad/description/006.jpg
    saved data/images/death-guard-blightlord-terminator-squad/description/007.jpg
    saved data/images/death-guard-blightlord-terminator-squad/description/008.jpg
    saved data/images/death-guard-blightlord-terminator-squad/description/009.jpg
    saved data/images/death-guard-blightlord-terminator-squad/description/010.jpg
    saved data/images/death-guard-blightlord-terminator-squad/description/011.jpg
    saved data/images/death-guard-blightlord-terminator-squad/description/012.jpg
    saved data/images/death-guard-blightlord-terminator-squad/description/013.jpg
    saved data/images/death-guard-blightlord-terminator-squad/description/014.jpg
    saved data/images/death-guard-blightlord-terminator-squad/description/015.jpg
    saved data/images/death-guard-blightlord-terminator-squad/description/016.jpg
    saved data/images/death-guard-blightlord-terminator-squad/description/017.jpg
    saved data/images/death-guard-blightlord-terminator-squad/description/018.jpg
    saved data/images/death-guard-blightlord-terminator-squad/description/019.jpg
    saved data/images/death-guard-blightlord-terminator-squad/description/020.jpg
    saved data/images/death-guard-blightlord-terminator-squad/description/021.jpg
    saved data/images/death-guard-blightlord-terminator-squad/description/022.jpg
    saved data/images/death-guard-blightlord-terminator-squad/description/023.jpg
    saved data/images/death-guard-blightlord-terminator-squad/description/024.jpg
    saved data/images/death-guard-blightlord-terminator-squad/description/025.jpg
[132/541] scraping ultramarinestitus-with-laurels-of-victory
  downloading 17 images...
    saved data/images/ultramarinestitus-with-laurels-of-victory/001.jpg
    saved data/images/ultramarinestitus-with-laurels-of-victory/002.jpg
    saved data/images/ultramarinestitus-with-laurels-of-victory/003.jpg
    saved data/images/ultramarinestitus-with-laurels-of-victory/004.jpg
    saved data/images/ultramarinestitus-with-laurels-of-victory/005.jpg
    saved data/images/ultramarinestitus-with-laurels-of-victory/006.jpg
    saved data/images/ultramarinestitus-with-laurels-of-victory/description/001.jpg
    saved data/images/ultramarinestitus-with-laurels-of-victory/description/002.jpg
    saved data/images/ultramarinestitus-with-laurels-of-victory/description/003.jpg
    saved data/images/ultramarinestitus-with-laurels-of-victory/description/004.jpg
    saved data/images/ultramarinestitus-with-laurels-of-victory/description/005.jpg
    saved data/images/ultramarinestitus-with-laurels-of-victory/description/006.jpg
    saved data/images/ultramarinestitus-with-laurels-of-victory/description/007.jpg
    saved data/images/ultramarinestitus-with-laurels-of-victory/description/008.jpg
    saved data/images/ultramarinestitus-with-laurels-of-victory/description/009.jpg
    saved data/images/ultramarinestitus-with-laurels-of-victory/description/010.jpg
    saved data/images/ultramarinestitus-with-laurels-of-victory/description/011.jpg
[133/541] scraping ultramarines-torvald-with-power-sword,stormshield-and-bolt-pistol
  downloading 17 images...
    saved data/images/ultramarines-torvald-with-power-sword,stormshield-and-bolt-pistol/001.jpg
    saved data/images/ultramarines-torvald-with-power-sword,stormshield-and-bolt-pistol/002.jpg
    saved data/images/ultramarines-torvald-with-power-sword,stormshield-and-bolt-pistol/003.jpg
    saved data/images/ultramarines-torvald-with-power-sword,stormshield-and-bolt-pistol/004.jpg
    saved data/images/ultramarines-torvald-with-power-sword,stormshield-and-bolt-pistol/005.jpg
    saved data/images/ultramarines-torvald-with-power-sword,stormshield-and-bolt-pistol/006.jpg
    saved data/images/ultramarines-torvald-with-power-sword,stormshield-and-bolt-pistol/description/001.jpg
    saved data/images/ultramarines-torvald-with-power-sword,stormshield-and-bolt-pistol/description/002.jpg
    saved data/images/ultramarines-torvald-with-power-sword,stormshield-and-bolt-pistol/description/003.jpg
    saved data/images/ultramarines-torvald-with-power-sword,stormshield-and-bolt-pistol/description/004.jpg
    saved data/images/ultramarines-torvald-with-power-sword,stormshield-and-bolt-pistol/description/005.jpg
    saved data/images/ultramarines-torvald-with-power-sword,stormshield-and-bolt-pistol/description/006.jpg
    saved data/images/ultramarines-torvald-with-power-sword,stormshield-and-bolt-pistol/description/007.jpg
    saved data/images/ultramarines-torvald-with-power-sword,stormshield-and-bolt-pistol/description/008.jpg
    saved data/images/ultramarines-torvald-with-power-sword,stormshield-and-bolt-pistol/description/009.jpg
    saved data/images/ultramarines-torvald-with-power-sword,stormshield-and-bolt-pistol/description/010.jpg
    saved data/images/ultramarines-torvald-with-power-sword,stormshield-and-bolt-pistol/description/011.jpg
[134/541] scraping ultramarines-levantus-with-power-sword,stormshield-and-bolt-pistol
  downloading 17 images...
    saved data/images/ultramarines-levantus-with-power-sword,stormshield-and-bolt-pistol/001.jpg
    saved data/images/ultramarines-levantus-with-power-sword,stormshield-and-bolt-pistol/002.jpg
    saved data/images/ultramarines-levantus-with-power-sword,stormshield-and-bolt-pistol/003.jpg
    saved data/images/ultramarines-levantus-with-power-sword,stormshield-and-bolt-pistol/004.jpg
    saved data/images/ultramarines-levantus-with-power-sword,stormshield-and-bolt-pistol/005.jpg
    saved data/images/ultramarines-levantus-with-power-sword,stormshield-and-bolt-pistol/006.jpg
    saved data/images/ultramarines-levantus-with-power-sword,stormshield-and-bolt-pistol/description/001.jpg
    saved data/images/ultramarines-levantus-with-power-sword,stormshield-and-bolt-pistol/description/002.jpg
    saved data/images/ultramarines-levantus-with-power-sword,stormshield-and-bolt-pistol/description/003.jpg
    saved data/images/ultramarines-levantus-with-power-sword,stormshield-and-bolt-pistol/description/004.jpg
    saved data/images/ultramarines-levantus-with-power-sword,stormshield-and-bolt-pistol/description/005.jpg
    saved data/images/ultramarines-levantus-with-power-sword,stormshield-and-bolt-pistol/description/006.jpg
    saved data/images/ultramarines-levantus-with-power-sword,stormshield-and-bolt-pistol/description/007.jpg
    saved data/images/ultramarines-levantus-with-power-sword,stormshield-and-bolt-pistol/description/008.jpg
    saved data/images/ultramarines-levantus-with-power-sword,stormshield-and-bolt-pistol/description/009.jpg
    saved data/images/ultramarines-levantus-with-power-sword,stormshield-and-bolt-pistol/description/010.jpg
    saved data/images/ultramarines-levantus-with-power-sword,stormshield-and-bolt-pistol/description/011.jpg
[135/541] scraping ultramarines-metaurus-with-power-axe,-stormshield-and-plasma-pistol
  downloading 17 images...
    saved data/images/ultramarines-metaurus-with-power-axe,-stormshield-and-plasma-pistol/001.jpg
    saved data/images/ultramarines-metaurus-with-power-axe,-stormshield-and-plasma-pistol/002.jpg
    saved data/images/ultramarines-metaurus-with-power-axe,-stormshield-and-plasma-pistol/003.jpg
    saved data/images/ultramarines-metaurus-with-power-axe,-stormshield-and-plasma-pistol/004.jpg
    saved data/images/ultramarines-metaurus-with-power-axe,-stormshield-and-plasma-pistol/005.jpg
    saved data/images/ultramarines-metaurus-with-power-axe,-stormshield-and-plasma-pistol/006.jpg
    saved data/images/ultramarines-metaurus-with-power-axe,-stormshield-and-plasma-pistol/description/001.jpg
    saved data/images/ultramarines-metaurus-with-power-axe,-stormshield-and-plasma-pistol/description/002.jpg
    saved data/images/ultramarines-metaurus-with-power-axe,-stormshield-and-plasma-pistol/description/003.jpg
    saved data/images/ultramarines-metaurus-with-power-axe,-stormshield-and-plasma-pistol/description/004.jpg
    saved data/images/ultramarines-metaurus-with-power-axe,-stormshield-and-plasma-pistol/description/005.jpg
    saved data/images/ultramarines-metaurus-with-power-axe,-stormshield-and-plasma-pistol/description/006.jpg
    saved data/images/ultramarines-metaurus-with-power-axe,-stormshield-and-plasma-pistol/description/007.jpg
    saved data/images/ultramarines-metaurus-with-power-axe,-stormshield-and-plasma-pistol/description/008.jpg
    saved data/images/ultramarines-metaurus-with-power-axe,-stormshield-and-plasma-pistol/description/009.jpg
    saved data/images/ultramarines-metaurus-with-power-axe,-stormshield-and-plasma-pistol/description/010.jpg
    saved data/images/ultramarines-metaurus-with-power-axe,-stormshield-and-plasma-pistol/description/011.jpg
[136/541] scraping dark-angles-mkx-helmet-display-stand
  downloading 32 images...
    saved data/images/dark-angles-mkx-helmet-display-stand/001.jpg
    saved data/images/dark-angles-mkx-helmet-display-stand/002.jpg
    saved data/images/dark-angles-mkx-helmet-display-stand/003.jpg
    saved data/images/dark-angles-mkx-helmet-display-stand/004.jpg
    saved data/images/dark-angles-mkx-helmet-display-stand/005.jpg
    saved data/images/dark-angles-mkx-helmet-display-stand/006.jpg
    saved data/images/dark-angles-mkx-helmet-display-stand/007.jpg
    saved data/images/dark-angles-mkx-helmet-display-stand/description/001.jpg
    saved data/images/dark-angles-mkx-helmet-display-stand/description/002.jpg
    saved data/images/dark-angles-mkx-helmet-display-stand/description/003.jpg
    saved data/images/dark-angles-mkx-helmet-display-stand/description/004.jpg
    saved data/images/dark-angles-mkx-helmet-display-stand/description/005.jpg
    saved data/images/dark-angles-mkx-helmet-display-stand/description/006.jpg
    saved data/images/dark-angles-mkx-helmet-display-stand/description/007.jpg
    saved data/images/dark-angles-mkx-helmet-display-stand/description/008.jpg
    saved data/images/dark-angles-mkx-helmet-display-stand/description/009.jpg
    saved data/images/dark-angles-mkx-helmet-display-stand/description/010.jpg
    saved data/images/dark-angles-mkx-helmet-display-stand/description/011.jpg
    saved data/images/dark-angles-mkx-helmet-display-stand/description/012.jpg
    saved data/images/dark-angles-mkx-helmet-display-stand/description/013.jpg
    saved data/images/dark-angles-mkx-helmet-display-stand/description/014.jpg
    saved data/images/dark-angles-mkx-helmet-display-stand/description/015.jpg
    saved data/images/dark-angles-mkx-helmet-display-stand/description/016.jpg
    saved data/images/dark-angles-mkx-helmet-display-stand/description/017.jpg
    saved data/images/dark-angles-mkx-helmet-display-stand/description/018.jpg
    saved data/images/dark-angles-mkx-helmet-display-stand/description/019.jpg
    saved data/images/dark-angles-mkx-helmet-display-stand/description/020.jpg
    saved data/images/dark-angles-mkx-helmet-display-stand/description/021.jpg
    saved data/images/dark-angles-mkx-helmet-display-stand/description/022.jpg
    saved data/images/dark-angles-mkx-helmet-display-stand/description/023.jpg
    saved data/images/dark-angles-mkx-helmet-display-stand/description/024.jpg
    saved data/images/dark-angles-mkx-helmet-display-stand/description/025.jpg
[137/541] scraping dark-angels-mkx-helmet
  downloading 17 images...
    saved data/images/dark-angels-mkx-helmet/001.jpg
    saved data/images/dark-angels-mkx-helmet/002.jpg
    saved data/images/dark-angels-mkx-helmet/003.jpg
    saved data/images/dark-angels-mkx-helmet/004.jpg
    saved data/images/dark-angels-mkx-helmet/005.jpg
    saved data/images/dark-angels-mkx-helmet/006.jpg
    saved data/images/dark-angels-mkx-helmet/description/001.jpg
    saved data/images/dark-angels-mkx-helmet/description/002.jpg
    saved data/images/dark-angels-mkx-helmet/description/003.jpg
    saved data/images/dark-angels-mkx-helmet/description/004.jpg
    saved data/images/dark-angels-mkx-helmet/description/005.jpg
    saved data/images/dark-angels-mkx-helmet/description/006.jpg
    saved data/images/dark-angels-mkx-helmet/description/007.jpg
    saved data/images/dark-angels-mkx-helmet/description/008.jpg
    saved data/images/dark-angels-mkx-helmet/description/009.jpg
    saved data/images/dark-angels-mkx-helmet/description/010.jpg
    saved data/images/dark-angels-mkx-helmet/description/011.jpg
[138/541] scraping thousand-sons-mk-iii-tactical-legionary
  downloading 17 images...
    saved data/images/thousand-sons-mk-iii-tactical-legionary/001.jpg
    saved data/images/thousand-sons-mk-iii-tactical-legionary/002.jpg
    saved data/images/thousand-sons-mk-iii-tactical-legionary/003.jpg
    saved data/images/thousand-sons-mk-iii-tactical-legionary/004.jpg
    saved data/images/thousand-sons-mk-iii-tactical-legionary/005.jpg
    saved data/images/thousand-sons-mk-iii-tactical-legionary/006.jpg
    saved data/images/thousand-sons-mk-iii-tactical-legionary/description/001.jpg
    saved data/images/thousand-sons-mk-iii-tactical-legionary/description/002.jpg
    saved data/images/thousand-sons-mk-iii-tactical-legionary/description/003.jpg
    saved data/images/thousand-sons-mk-iii-tactical-legionary/description/004.jpg
    saved data/images/thousand-sons-mk-iii-tactical-legionary/description/005.jpg
    saved data/images/thousand-sons-mk-iii-tactical-legionary/description/006.jpg
    saved data/images/thousand-sons-mk-iii-tactical-legionary/description/007.jpg
    saved data/images/thousand-sons-mk-iii-tactical-legionary/description/008.jpg
    saved data/images/thousand-sons-mk-iii-tactical-legionary/description/009.jpg
    saved data/images/thousand-sons-mk-iii-tactical-legionary/description/010.jpg
    saved data/images/thousand-sons-mk-iii-tactical-legionary/description/011.jpg
[139/541] scraping sons-of-horus-mk-iii-tactical-legionary
  downloading 17 images...
    saved data/images/sons-of-horus-mk-iii-tactical-legionary/001.jpg
    saved data/images/sons-of-horus-mk-iii-tactical-legionary/002.jpg
    saved data/images/sons-of-horus-mk-iii-tactical-legionary/003.jpg
    saved data/images/sons-of-horus-mk-iii-tactical-legionary/004.jpg
    saved data/images/sons-of-horus-mk-iii-tactical-legionary/005.jpg
    saved data/images/sons-of-horus-mk-iii-tactical-legionary/006.jpg
    saved data/images/sons-of-horus-mk-iii-tactical-legionary/description/001.jpg
    saved data/images/sons-of-horus-mk-iii-tactical-legionary/description/002.jpg
    saved data/images/sons-of-horus-mk-iii-tactical-legionary/description/003.jpg
    saved data/images/sons-of-horus-mk-iii-tactical-legionary/description/004.jpg
    saved data/images/sons-of-horus-mk-iii-tactical-legionary/description/005.jpg
    saved data/images/sons-of-horus-mk-iii-tactical-legionary/description/006.jpg
    saved data/images/sons-of-horus-mk-iii-tactical-legionary/description/007.jpg
    saved data/images/sons-of-horus-mk-iii-tactical-legionary/description/008.jpg
    saved data/images/sons-of-horus-mk-iii-tactical-legionary/description/009.jpg
    saved data/images/sons-of-horus-mk-iii-tactical-legionary/description/010.jpg
    saved data/images/sons-of-horus-mk-iii-tactical-legionary/description/011.jpg
[140/541] scraping alpha-legion-mk-iii-tactical-legionary
  downloading 18 images...
    saved data/images/alpha-legion-mk-iii-tactical-legionary/001.jpg
    saved data/images/alpha-legion-mk-iii-tactical-legionary/002.jpg
    saved data/images/alpha-legion-mk-iii-tactical-legionary/003.jpg
    saved data/images/alpha-legion-mk-iii-tactical-legionary/004.jpg
    saved data/images/alpha-legion-mk-iii-tactical-legionary/005.jpg
    saved data/images/alpha-legion-mk-iii-tactical-legionary/006.jpg
    saved data/images/alpha-legion-mk-iii-tactical-legionary/description/001.jpg
    saved data/images/alpha-legion-mk-iii-tactical-legionary/description/002.jpg
    saved data/images/alpha-legion-mk-iii-tactical-legionary/description/003.jpg
    saved data/images/alpha-legion-mk-iii-tactical-legionary/description/004.jpg
    saved data/images/alpha-legion-mk-iii-tactical-legionary/description/005.jpg
    saved data/images/alpha-legion-mk-iii-tactical-legionary/description/006.jpg
    saved data/images/alpha-legion-mk-iii-tactical-legionary/description/007.jpg
    saved data/images/alpha-legion-mk-iii-tactical-legionary/description/008.jpg
    saved data/images/alpha-legion-mk-iii-tactical-legionary/description/009.jpg
    saved data/images/alpha-legion-mk-iii-tactical-legionary/description/010.jpg
    saved data/images/alpha-legion-mk-iii-tactical-legionary/description/011.jpg
    saved data/images/alpha-legion-mk-iii-tactical-legionary/description/012.jpg
[141/541] scraping ultramarines-mk-iii-tactical-legionary
  downloading 18 images...
    saved data/images/ultramarines-mk-iii-tactical-legionary/001.jpg
    saved data/images/ultramarines-mk-iii-tactical-legionary/002.jpg
    saved data/images/ultramarines-mk-iii-tactical-legionary/003.jpg
    saved data/images/ultramarines-mk-iii-tactical-legionary/004.jpg
    saved data/images/ultramarines-mk-iii-tactical-legionary/005.jpg
    saved data/images/ultramarines-mk-iii-tactical-legionary/006.jpg
    saved data/images/ultramarines-mk-iii-tactical-legionary/description/001.jpg
    saved data/images/ultramarines-mk-iii-tactical-legionary/description/002.jpg
    saved data/images/ultramarines-mk-iii-tactical-legionary/description/003.jpg
    saved data/images/ultramarines-mk-iii-tactical-legionary/description/004.jpg
    saved data/images/ultramarines-mk-iii-tactical-legionary/description/005.jpg
    saved data/images/ultramarines-mk-iii-tactical-legionary/description/006.jpg
    saved data/images/ultramarines-mk-iii-tactical-legionary/description/007.jpg
    saved data/images/ultramarines-mk-iii-tactical-legionary/description/008.jpg
    saved data/images/ultramarines-mk-iii-tactical-legionary/description/009.jpg
    saved data/images/ultramarines-mk-iii-tactical-legionary/description/010.jpg
    saved data/images/ultramarines-mk-iii-tactical-legionary/description/011.jpg
    saved data/images/ultramarines-mk-iii-tactical-legionary/description/012.jpg
[142/541] scraping space-wolves-mk-iii-tactical-legionary
  downloading 19 images...
    saved data/images/space-wolves-mk-iii-tactical-legionary/001.jpg
    saved data/images/space-wolves-mk-iii-tactical-legionary/002.jpg
    saved data/images/space-wolves-mk-iii-tactical-legionary/003.jpg
    saved data/images/space-wolves-mk-iii-tactical-legionary/004.jpg
    saved data/images/space-wolves-mk-iii-tactical-legionary/005.jpg
    saved data/images/space-wolves-mk-iii-tactical-legionary/006.jpg
    saved data/images/space-wolves-mk-iii-tactical-legionary/description/001.jpg
    saved data/images/space-wolves-mk-iii-tactical-legionary/description/002.jpg
    saved data/images/space-wolves-mk-iii-tactical-legionary/description/003.jpg
    saved data/images/space-wolves-mk-iii-tactical-legionary/description/004.jpg
    saved data/images/space-wolves-mk-iii-tactical-legionary/description/005.jpg
    saved data/images/space-wolves-mk-iii-tactical-legionary/description/006.jpg
    saved data/images/space-wolves-mk-iii-tactical-legionary/description/007.jpg
    saved data/images/space-wolves-mk-iii-tactical-legionary/description/008.jpg
    saved data/images/space-wolves-mk-iii-tactical-legionary/description/009.jpg
    saved data/images/space-wolves-mk-iii-tactical-legionary/description/010.jpg
    saved data/images/space-wolves-mk-iii-tactical-legionary/description/011.jpg
    saved data/images/space-wolves-mk-iii-tactical-legionary/description/012.jpg
    saved data/images/space-wolves-mk-iii-tactical-legionary/description/013.jpg
[143/541] scraping blood-angels-mk-iii-tactical-legionary
  downloading 17 images...
    saved data/images/blood-angels-mk-iii-tactical-legionary/001.jpg
    saved data/images/blood-angels-mk-iii-tactical-legionary/002.jpg
    saved data/images/blood-angels-mk-iii-tactical-legionary/003.jpg
    saved data/images/blood-angels-mk-iii-tactical-legionary/004.jpg
    saved data/images/blood-angels-mk-iii-tactical-legionary/005.jpg
    saved data/images/blood-angels-mk-iii-tactical-legionary/006.jpg
    saved data/images/blood-angels-mk-iii-tactical-legionary/description/001.jpg
    saved data/images/blood-angels-mk-iii-tactical-legionary/description/002.jpg
    saved data/images/blood-angels-mk-iii-tactical-legionary/description/003.jpg
    saved data/images/blood-angels-mk-iii-tactical-legionary/description/004.jpg
    saved data/images/blood-angels-mk-iii-tactical-legionary/description/005.jpg
    saved data/images/blood-angels-mk-iii-tactical-legionary/description/006.jpg
    saved data/images/blood-angels-mk-iii-tactical-legionary/description/007.jpg
    saved data/images/blood-angels-mk-iii-tactical-legionary/description/008.jpg
    saved data/images/blood-angels-mk-iii-tactical-legionary/description/009.jpg
    saved data/images/blood-angels-mk-iii-tactical-legionary/description/010.jpg
    saved data/images/blood-angels-mk-iii-tactical-legionary/description/011.jpg
[144/541] scraping iron-warriors-iron-circle-domitar-ferrum-class-battle-automata-with-karceri-battle-shield-and-graviton-crusher
  downloading 22 images...
    saved data/images/iron-warriors-iron-circle-domitar-ferrum-class-battle-automata-with-karceri-battle-shield-and-graviton-crusher/001.jpg
    saved data/images/iron-warriors-iron-circle-domitar-ferrum-class-battle-automata-with-karceri-battle-shield-and-graviton-crusher/002.jpg
    saved data/images/iron-warriors-iron-circle-domitar-ferrum-class-battle-automata-with-karceri-battle-shield-and-graviton-crusher/003.jpg
    saved data/images/iron-warriors-iron-circle-domitar-ferrum-class-battle-automata-with-karceri-battle-shield-and-graviton-crusher/004.jpg
    saved data/images/iron-warriors-iron-circle-domitar-ferrum-class-battle-automata-with-karceri-battle-shield-and-graviton-crusher/005.jpg
    saved data/images/iron-warriors-iron-circle-domitar-ferrum-class-battle-automata-with-karceri-battle-shield-and-graviton-crusher/006.jpg
    saved data/images/iron-warriors-iron-circle-domitar-ferrum-class-battle-automata-with-karceri-battle-shield-and-graviton-crusher/description/001.jpg
    saved data/images/iron-warriors-iron-circle-domitar-ferrum-class-battle-automata-with-karceri-battle-shield-and-graviton-crusher/description/002.jpg
    saved data/images/iron-warriors-iron-circle-domitar-ferrum-class-battle-automata-with-karceri-battle-shield-and-graviton-crusher/description/003.jpg
    saved data/images/iron-warriors-iron-circle-domitar-ferrum-class-battle-automata-with-karceri-battle-shield-and-graviton-crusher/description/004.jpg
    saved data/images/iron-warriors-iron-circle-domitar-ferrum-class-battle-automata-with-karceri-battle-shield-and-graviton-crusher/description/005.jpg
    saved data/images/iron-warriors-iron-circle-domitar-ferrum-class-battle-automata-with-karceri-battle-shield-and-graviton-crusher/description/006.jpg
    saved data/images/iron-warriors-iron-circle-domitar-ferrum-class-battle-automata-with-karceri-battle-shield-and-graviton-crusher/description/007.jpg
    saved data/images/iron-warriors-iron-circle-domitar-ferrum-class-battle-automata-with-karceri-battle-shield-and-graviton-crusher/description/008.jpg
    saved data/images/iron-warriors-iron-circle-domitar-ferrum-class-battle-automata-with-karceri-battle-shield-and-graviton-crusher/description/009.jpg
    saved data/images/iron-warriors-iron-circle-domitar-ferrum-class-battle-automata-with-karceri-battle-shield-and-graviton-crusher/description/010.jpg
    saved data/images/iron-warriors-iron-circle-domitar-ferrum-class-battle-automata-with-karceri-battle-shield-and-graviton-crusher/description/011.jpg
    saved data/images/iron-warriors-iron-circle-domitar-ferrum-class-battle-automata-with-karceri-battle-shield-and-graviton-crusher/description/012.jpg
    saved data/images/iron-warriors-iron-circle-domitar-ferrum-class-battle-automata-with-karceri-battle-shield-and-graviton-crusher/description/013.jpg
    saved data/images/iron-warriors-iron-circle-domitar-ferrum-class-battle-automata-with-karceri-battle-shield-and-graviton-crusher/description/014.jpg
    saved data/images/iron-warriors-iron-circle-domitar-ferrum-class-battle-automata-with-karceri-battle-shield-and-graviton-crusher/description/015.jpg
    saved data/images/iron-warriors-iron-circle-domitar-ferrum-class-battle-automata-with-karceri-battle-shield-and-graviton-crusher/description/016.jpg
[145/541] scraping ultramarines-relic-primus-armour-with-plasma-pistol-and-combat-blade
  downloading 23 images...
    saved data/images/ultramarines-relic-primus-armour-with-plasma-pistol-and-combat-blade/001.jpg
    saved data/images/ultramarines-relic-primus-armour-with-plasma-pistol-and-combat-blade/002.jpg
    saved data/images/ultramarines-relic-primus-armour-with-plasma-pistol-and-combat-blade/003.jpg
    saved data/images/ultramarines-relic-primus-armour-with-plasma-pistol-and-combat-blade/004.jpg
    saved data/images/ultramarines-relic-primus-armour-with-plasma-pistol-and-combat-blade/005.jpg
    saved data/images/ultramarines-relic-primus-armour-with-plasma-pistol-and-combat-blade/006.jpg
    saved data/images/ultramarines-relic-primus-armour-with-plasma-pistol-and-combat-blade/description/001.jpg
    saved data/images/ultramarines-relic-primus-armour-with-plasma-pistol-and-combat-blade/description/002.jpg
    saved data/images/ultramarines-relic-primus-armour-with-plasma-pistol-and-combat-blade/description/003.jpg
    saved data/images/ultramarines-relic-primus-armour-with-plasma-pistol-and-combat-blade/description/004.jpg
    saved data/images/ultramarines-relic-primus-armour-with-plasma-pistol-and-combat-blade/description/005.jpg
    saved data/images/ultramarines-relic-primus-armour-with-plasma-pistol-and-combat-blade/description/006.jpg
    saved data/images/ultramarines-relic-primus-armour-with-plasma-pistol-and-combat-blade/description/007.jpg
    saved data/images/ultramarines-relic-primus-armour-with-plasma-pistol-and-combat-blade/description/008.jpg
    saved data/images/ultramarines-relic-primus-armour-with-plasma-pistol-and-combat-blade/description/009.jpg
    saved data/images/ultramarines-relic-primus-armour-with-plasma-pistol-and-combat-blade/description/010.jpg
    saved data/images/ultramarines-relic-primus-armour-with-plasma-pistol-and-combat-blade/description/011.jpg
    saved data/images/ultramarines-relic-primus-armour-with-plasma-pistol-and-combat-blade/description/012.jpg
    saved data/images/ultramarines-relic-primus-armour-with-plasma-pistol-and-combat-blade/description/013.jpg
    saved data/images/ultramarines-relic-primus-armour-with-plasma-pistol-and-combat-blade/description/014.jpg
    saved data/images/ultramarines-relic-primus-armour-with-plasma-pistol-and-combat-blade/description/015.jpg
    saved data/images/ultramarines-relic-primus-armour-with-plasma-pistol-and-combat-blade/description/016.jpg
    saved data/images/ultramarines-relic-primus-armour-with-plasma-pistol-and-combat-blade/description/017.jpg
[146/541] scraping ultramarines-heavy-artificer-armor-with-relic-multi-melta
  downloading 19 images...
    saved data/images/ultramarines-heavy-artificer-armor-with-relic-multi-melta/001.jpg
    saved data/images/ultramarines-heavy-artificer-armor-with-relic-multi-melta/002.jpg
    saved data/images/ultramarines-heavy-artificer-armor-with-relic-multi-melta/003.jpg
    saved data/images/ultramarines-heavy-artificer-armor-with-relic-multi-melta/004.jpg
    saved data/images/ultramarines-heavy-artificer-armor-with-relic-multi-melta/005.jpg
    saved data/images/ultramarines-heavy-artificer-armor-with-relic-multi-melta/006.jpg
    saved data/images/ultramarines-heavy-artificer-armor-with-relic-multi-melta/description/001.jpg
    saved data/images/ultramarines-heavy-artificer-armor-with-relic-multi-melta/description/002.jpg
    saved data/images/ultramarines-heavy-artificer-armor-with-relic-multi-melta/description/003.jpg
    saved data/images/ultramarines-heavy-artificer-armor-with-relic-multi-melta/description/004.jpg
    saved data/images/ultramarines-heavy-artificer-armor-with-relic-multi-melta/description/005.jpg
    saved data/images/ultramarines-heavy-artificer-armor-with-relic-multi-melta/description/006.jpg
    saved data/images/ultramarines-heavy-artificer-armor-with-relic-multi-melta/description/007.jpg
    saved data/images/ultramarines-heavy-artificer-armor-with-relic-multi-melta/description/008.jpg
    saved data/images/ultramarines-heavy-artificer-armor-with-relic-multi-melta/description/009.jpg
    saved data/images/ultramarines-heavy-artificer-armor-with-relic-multi-melta/description/010.jpg
    saved data/images/ultramarines-heavy-artificer-armor-with-relic-multi-melta/description/011.jpg
    saved data/images/ultramarines-heavy-artificer-armor-with-relic-multi-melta/description/012.jpg
    saved data/images/ultramarines-heavy-artificer-armor-with-relic-multi-melta/description/013.jpg
[147/541] scraping imperial-fists-leviathan-dreadnought-with-cyclonic-melta-lance-and-storm-cannon
  downloading 18 images...
    saved data/images/imperial-fists-leviathan-dreadnought-with-cyclonic-melta-lance-and-storm-cannon/001.jpg
    saved data/images/imperial-fists-leviathan-dreadnought-with-cyclonic-melta-lance-and-storm-cannon/002.jpg
    saved data/images/imperial-fists-leviathan-dreadnought-with-cyclonic-melta-lance-and-storm-cannon/003.jpg
    saved data/images/imperial-fists-leviathan-dreadnought-with-cyclonic-melta-lance-and-storm-cannon/004.jpg
    saved data/images/imperial-fists-leviathan-dreadnought-with-cyclonic-melta-lance-and-storm-cannon/005.jpg
    saved data/images/imperial-fists-leviathan-dreadnought-with-cyclonic-melta-lance-and-storm-cannon/006.jpg
    saved data/images/imperial-fists-leviathan-dreadnought-with-cyclonic-melta-lance-and-storm-cannon/007.jpg
    saved data/images/imperial-fists-leviathan-dreadnought-with-cyclonic-melta-lance-and-storm-cannon/description/001.jpg
    saved data/images/imperial-fists-leviathan-dreadnought-with-cyclonic-melta-lance-and-storm-cannon/description/002.jpg
    saved data/images/imperial-fists-leviathan-dreadnought-with-cyclonic-melta-lance-and-storm-cannon/description/003.jpg
    saved data/images/imperial-fists-leviathan-dreadnought-with-cyclonic-melta-lance-and-storm-cannon/description/004.jpg
    saved data/images/imperial-fists-leviathan-dreadnought-with-cyclonic-melta-lance-and-storm-cannon/description/005.jpg
    saved data/images/imperial-fists-leviathan-dreadnought-with-cyclonic-melta-lance-and-storm-cannon/description/006.jpg
    saved data/images/imperial-fists-leviathan-dreadnought-with-cyclonic-melta-lance-and-storm-cannon/description/007.jpg
    saved data/images/imperial-fists-leviathan-dreadnought-with-cyclonic-melta-lance-and-storm-cannon/description/008.jpg
    saved data/images/imperial-fists-leviathan-dreadnought-with-cyclonic-melta-lance-and-storm-cannon/description/009.jpg
    saved data/images/imperial-fists-leviathan-dreadnought-with-cyclonic-melta-lance-and-storm-cannon/description/010.jpg
    saved data/images/imperial-fists-leviathan-dreadnought-with-cyclonic-melta-lance-and-storm-cannon/description/011.jpg
[148/541] scraping blood-angels-the-sanguinor-with-encarmine-broadsword
  downloading 18 images...
    saved data/images/blood-angels-the-sanguinor-with-encarmine-broadsword/001.jpg
    saved data/images/blood-angels-the-sanguinor-with-encarmine-broadsword/002.jpg
    saved data/images/blood-angels-the-sanguinor-with-encarmine-broadsword/003.jpg
    saved data/images/blood-angels-the-sanguinor-with-encarmine-broadsword/004.jpg
    saved data/images/blood-angels-the-sanguinor-with-encarmine-broadsword/005.jpg
    saved data/images/blood-angels-the-sanguinor-with-encarmine-broadsword/006.jpg
    saved data/images/blood-angels-the-sanguinor-with-encarmine-broadsword/description/001.gif
    saved data/images/blood-angels-the-sanguinor-with-encarmine-broadsword/description/002.gif
    saved data/images/blood-angels-the-sanguinor-with-encarmine-broadsword/description/003.gif
    saved data/images/blood-angels-the-sanguinor-with-encarmine-broadsword/description/004.gif
    saved data/images/blood-angels-the-sanguinor-with-encarmine-broadsword/description/005.gif
    saved data/images/blood-angels-the-sanguinor-with-encarmine-broadsword/description/006.gif
    saved data/images/blood-angels-the-sanguinor-with-encarmine-broadsword/description/007.gif
    saved data/images/blood-angels-the-sanguinor-with-encarmine-broadsword/description/008.gif
    saved data/images/blood-angels-the-sanguinor-with-encarmine-broadsword/description/009.gif
    saved data/images/blood-angels-the-sanguinor-with-encarmine-broadsword/description/010.gif
    saved data/images/blood-angels-the-sanguinor-with-encarmine-broadsword/description/011.gif
    saved data/images/blood-angels-the-sanguinor-with-encarmine-broadsword/description/012.gif
[149/541] scraping ultramarines-heavy-relic-primus-armor-with-heavy-relic-bolt-rifle
  downloading 20 images...
    saved data/images/ultramarines-heavy-relic-primus-armor-with-heavy-relic-bolt-rifle/001.jpg
    saved data/images/ultramarines-heavy-relic-primus-armor-with-heavy-relic-bolt-rifle/002.jpg
    saved data/images/ultramarines-heavy-relic-primus-armor-with-heavy-relic-bolt-rifle/003.jpg
    saved data/images/ultramarines-heavy-relic-primus-armor-with-heavy-relic-bolt-rifle/004.jpg
    saved data/images/ultramarines-heavy-relic-primus-armor-with-heavy-relic-bolt-rifle/005.jpg
    saved data/images/ultramarines-heavy-relic-primus-armor-with-heavy-relic-bolt-rifle/006.jpg
    saved data/images/ultramarines-heavy-relic-primus-armor-with-heavy-relic-bolt-rifle/description/001.jpg
    saved data/images/ultramarines-heavy-relic-primus-armor-with-heavy-relic-bolt-rifle/description/002.jpg
    saved data/images/ultramarines-heavy-relic-primus-armor-with-heavy-relic-bolt-rifle/description/003.jpg
    saved data/images/ultramarines-heavy-relic-primus-armor-with-heavy-relic-bolt-rifle/description/004.jpg
    saved data/images/ultramarines-heavy-relic-primus-armor-with-heavy-relic-bolt-rifle/description/005.jpg
    saved data/images/ultramarines-heavy-relic-primus-armor-with-heavy-relic-bolt-rifle/description/006.jpg
    saved data/images/ultramarines-heavy-relic-primus-armor-with-heavy-relic-bolt-rifle/description/007.jpg
    saved data/images/ultramarines-heavy-relic-primus-armor-with-heavy-relic-bolt-rifle/description/008.jpg
    saved data/images/ultramarines-heavy-relic-primus-armor-with-heavy-relic-bolt-rifle/description/009.jpg
    saved data/images/ultramarines-heavy-relic-primus-armor-with-heavy-relic-bolt-rifle/description/010.jpg
    saved data/images/ultramarines-heavy-relic-primus-armor-with-heavy-relic-bolt-rifle/description/011.jpg
    saved data/images/ultramarines-heavy-relic-primus-armor-with-heavy-relic-bolt-rifle/description/012.jpg
    saved data/images/ultramarines-heavy-relic-primus-armor-with-heavy-relic-bolt-rifle/description/013.jpg
    saved data/images/ultramarines-heavy-relic-primus-armor-with-heavy-relic-bolt-rifle/description/014.jpg
[150/541] scraping blood-angels-lemartes-with-jump-pack,-blood-crozius-and-absolver-bolt-pistol
  downloading 18 images...
    saved data/images/blood-angels-lemartes-with-jump-pack,-blood-crozius-and-absolver-bolt-pistol/001.jpg
    saved data/images/blood-angels-lemartes-with-jump-pack,-blood-crozius-and-absolver-bolt-pistol/002.jpg
    saved data/images/blood-angels-lemartes-with-jump-pack,-blood-crozius-and-absolver-bolt-pistol/003.jpg
    saved data/images/blood-angels-lemartes-with-jump-pack,-blood-crozius-and-absolver-bolt-pistol/004.jpg
    saved data/images/blood-angels-lemartes-with-jump-pack,-blood-crozius-and-absolver-bolt-pistol/005.jpg
    saved data/images/blood-angels-lemartes-with-jump-pack,-blood-crozius-and-absolver-bolt-pistol/006.jpg
    saved data/images/blood-angels-lemartes-with-jump-pack,-blood-crozius-and-absolver-bolt-pistol/description/001.gif
    saved data/images/blood-angels-lemartes-with-jump-pack,-blood-crozius-and-absolver-bolt-pistol/description/002.gif
    saved data/images/blood-angels-lemartes-with-jump-pack,-blood-crozius-and-absolver-bolt-pistol/description/003.gif
    saved data/images/blood-angels-lemartes-with-jump-pack,-blood-crozius-and-absolver-bolt-pistol/description/004.gif
    saved data/images/blood-angels-lemartes-with-jump-pack,-blood-crozius-and-absolver-bolt-pistol/description/005.gif
    saved data/images/blood-angels-lemartes-with-jump-pack,-blood-crozius-and-absolver-bolt-pistol/description/006.gif
    saved data/images/blood-angels-lemartes-with-jump-pack,-blood-crozius-and-absolver-bolt-pistol/description/007.gif
    saved data/images/blood-angels-lemartes-with-jump-pack,-blood-crozius-and-absolver-bolt-pistol/description/008.gif
    saved data/images/blood-angels-lemartes-with-jump-pack,-blood-crozius-and-absolver-bolt-pistol/description/009.gif
    saved data/images/blood-angels-lemartes-with-jump-pack,-blood-crozius-and-absolver-bolt-pistol/description/010.gif
    saved data/images/blood-angels-lemartes-with-jump-pack,-blood-crozius-and-absolver-bolt-pistol/description/011.gif
    saved data/images/blood-angels-lemartes-with-jump-pack,-blood-crozius-and-absolver-bolt-pistol/description/012.jpg
[151/541] scraping blood-angels-sanguinary-priest-with-heavy-bolt-pistol,-chainsword-and-narthecium
  downloading 16 images...
    saved data/images/blood-angels-sanguinary-priest-with-heavy-bolt-pistol,-chainsword-and-narthecium/001.jpg
    saved data/images/blood-angels-sanguinary-priest-with-heavy-bolt-pistol,-chainsword-and-narthecium/002.jpg
    saved data/images/blood-angels-sanguinary-priest-with-heavy-bolt-pistol,-chainsword-and-narthecium/003.jpg
    saved data/images/blood-angels-sanguinary-priest-with-heavy-bolt-pistol,-chainsword-and-narthecium/004.jpg
    saved data/images/blood-angels-sanguinary-priest-with-heavy-bolt-pistol,-chainsword-and-narthecium/005.jpg
    saved data/images/blood-angels-sanguinary-priest-with-heavy-bolt-pistol,-chainsword-and-narthecium/description/001.jpg
    saved data/images/blood-angels-sanguinary-priest-with-heavy-bolt-pistol,-chainsword-and-narthecium/description/002.jpg
    saved data/images/blood-angels-sanguinary-priest-with-heavy-bolt-pistol,-chainsword-and-narthecium/description/003.jpg
    saved data/images/blood-angels-sanguinary-priest-with-heavy-bolt-pistol,-chainsword-and-narthecium/description/004.jpg
    saved data/images/blood-angels-sanguinary-priest-with-heavy-bolt-pistol,-chainsword-and-narthecium/description/005.jpg
    saved data/images/blood-angels-sanguinary-priest-with-heavy-bolt-pistol,-chainsword-and-narthecium/description/006.jpg
    saved data/images/blood-angels-sanguinary-priest-with-heavy-bolt-pistol,-chainsword-and-narthecium/description/007.jpg
    saved data/images/blood-angels-sanguinary-priest-with-heavy-bolt-pistol,-chainsword-and-narthecium/description/008.jpg
    saved data/images/blood-angels-sanguinary-priest-with-heavy-bolt-pistol,-chainsword-and-narthecium/description/009.jpg
    saved data/images/blood-angels-sanguinary-priest-with-heavy-bolt-pistol,-chainsword-and-narthecium/description/010.jpg
    saved data/images/blood-angels-sanguinary-priest-with-heavy-bolt-pistol,-chainsword-and-narthecium/description/011.jpg
[152/541] scraping sons-of-horus-‘little’-horus-aximand,captain-of-the-5th-company
  downloading 18 images...
    saved data/images/sons-of-horus-‘little’-horus-aximand,captain-of-the-5th-company/001.jpg
    saved data/images/sons-of-horus-‘little’-horus-aximand,captain-of-the-5th-company/002.jpg
    saved data/images/sons-of-horus-‘little’-horus-aximand,captain-of-the-5th-company/003.jpg
    saved data/images/sons-of-horus-‘little’-horus-aximand,captain-of-the-5th-company/004.jpg
    saved data/images/sons-of-horus-‘little’-horus-aximand,captain-of-the-5th-company/005.jpg
    saved data/images/sons-of-horus-‘little’-horus-aximand,captain-of-the-5th-company/006.jpg
    saved data/images/sons-of-horus-‘little’-horus-aximand,captain-of-the-5th-company/description/001.jpg
    saved data/images/sons-of-horus-‘little’-horus-aximand,captain-of-the-5th-company/description/002.jpg
    saved data/images/sons-of-horus-‘little’-horus-aximand,captain-of-the-5th-company/description/003.jpg
    saved data/images/sons-of-horus-‘little’-horus-aximand,captain-of-the-5th-company/description/004.jpg
    saved data/images/sons-of-horus-‘little’-horus-aximand,captain-of-the-5th-company/description/005.jpg
    saved data/images/sons-of-horus-‘little’-horus-aximand,captain-of-the-5th-company/description/006.jpg
    saved data/images/sons-of-horus-‘little’-horus-aximand,captain-of-the-5th-company/description/007.jpg
    saved data/images/sons-of-horus-‘little’-horus-aximand,captain-of-the-5th-company/description/008.jpg
    saved data/images/sons-of-horus-‘little’-horus-aximand,captain-of-the-5th-company/description/009.jpg
    saved data/images/sons-of-horus-‘little’-horus-aximand,captain-of-the-5th-company/description/010.jpg
    saved data/images/sons-of-horus-‘little’-horus-aximand,captain-of-the-5th-company/description/011.jpg
    saved data/images/sons-of-horus-‘little’-horus-aximand,captain-of-the-5th-company/description/012.jpg
[153/541] scraping death-guard-deathshroud-terminators
  downloading 34 images...
    saved data/images/death-guard-deathshroud-terminators/001.jpg
    saved data/images/death-guard-deathshroud-terminators/002.jpg
    saved data/images/death-guard-deathshroud-terminators/003.jpg
    saved data/images/death-guard-deathshroud-terminators/004.jpg
    saved data/images/death-guard-deathshroud-terminators/005.jpg
    saved data/images/death-guard-deathshroud-terminators/006.jpg
    saved data/images/death-guard-deathshroud-terminators/007.jpg
    saved data/images/death-guard-deathshroud-terminators/008.jpg
    saved data/images/death-guard-deathshroud-terminators/009.jpg
    saved data/images/death-guard-deathshroud-terminators/010.jpg
    saved data/images/death-guard-deathshroud-terminators/011.jpg
    saved data/images/death-guard-deathshroud-terminators/012.jpg
    saved data/images/death-guard-deathshroud-terminators/013.jpg
    saved data/images/death-guard-deathshroud-terminators/014.jpg
    saved data/images/death-guard-deathshroud-terminators/description/001.jpg
    saved data/images/death-guard-deathshroud-terminators/description/002.jpg
    saved data/images/death-guard-deathshroud-terminators/description/003.jpg
    saved data/images/death-guard-deathshroud-terminators/description/004.jpg
    saved data/images/death-guard-deathshroud-terminators/description/005.jpg
    saved data/images/death-guard-deathshroud-terminators/description/006.jpg
    saved data/images/death-guard-deathshroud-terminators/description/007.jpg
    saved data/images/death-guard-deathshroud-terminators/description/008.jpg
    saved data/images/death-guard-deathshroud-terminators/description/009.jpg
    saved data/images/death-guard-deathshroud-terminators/description/010.jpg
    saved data/images/death-guard-deathshroud-terminators/description/011.jpg
    saved data/images/death-guard-deathshroud-terminators/description/012.jpg
    saved data/images/death-guard-deathshroud-terminators/description/013.jpg
    saved data/images/death-guard-deathshroud-terminators/description/014.jpg
    saved data/images/death-guard-deathshroud-terminators/description/015.jpg
    saved data/images/death-guard-deathshroud-terminators/description/016.jpg
    saved data/images/death-guard-deathshroud-terminators/description/017.jpg
    saved data/images/death-guard-deathshroud-terminators/description/018.jpg
    saved data/images/death-guard-deathshroud-terminators/description/019.jpg
    saved data/images/death-guard-deathshroud-terminators/description/020.jpg
[154/541] scraping death-guard-deathshroud-terminators-champion-with-manreaper-and-plaguespurter-gauntlets
  downloading 18 images...
    saved data/images/death-guard-deathshroud-terminators-champion-with-manreaper-and-plaguespurter-gauntlets/001.jpg
    saved data/images/death-guard-deathshroud-terminators-champion-with-manreaper-and-plaguespurter-gauntlets/002.jpg
    saved data/images/death-guard-deathshroud-terminators-champion-with-manreaper-and-plaguespurter-gauntlets/003.jpg
    saved data/images/death-guard-deathshroud-terminators-champion-with-manreaper-and-plaguespurter-gauntlets/004.jpg
    saved data/images/death-guard-deathshroud-terminators-champion-with-manreaper-and-plaguespurter-gauntlets/005.jpg
    saved data/images/death-guard-deathshroud-terminators-champion-with-manreaper-and-plaguespurter-gauntlets/006.jpg
    saved data/images/death-guard-deathshroud-terminators-champion-with-manreaper-and-plaguespurter-gauntlets/description/001.jpg
    saved data/images/death-guard-deathshroud-terminators-champion-with-manreaper-and-plaguespurter-gauntlets/description/002.jpg
    saved data/images/death-guard-deathshroud-terminators-champion-with-manreaper-and-plaguespurter-gauntlets/description/003.jpg
    saved data/images/death-guard-deathshroud-terminators-champion-with-manreaper-and-plaguespurter-gauntlets/description/004.jpg
    saved data/images/death-guard-deathshroud-terminators-champion-with-manreaper-and-plaguespurter-gauntlets/description/005.jpg
    saved data/images/death-guard-deathshroud-terminators-champion-with-manreaper-and-plaguespurter-gauntlets/description/006.jpg
    saved data/images/death-guard-deathshroud-terminators-champion-with-manreaper-and-plaguespurter-gauntlets/description/007.jpg
    saved data/images/death-guard-deathshroud-terminators-champion-with-manreaper-and-plaguespurter-gauntlets/description/008.jpg
    saved data/images/death-guard-deathshroud-terminators-champion-with-manreaper-and-plaguespurter-gauntlets/description/009.jpg
    saved data/images/death-guard-deathshroud-terminators-champion-with-manreaper-and-plaguespurter-gauntlets/description/010.jpg
    saved data/images/death-guard-deathshroud-terminators-champion-with-manreaper-and-plaguespurter-gauntlets/description/011.jpg
    saved data/images/death-guard-deathshroud-terminators-champion-with-manreaper-and-plaguespurter-gauntlets/description/012.jpg
[155/541] scraping death-guard-deathshroud-terminator-2-with-manreaper-and-plaguespurter-gauntlet
  downloading 17 images...
    saved data/images/death-guard-deathshroud-terminator-2-with-manreaper-and-plaguespurter-gauntlet/001.jpg
    saved data/images/death-guard-deathshroud-terminator-2-with-manreaper-and-plaguespurter-gauntlet/002.jpg
    saved data/images/death-guard-deathshroud-terminator-2-with-manreaper-and-plaguespurter-gauntlet/003.jpg
    saved data/images/death-guard-deathshroud-terminator-2-with-manreaper-and-plaguespurter-gauntlet/004.jpg
    saved data/images/death-guard-deathshroud-terminator-2-with-manreaper-and-plaguespurter-gauntlet/005.jpg
    saved data/images/death-guard-deathshroud-terminator-2-with-manreaper-and-plaguespurter-gauntlet/006.jpg
    saved data/images/death-guard-deathshroud-terminator-2-with-manreaper-and-plaguespurter-gauntlet/description/001.jpg
    saved data/images/death-guard-deathshroud-terminator-2-with-manreaper-and-plaguespurter-gauntlet/description/002.jpg
    saved data/images/death-guard-deathshroud-terminator-2-with-manreaper-and-plaguespurter-gauntlet/description/003.jpg
    saved data/images/death-guard-deathshroud-terminator-2-with-manreaper-and-plaguespurter-gauntlet/description/004.jpg
    saved data/images/death-guard-deathshroud-terminator-2-with-manreaper-and-plaguespurter-gauntlet/description/005.jpg
    saved data/images/death-guard-deathshroud-terminator-2-with-manreaper-and-plaguespurter-gauntlet/description/006.jpg
    saved data/images/death-guard-deathshroud-terminator-2-with-manreaper-and-plaguespurter-gauntlet/description/007.jpg
    saved data/images/death-guard-deathshroud-terminator-2-with-manreaper-and-plaguespurter-gauntlet/description/008.jpg
    saved data/images/death-guard-deathshroud-terminator-2-with-manreaper-and-plaguespurter-gauntlet/description/009.jpg
    saved data/images/death-guard-deathshroud-terminator-2-with-manreaper-and-plaguespurter-gauntlet/description/010.jpg
    saved data/images/death-guard-deathshroud-terminator-2-with-manreaper-and-plaguespurter-gauntlet/description/011.jpg
[156/541] scraping death-guard-deathshroud-terminator-1-with-manreaper-and-plaguespurter-gauntlet
  downloading 14 images...
    saved data/images/death-guard-deathshroud-terminator-1-with-manreaper-and-plaguespurter-gauntlet/001.jpg
    saved data/images/death-guard-deathshroud-terminator-1-with-manreaper-and-plaguespurter-gauntlet/002.jpg
    saved data/images/death-guard-deathshroud-terminator-1-with-manreaper-and-plaguespurter-gauntlet/003.jpg
    saved data/images/death-guard-deathshroud-terminator-1-with-manreaper-and-plaguespurter-gauntlet/004.jpg
    saved data/images/death-guard-deathshroud-terminator-1-with-manreaper-and-plaguespurter-gauntlet/005.jpg
    saved data/images/death-guard-deathshroud-terminator-1-with-manreaper-and-plaguespurter-gauntlet/006.jpg
    saved data/images/death-guard-deathshroud-terminator-1-with-manreaper-and-plaguespurter-gauntlet/description/001.jpg
    saved data/images/death-guard-deathshroud-terminator-1-with-manreaper-and-plaguespurter-gauntlet/description/002.jpg
    saved data/images/death-guard-deathshroud-terminator-1-with-manreaper-and-plaguespurter-gauntlet/description/003.jpg
    saved data/images/death-guard-deathshroud-terminator-1-with-manreaper-and-plaguespurter-gauntlet/description/004.jpg
    saved data/images/death-guard-deathshroud-terminator-1-with-manreaper-and-plaguespurter-gauntlet/description/005.jpg
    saved data/images/death-guard-deathshroud-terminator-1-with-manreaper-and-plaguespurter-gauntlet/description/006.jpg
    saved data/images/death-guard-deathshroud-terminator-1-with-manreaper-and-plaguespurter-gauntlet/description/007.jpg
    saved data/images/death-guard-deathshroud-terminator-1-with-manreaper-and-plaguespurter-gauntlet/description/008.jpg
[157/541] scraping space-wolves-geigor-fell-hand
  downloading 17 images...
    saved data/images/space-wolves-geigor-fell-hand/001.jpg
    saved data/images/space-wolves-geigor-fell-hand/002.jpg
    saved data/images/space-wolves-geigor-fell-hand/003.jpg
    saved data/images/space-wolves-geigor-fell-hand/004.jpg
    saved data/images/space-wolves-geigor-fell-hand/005.jpg
    saved data/images/space-wolves-geigor-fell-hand/006.jpg
    saved data/images/space-wolves-geigor-fell-hand/007.jpg
    saved data/images/space-wolves-geigor-fell-hand/description/001.jpg
    saved data/images/space-wolves-geigor-fell-hand/description/002.jpg
    saved data/images/space-wolves-geigor-fell-hand/description/003.jpg
    saved data/images/space-wolves-geigor-fell-hand/description/004.jpg
    saved data/images/space-wolves-geigor-fell-hand/description/005.jpg
    saved data/images/space-wolves-geigor-fell-hand/description/006.jpg
    saved data/images/space-wolves-geigor-fell-hand/description/007.jpg
    saved data/images/space-wolves-geigor-fell-hand/description/008.jpg
    saved data/images/space-wolves-geigor-fell-hand/description/009.jpg
    saved data/images/space-wolves-geigor-fell-hand/description/010.jpg
[158/541] scraping dark-angels-deathwing-knight-squad-1
  downloading 53 images...
    saved data/images/dark-angels-deathwing-knight-squad-1/001.jpg
    saved data/images/dark-angels-deathwing-knight-squad-1/002.jpg
    saved data/images/dark-angels-deathwing-knight-squad-1/003.jpg
    saved data/images/dark-angels-deathwing-knight-squad-1/004.jpg
    saved data/images/dark-angels-deathwing-knight-squad-1/005.jpg
    saved data/images/dark-angels-deathwing-knight-squad-1/006.jpg
    saved data/images/dark-angels-deathwing-knight-squad-1/007.jpg
    saved data/images/dark-angels-deathwing-knight-squad-1/008.jpg
    saved data/images/dark-angels-deathwing-knight-squad-1/009.jpg
    saved data/images/dark-angels-deathwing-knight-squad-1/010.jpg
    saved data/images/dark-angels-deathwing-knight-squad-1/011.jpg
    saved data/images/dark-angels-deathwing-knight-squad-1/012.jpg
    saved data/images/dark-angels-deathwing-knight-squad-1/013.jpg
    saved data/images/dark-angels-deathwing-knight-squad-1/014.jpg
    saved data/images/dark-angels-deathwing-knight-squad-1/015.jpg
    saved data/images/dark-angels-deathwing-knight-squad-1/016.jpg
    saved data/images/dark-angels-deathwing-knight-squad-1/017.jpg
    saved data/images/dark-angels-deathwing-knight-squad-1/018.jpg
    saved data/images/dark-angels-deathwing-knight-squad-1/019.jpg
    saved data/images/dark-angels-deathwing-knight-squad-1/020.jpg
    saved data/images/dark-angels-deathwing-knight-squad-1/description/001.gif
    saved data/images/dark-angels-deathwing-knight-squad-1/description/002.gif
    saved data/images/dark-angels-deathwing-knight-squad-1/description/003.gif
    saved data/images/dark-angels-deathwing-knight-squad-1/description/004.gif
    saved data/images/dark-angels-deathwing-knight-squad-1/description/005.gif
    saved data/images/dark-angels-deathwing-knight-squad-1/description/006.gif
    saved data/images/dark-angels-deathwing-knight-squad-1/description/007.gif
    saved data/images/dark-angels-deathwing-knight-squad-1/description/008.gif
    saved data/images/dark-angels-deathwing-knight-squad-1/description/009.gif
    saved data/images/dark-angels-deathwing-knight-squad-1/description/010.gif
    saved data/images/dark-angels-deathwing-knight-squad-1/description/011.gif
    saved data/images/dark-angels-deathwing-knight-squad-1/description/012.gif
    saved data/images/dark-angels-deathwing-knight-squad-1/description/013.gif
    saved data/images/dark-angels-deathwing-knight-squad-1/description/014.gif
    saved data/images/dark-angels-deathwing-knight-squad-1/description/015.gif
    saved data/images/dark-angels-deathwing-knight-squad-1/description/016.gif
    saved data/images/dark-angels-deathwing-knight-squad-1/description/017.gif
    saved data/images/dark-angels-deathwing-knight-squad-1/description/018.gif
    saved data/images/dark-angels-deathwing-knight-squad-1/description/019.gif
    saved data/images/dark-angels-deathwing-knight-squad-1/description/020.gif
    saved data/images/dark-angels-deathwing-knight-squad-1/description/021.gif
    saved data/images/dark-angels-deathwing-knight-squad-1/description/022.gif
    saved data/images/dark-angels-deathwing-knight-squad-1/description/023.gif
    saved data/images/dark-angels-deathwing-knight-squad-1/description/024.gif
    saved data/images/dark-angels-deathwing-knight-squad-1/description/025.gif
    saved data/images/dark-angels-deathwing-knight-squad-1/description/026.gif
    saved data/images/dark-angels-deathwing-knight-squad-1/description/027.gif
    saved data/images/dark-angels-deathwing-knight-squad-1/description/028.gif
    saved data/images/dark-angels-deathwing-knight-squad-1/description/029.gif
    saved data/images/dark-angels-deathwing-knight-squad-1/description/030.gif
    saved data/images/dark-angels-deathwing-knight-squad-1/description/031.gif
    saved data/images/dark-angels-deathwing-knight-squad-1/description/032.gif
    saved data/images/dark-angels-deathwing-knight-squad-1/description/033.gif
[159/541] scraping imperial-fists-legion-apothecary
  downloading 17 images...
    saved data/images/imperial-fists-legion-apothecary/001.jpg
    saved data/images/imperial-fists-legion-apothecary/002.jpg
    saved data/images/imperial-fists-legion-apothecary/003.jpg
    saved data/images/imperial-fists-legion-apothecary/004.jpg
    saved data/images/imperial-fists-legion-apothecary/005.jpg
    saved data/images/imperial-fists-legion-apothecary/006.jpg
    saved data/images/imperial-fists-legion-apothecary/description/001.gif
    saved data/images/imperial-fists-legion-apothecary/description/002.gif
    saved data/images/imperial-fists-legion-apothecary/description/003.gif
    saved data/images/imperial-fists-legion-apothecary/description/004.gif
    saved data/images/imperial-fists-legion-apothecary/description/005.gif
    saved data/images/imperial-fists-legion-apothecary/description/006.gif
    saved data/images/imperial-fists-legion-apothecary/description/007.gif
    saved data/images/imperial-fists-legion-apothecary/description/008.gif
    saved data/images/imperial-fists-legion-apothecary/description/009.gif
    saved data/images/imperial-fists-legion-apothecary/description/010.gif
    saved data/images/imperial-fists-legion-apothecary/description/011.gif
[160/541] scraping sons-of-horus-legion-cataphractii-praetor-with-combi-melta-and-power-maul
  downloading 17 images...
    saved data/images/sons-of-horus-legion-cataphractii-praetor-with-combi-melta-and-power-maul/001.jpg
    saved data/images/sons-of-horus-legion-cataphractii-praetor-with-combi-melta-and-power-maul/002.jpg
    saved data/images/sons-of-horus-legion-cataphractii-praetor-with-combi-melta-and-power-maul/003.jpg
    saved data/images/sons-of-horus-legion-cataphractii-praetor-with-combi-melta-and-power-maul/004.jpg
    saved data/images/sons-of-horus-legion-cataphractii-praetor-with-combi-melta-and-power-maul/005.jpg
    saved data/images/sons-of-horus-legion-cataphractii-praetor-with-combi-melta-and-power-maul/006.jpg
    saved data/images/sons-of-horus-legion-cataphractii-praetor-with-combi-melta-and-power-maul/description/001.gif
    saved data/images/sons-of-horus-legion-cataphractii-praetor-with-combi-melta-and-power-maul/description/002.gif
    saved data/images/sons-of-horus-legion-cataphractii-praetor-with-combi-melta-and-power-maul/description/003.gif
    saved data/images/sons-of-horus-legion-cataphractii-praetor-with-combi-melta-and-power-maul/description/004.gif
    saved data/images/sons-of-horus-legion-cataphractii-praetor-with-combi-melta-and-power-maul/description/005.gif
    saved data/images/sons-of-horus-legion-cataphractii-praetor-with-combi-melta-and-power-maul/description/006.gif
    saved data/images/sons-of-horus-legion-cataphractii-praetor-with-combi-melta-and-power-maul/description/007.gif
    saved data/images/sons-of-horus-legion-cataphractii-praetor-with-combi-melta-and-power-maul/description/008.gif
    saved data/images/sons-of-horus-legion-cataphractii-praetor-with-combi-melta-and-power-maul/description/009.gif
    saved data/images/sons-of-horus-legion-cataphractii-praetor-with-combi-melta-and-power-maul/description/010.gif
    saved data/images/sons-of-horus-legion-cataphractii-praetor-with-combi-melta-and-power-maul/description/011.gif
[161/541] scraping sons-of-horus-legion-champion
  downloading 17 images...
    saved data/images/sons-of-horus-legion-champion/001.jpg
    saved data/images/sons-of-horus-legion-champion/002.jpg
    saved data/images/sons-of-horus-legion-champion/003.jpg
    saved data/images/sons-of-horus-legion-champion/004.jpg
    saved data/images/sons-of-horus-legion-champion/005.jpg
    saved data/images/sons-of-horus-legion-champion/006.jpg
    saved data/images/sons-of-horus-legion-champion/description/001.gif
    saved data/images/sons-of-horus-legion-champion/description/002.gif
    saved data/images/sons-of-horus-legion-champion/description/003.gif
    saved data/images/sons-of-horus-legion-champion/description/004.gif
    saved data/images/sons-of-horus-legion-champion/description/005.gif
    saved data/images/sons-of-horus-legion-champion/description/006.gif
    saved data/images/sons-of-horus-legion-champion/description/007.gif
    saved data/images/sons-of-horus-legion-champion/description/008.gif
    saved data/images/sons-of-horus-legion-champion/description/009.gif
    saved data/images/sons-of-horus-legion-champion/description/010.gif
    saved data/images/sons-of-horus-legion-champion/description/011.gif
[162/541] scraping sons-of-horus-legion-apothecary
  downloading 17 images...
    saved data/images/sons-of-horus-legion-apothecary/001.jpg
    saved data/images/sons-of-horus-legion-apothecary/002.jpg
    saved data/images/sons-of-horus-legion-apothecary/003.jpg
    saved data/images/sons-of-horus-legion-apothecary/004.jpg
    saved data/images/sons-of-horus-legion-apothecary/005.jpg
    saved data/images/sons-of-horus-legion-apothecary/006.jpg
    saved data/images/sons-of-horus-legion-apothecary/description/001.gif
    saved data/images/sons-of-horus-legion-apothecary/description/002.gif
    saved data/images/sons-of-horus-legion-apothecary/description/003.gif
    saved data/images/sons-of-horus-legion-apothecary/description/004.gif
    saved data/images/sons-of-horus-legion-apothecary/description/005.gif
    saved data/images/sons-of-horus-legion-apothecary/description/006.gif
    saved data/images/sons-of-horus-legion-apothecary/description/007.gif
    saved data/images/sons-of-horus-legion-apothecary/description/008.gif
    saved data/images/sons-of-horus-legion-apothecary/description/009.gif
    saved data/images/sons-of-horus-legion-apothecary/description/010.gif
    saved data/images/sons-of-horus-legion-apothecary/description/011.gif
[163/541] scraping dark-angels-belial,-grand-master-of-the-deathwing-with-the-sword-of-silence-and-storm-bolter
  downloading 17 images...
    saved data/images/dark-angels-belial,-grand-master-of-the-deathwing-with-the-sword-of-silence-and-storm-bolter/001.jpg
    saved data/images/dark-angels-belial,-grand-master-of-the-deathwing-with-the-sword-of-silence-and-storm-bolter/002.jpg
    saved data/images/dark-angels-belial,-grand-master-of-the-deathwing-with-the-sword-of-silence-and-storm-bolter/003.jpg
    saved data/images/dark-angels-belial,-grand-master-of-the-deathwing-with-the-sword-of-silence-and-storm-bolter/004.jpg
    saved data/images/dark-angels-belial,-grand-master-of-the-deathwing-with-the-sword-of-silence-and-storm-bolter/005.jpg
    saved data/images/dark-angels-belial,-grand-master-of-the-deathwing-with-the-sword-of-silence-and-storm-bolter/006.jpg
    saved data/images/dark-angels-belial,-grand-master-of-the-deathwing-with-the-sword-of-silence-and-storm-bolter/description/001.gif
    saved data/images/dark-angels-belial,-grand-master-of-the-deathwing-with-the-sword-of-silence-and-storm-bolter/description/002.gif
    saved data/images/dark-angels-belial,-grand-master-of-the-deathwing-with-the-sword-of-silence-and-storm-bolter/description/003.gif
    saved data/images/dark-angels-belial,-grand-master-of-the-deathwing-with-the-sword-of-silence-and-storm-bolter/description/004.gif
    saved data/images/dark-angels-belial,-grand-master-of-the-deathwing-with-the-sword-of-silence-and-storm-bolter/description/005.gif
    saved data/images/dark-angels-belial,-grand-master-of-the-deathwing-with-the-sword-of-silence-and-storm-bolter/description/006.gif
    saved data/images/dark-angels-belial,-grand-master-of-the-deathwing-with-the-sword-of-silence-and-storm-bolter/description/007.gif
    saved data/images/dark-angels-belial,-grand-master-of-the-deathwing-with-the-sword-of-silence-and-storm-bolter/description/008.gif
    saved data/images/dark-angels-belial,-grand-master-of-the-deathwing-with-the-sword-of-silence-and-storm-bolter/description/009.gif
    saved data/images/dark-angels-belial,-grand-master-of-the-deathwing-with-the-sword-of-silence-and-storm-bolter/description/010.gif
    saved data/images/dark-angels-belial,-grand-master-of-the-deathwing-with-the-sword-of-silence-and-storm-bolter/description/011.jpg
[164/541] scraping chaos-space-marines-cypher,lord-of-the-fallen
  downloading 15 images...
    saved data/images/chaos-space-marines-cypher,lord-of-the-fallen/001.jpg
    saved data/images/chaos-space-marines-cypher,lord-of-the-fallen/002.jpg
    saved data/images/chaos-space-marines-cypher,lord-of-the-fallen/003.jpg
    saved data/images/chaos-space-marines-cypher,lord-of-the-fallen/004.jpg
    saved data/images/chaos-space-marines-cypher,lord-of-the-fallen/005.jpg
    saved data/images/chaos-space-marines-cypher,lord-of-the-fallen/006.jpg
    saved data/images/chaos-space-marines-cypher,lord-of-the-fallen/description/001.jpg
    saved data/images/chaos-space-marines-cypher,lord-of-the-fallen/description/002.jpg
    saved data/images/chaos-space-marines-cypher,lord-of-the-fallen/description/003.jpg
    saved data/images/chaos-space-marines-cypher,lord-of-the-fallen/description/004.jpg
    saved data/images/chaos-space-marines-cypher,lord-of-the-fallen/description/005.jpg
    saved data/images/chaos-space-marines-cypher,lord-of-the-fallen/description/006.jpg
    saved data/images/chaos-space-marines-cypher,lord-of-the-fallen/description/007.jpg
    saved data/images/chaos-space-marines-cypher,lord-of-the-fallen/description/008.jpg
    saved data/images/chaos-space-marines-cypher,lord-of-the-fallen/description/009.jpg
[165/541] scraping blood-angels-sanguinary-guard-1
  downloading 50 images...
    saved data/images/blood-angels-sanguinary-guard-1/001.jpg
    saved data/images/blood-angels-sanguinary-guard-1/002.jpg
    saved data/images/blood-angels-sanguinary-guard-1/003.jpg
    saved data/images/blood-angels-sanguinary-guard-1/004.jpg
    saved data/images/blood-angels-sanguinary-guard-1/005.jpg
    saved data/images/blood-angels-sanguinary-guard-1/006.jpg
    saved data/images/blood-angels-sanguinary-guard-1/007.jpg
    saved data/images/blood-angels-sanguinary-guard-1/008.jpg
    saved data/images/blood-angels-sanguinary-guard-1/009.jpg
    saved data/images/blood-angels-sanguinary-guard-1/010.jpg
    saved data/images/blood-angels-sanguinary-guard-1/011.jpg
    saved data/images/blood-angels-sanguinary-guard-1/012.jpg
    saved data/images/blood-angels-sanguinary-guard-1/013.jpg
    saved data/images/blood-angels-sanguinary-guard-1/014.jpg
    saved data/images/blood-angels-sanguinary-guard-1/015.jpg
    saved data/images/blood-angels-sanguinary-guard-1/016.jpg
    saved data/images/blood-angels-sanguinary-guard-1/017.jpg
    saved data/images/blood-angels-sanguinary-guard-1/018.jpg
    saved data/images/blood-angels-sanguinary-guard-1/019.jpg
    saved data/images/blood-angels-sanguinary-guard-1/020.jpg
    saved data/images/blood-angels-sanguinary-guard-1/description/001.jpg
    saved data/images/blood-angels-sanguinary-guard-1/description/002.jpg
    saved data/images/blood-angels-sanguinary-guard-1/description/003.jpg
    saved data/images/blood-angels-sanguinary-guard-1/description/004.jpg
    saved data/images/blood-angels-sanguinary-guard-1/description/005.jpg
    saved data/images/blood-angels-sanguinary-guard-1/description/006.jpg
    saved data/images/blood-angels-sanguinary-guard-1/description/007.jpg
    saved data/images/blood-angels-sanguinary-guard-1/description/008.jpg
    saved data/images/blood-angels-sanguinary-guard-1/description/009.jpg
    saved data/images/blood-angels-sanguinary-guard-1/description/010.jpg
    saved data/images/blood-angels-sanguinary-guard-1/description/011.jpg
    saved data/images/blood-angels-sanguinary-guard-1/description/012.jpg
    saved data/images/blood-angels-sanguinary-guard-1/description/013.jpg
    saved data/images/blood-angels-sanguinary-guard-1/description/014.jpg
    saved data/images/blood-angels-sanguinary-guard-1/description/015.jpg
    saved data/images/blood-angels-sanguinary-guard-1/description/016.jpg
    saved data/images/blood-angels-sanguinary-guard-1/description/017.jpg
    saved data/images/blood-angels-sanguinary-guard-1/description/018.jpg
    saved data/images/blood-angels-sanguinary-guard-1/description/019.jpg
    saved data/images/blood-angels-sanguinary-guard-1/description/020.jpg
    saved data/images/blood-angels-sanguinary-guard-1/description/021.jpg
    saved data/images/blood-angels-sanguinary-guard-1/description/022.jpg
    saved data/images/blood-angels-sanguinary-guard-1/description/023.jpg
    saved data/images/blood-angels-sanguinary-guard-1/description/024.jpg
    saved data/images/blood-angels-sanguinary-guard-1/description/025.jpg
    saved data/images/blood-angels-sanguinary-guard-1/description/026.jpg
    saved data/images/blood-angels-sanguinary-guard-1/description/027.jpg
    saved data/images/blood-angels-sanguinary-guard-1/description/028.jpg
    saved data/images/blood-angels-sanguinary-guard-1/description/029.jpg
    saved data/images/blood-angels-sanguinary-guard-1/description/030.jpg
[166/541] scraping sons-of-horus-justaerin-terminator-squad
  downloading 37 images...
    saved data/images/sons-of-horus-justaerin-terminator-squad/001.jpg
    saved data/images/sons-of-horus-justaerin-terminator-squad/002.jpg
    saved data/images/sons-of-horus-justaerin-terminator-squad/003.jpg
    saved data/images/sons-of-horus-justaerin-terminator-squad/004.jpg
    saved data/images/sons-of-horus-justaerin-terminator-squad/005.jpg
    saved data/images/sons-of-horus-justaerin-terminator-squad/006.jpg
    saved data/images/sons-of-horus-justaerin-terminator-squad/007.jpg
    saved data/images/sons-of-horus-justaerin-terminator-squad/008.jpg
    saved data/images/sons-of-horus-justaerin-terminator-squad/009.jpg
    saved data/images/sons-of-horus-justaerin-terminator-squad/010.jpg
    saved data/images/sons-of-horus-justaerin-terminator-squad/011.jpg
    saved data/images/sons-of-horus-justaerin-terminator-squad/012.jpg
    saved data/images/sons-of-horus-justaerin-terminator-squad/013.jpg
    saved data/images/sons-of-horus-justaerin-terminator-squad/014.jpg
    saved data/images/sons-of-horus-justaerin-terminator-squad/description/001.jpg
    saved data/images/sons-of-horus-justaerin-terminator-squad/description/002.jpg
    saved data/images/sons-of-horus-justaerin-terminator-squad/description/003.jpg
    saved data/images/sons-of-horus-justaerin-terminator-squad/description/004.jpg
    saved data/images/sons-of-horus-justaerin-terminator-squad/description/005.jpg
    saved data/images/sons-of-horus-justaerin-terminator-squad/description/006.jpg
    saved data/images/sons-of-horus-justaerin-terminator-squad/description/007.jpg
    saved data/images/sons-of-horus-justaerin-terminator-squad/description/008.jpg
    saved data/images/sons-of-horus-justaerin-terminator-squad/description/009.jpg
    saved data/images/sons-of-horus-justaerin-terminator-squad/description/010.jpg
    saved data/images/sons-of-horus-justaerin-terminator-squad/description/011.jpg
    saved data/images/sons-of-horus-justaerin-terminator-squad/description/012.jpg
    saved data/images/sons-of-horus-justaerin-terminator-squad/description/013.jpg
    saved data/images/sons-of-horus-justaerin-terminator-squad/description/014.jpg
    saved data/images/sons-of-horus-justaerin-terminator-squad/description/015.jpg
    saved data/images/sons-of-horus-justaerin-terminator-squad/description/016.jpg
    saved data/images/sons-of-horus-justaerin-terminator-squad/description/017.jpg
    saved data/images/sons-of-horus-justaerin-terminator-squad/description/018.jpg
    saved data/images/sons-of-horus-justaerin-terminator-squad/description/019.jpg
    saved data/images/sons-of-horus-justaerin-terminator-squad/description/020.jpg
    saved data/images/sons-of-horus-justaerin-terminator-squad/description/021.jpg
    saved data/images/sons-of-horus-justaerin-terminator-squad/description/022.jpg
    saved data/images/sons-of-horus-justaerin-terminator-squad/description/023.jpg
[167/541] scraping blood-angels-captain-with-heavy-bolt-pistol-power-sword
  downloading 17 images...
    saved data/images/blood-angels-captain-with-heavy-bolt-pistol-power-sword/001.jpg
    saved data/images/blood-angels-captain-with-heavy-bolt-pistol-power-sword/002.jpg
    saved data/images/blood-angels-captain-with-heavy-bolt-pistol-power-sword/003.jpg
    saved data/images/blood-angels-captain-with-heavy-bolt-pistol-power-sword/004.jpg
    saved data/images/blood-angels-captain-with-heavy-bolt-pistol-power-sword/005.jpg
    saved data/images/blood-angels-captain-with-heavy-bolt-pistol-power-sword/006.jpg
    saved data/images/blood-angels-captain-with-heavy-bolt-pistol-power-sword/description/001.jpg
    saved data/images/blood-angels-captain-with-heavy-bolt-pistol-power-sword/description/002.jpg
    saved data/images/blood-angels-captain-with-heavy-bolt-pistol-power-sword/description/003.jpg
    saved data/images/blood-angels-captain-with-heavy-bolt-pistol-power-sword/description/004.jpg
    saved data/images/blood-angels-captain-with-heavy-bolt-pistol-power-sword/description/005.jpg
    saved data/images/blood-angels-captain-with-heavy-bolt-pistol-power-sword/description/006.jpg
    saved data/images/blood-angels-captain-with-heavy-bolt-pistol-power-sword/description/007.jpg
    saved data/images/blood-angels-captain-with-heavy-bolt-pistol-power-sword/description/008.jpg
    saved data/images/blood-angels-captain-with-heavy-bolt-pistol-power-sword/description/009.jpg
    saved data/images/blood-angels-captain-with-heavy-bolt-pistol-power-sword/description/010.jpg
    saved data/images/blood-angels-captain-with-heavy-bolt-pistol-power-sword/description/011.jpg
[168/541] scraping ultramarines-razorback-with-twin-lascannon
  downloading 23 images...
    saved data/images/ultramarines-razorback-with-twin-lascannon/001.jpg
    saved data/images/ultramarines-razorback-with-twin-lascannon/002.jpg
    saved data/images/ultramarines-razorback-with-twin-lascannon/003.jpg
    saved data/images/ultramarines-razorback-with-twin-lascannon/004.jpg
    saved data/images/ultramarines-razorback-with-twin-lascannon/005.jpg
    saved data/images/ultramarines-razorback-with-twin-lascannon/description/001.jpg
    saved data/images/ultramarines-razorback-with-twin-lascannon/description/002.jpg
    saved data/images/ultramarines-razorback-with-twin-lascannon/description/003.jpg
    saved data/images/ultramarines-razorback-with-twin-lascannon/description/004.jpg
    saved data/images/ultramarines-razorback-with-twin-lascannon/description/005.jpg
    saved data/images/ultramarines-razorback-with-twin-lascannon/description/006.jpg
    saved data/images/ultramarines-razorback-with-twin-lascannon/description/007.jpg
    saved data/images/ultramarines-razorback-with-twin-lascannon/description/008.jpg
    saved data/images/ultramarines-razorback-with-twin-lascannon/description/009.jpg
    saved data/images/ultramarines-razorback-with-twin-lascannon/description/010.jpg
    saved data/images/ultramarines-razorback-with-twin-lascannon/description/011.jpg
    saved data/images/ultramarines-razorback-with-twin-lascannon/description/012.jpg
    saved data/images/ultramarines-razorback-with-twin-lascannon/description/013.jpg
    saved data/images/ultramarines-razorback-with-twin-lascannon/description/014.jpg
    saved data/images/ultramarines-razorback-with-twin-lascannon/description/015.jpg
    saved data/images/ultramarines-razorback-with-twin-lascannon/description/016.jpg
    saved data/images/ultramarines-razorback-with-twin-lascannon/description/017.jpg
    saved data/images/ultramarines-razorback-with-twin-lascannon/description/018.jpg
[169/541] scraping alpha-legion-exodus-the-one-who-is-many-with-sniper-rifle-and-power-dagger
  downloading 18 images...
    saved data/images/alpha-legion-exodus-the-one-who-is-many-with-sniper-rifle-and-power-dagger/001.jpg
    saved data/images/alpha-legion-exodus-the-one-who-is-many-with-sniper-rifle-and-power-dagger/002.jpg
    saved data/images/alpha-legion-exodus-the-one-who-is-many-with-sniper-rifle-and-power-dagger/003.jpg
    saved data/images/alpha-legion-exodus-the-one-who-is-many-with-sniper-rifle-and-power-dagger/004.jpg
    saved data/images/alpha-legion-exodus-the-one-who-is-many-with-sniper-rifle-and-power-dagger/005.jpg
    saved data/images/alpha-legion-exodus-the-one-who-is-many-with-sniper-rifle-and-power-dagger/006.jpg
    saved data/images/alpha-legion-exodus-the-one-who-is-many-with-sniper-rifle-and-power-dagger/description/001.jpg
    saved data/images/alpha-legion-exodus-the-one-who-is-many-with-sniper-rifle-and-power-dagger/description/002.jpg
    saved data/images/alpha-legion-exodus-the-one-who-is-many-with-sniper-rifle-and-power-dagger/description/003.jpg
    saved data/images/alpha-legion-exodus-the-one-who-is-many-with-sniper-rifle-and-power-dagger/description/004.jpg
    saved data/images/alpha-legion-exodus-the-one-who-is-many-with-sniper-rifle-and-power-dagger/description/005.jpg
    saved data/images/alpha-legion-exodus-the-one-who-is-many-with-sniper-rifle-and-power-dagger/description/006.jpg
    saved data/images/alpha-legion-exodus-the-one-who-is-many-with-sniper-rifle-and-power-dagger/description/007.jpg
    saved data/images/alpha-legion-exodus-the-one-who-is-many-with-sniper-rifle-and-power-dagger/description/008.jpg
    saved data/images/alpha-legion-exodus-the-one-who-is-many-with-sniper-rifle-and-power-dagger/description/009.jpg
    saved data/images/alpha-legion-exodus-the-one-who-is-many-with-sniper-rifle-and-power-dagger/description/010.jpg
    failed image https://img.joytoy.com/u_file/2507/17/photo/262A1433.jpg?x-oss-process=image/quality,q_100: 404 Client Error: Not Found for url: https://img.joytoy.com/u_file/2507/17/photo/262A1433.jpg?x-oss-process=image/quality,q_100
    saved data/images/alpha-legion-exodus-the-one-who-is-many-with-sniper-rifle-and-power-dagger/description/012.jpg
[170/541] scraping alpha-legion-legion-praetor-in-cataphractii-terminator-armour
  downloading 15 images...
    saved data/images/alpha-legion-legion-praetor-in-cataphractii-terminator-armour/001.jpg
    saved data/images/alpha-legion-legion-praetor-in-cataphractii-terminator-armour/002.jpg
    saved data/images/alpha-legion-legion-praetor-in-cataphractii-terminator-armour/003.jpg
    saved data/images/alpha-legion-legion-praetor-in-cataphractii-terminator-armour/004.jpg
    saved data/images/alpha-legion-legion-praetor-in-cataphractii-terminator-armour/005.jpg
    saved data/images/alpha-legion-legion-praetor-in-cataphractii-terminator-armour/006.jpg
    saved data/images/alpha-legion-legion-praetor-in-cataphractii-terminator-armour/description/001.jpg
    saved data/images/alpha-legion-legion-praetor-in-cataphractii-terminator-armour/description/002.jpg
    saved data/images/alpha-legion-legion-praetor-in-cataphractii-terminator-armour/description/003.jpg
    saved data/images/alpha-legion-legion-praetor-in-cataphractii-terminator-armour/description/004.jpg
    saved data/images/alpha-legion-legion-praetor-in-cataphractii-terminator-armour/description/005.jpg
    saved data/images/alpha-legion-legion-praetor-in-cataphractii-terminator-armour/description/006.jpg
    saved data/images/alpha-legion-legion-praetor-in-cataphractii-terminator-armour/description/007.jpg
    saved data/images/alpha-legion-legion-praetor-in-cataphractii-terminator-armour/description/008.jpg
    saved data/images/alpha-legion-legion-praetor-in-cataphractii-terminator-armour/description/009.jpg
[171/541] scraping alpha-legion-lernaean-terminator-with-conversion-beam-cannon
  downloading 15 images...
    saved data/images/alpha-legion-lernaean-terminator-with-conversion-beam-cannon/001.jpg
    saved data/images/alpha-legion-lernaean-terminator-with-conversion-beam-cannon/002.jpg
    saved data/images/alpha-legion-lernaean-terminator-with-conversion-beam-cannon/003.jpg
    saved data/images/alpha-legion-lernaean-terminator-with-conversion-beam-cannon/004.jpg
    saved data/images/alpha-legion-lernaean-terminator-with-conversion-beam-cannon/005.jpg
    saved data/images/alpha-legion-lernaean-terminator-with-conversion-beam-cannon/006.jpg
    saved data/images/alpha-legion-lernaean-terminator-with-conversion-beam-cannon/description/001.jpg
    saved data/images/alpha-legion-lernaean-terminator-with-conversion-beam-cannon/description/002.jpg
    saved data/images/alpha-legion-lernaean-terminator-with-conversion-beam-cannon/description/003.jpg
    saved data/images/alpha-legion-lernaean-terminator-with-conversion-beam-cannon/description/004.jpg
    saved data/images/alpha-legion-lernaean-terminator-with-conversion-beam-cannon/description/005.jpg
    saved data/images/alpha-legion-lernaean-terminator-with-conversion-beam-cannon/description/006.jpg
    saved data/images/alpha-legion-lernaean-terminator-with-conversion-beam-cannon/description/007.jpg
    saved data/images/alpha-legion-lernaean-terminator-with-conversion-beam-cannon/description/008.jpg
    saved data/images/alpha-legion-lernaean-terminator-with-conversion-beam-cannon/description/009.jpg
[172/541] scraping alpha-legion-lernaean-terminator-with-volkite-charger
  downloading 15 images...
    saved data/images/alpha-legion-lernaean-terminator-with-volkite-charger/001.jpg
    saved data/images/alpha-legion-lernaean-terminator-with-volkite-charger/002.jpg
    saved data/images/alpha-legion-lernaean-terminator-with-volkite-charger/003.jpg
    saved data/images/alpha-legion-lernaean-terminator-with-volkite-charger/004.jpg
    saved data/images/alpha-legion-lernaean-terminator-with-volkite-charger/005.jpg
    saved data/images/alpha-legion-lernaean-terminator-with-volkite-charger/006.jpg
    saved data/images/alpha-legion-lernaean-terminator-with-volkite-charger/description/001.jpg
    saved data/images/alpha-legion-lernaean-terminator-with-volkite-charger/description/002.jpg
    saved data/images/alpha-legion-lernaean-terminator-with-volkite-charger/description/003.jpg
    saved data/images/alpha-legion-lernaean-terminator-with-volkite-charger/description/004.jpg
    saved data/images/alpha-legion-lernaean-terminator-with-volkite-charger/description/005.jpg
    saved data/images/alpha-legion-lernaean-terminator-with-volkite-charger/description/006.jpg
    saved data/images/alpha-legion-lernaean-terminator-with-volkite-charger/description/007.jpg
    saved data/images/alpha-legion-lernaean-terminator-with-volkite-charger/description/008.jpg
    saved data/images/alpha-legion-lernaean-terminator-with-volkite-charger/description/009.jpg
[173/541] scraping alpha-legion-headhunter-with-banestrike-combi-bolter-and-power-dagger
  downloading 17 images...
    saved data/images/alpha-legion-headhunter-with-banestrike-combi-bolter-and-power-dagger/001.jpg
    saved data/images/alpha-legion-headhunter-with-banestrike-combi-bolter-and-power-dagger/002.jpg
    saved data/images/alpha-legion-headhunter-with-banestrike-combi-bolter-and-power-dagger/003.jpg
    saved data/images/alpha-legion-headhunter-with-banestrike-combi-bolter-and-power-dagger/004.jpg
    saved data/images/alpha-legion-headhunter-with-banestrike-combi-bolter-and-power-dagger/005.jpg
    saved data/images/alpha-legion-headhunter-with-banestrike-combi-bolter-and-power-dagger/006.jpg
    saved data/images/alpha-legion-headhunter-with-banestrike-combi-bolter-and-power-dagger/description/001.jpg
    saved data/images/alpha-legion-headhunter-with-banestrike-combi-bolter-and-power-dagger/description/002.jpg
    saved data/images/alpha-legion-headhunter-with-banestrike-combi-bolter-and-power-dagger/description/003.jpg
    saved data/images/alpha-legion-headhunter-with-banestrike-combi-bolter-and-power-dagger/description/004.jpg
    saved data/images/alpha-legion-headhunter-with-banestrike-combi-bolter-and-power-dagger/description/005.jpg
    saved data/images/alpha-legion-headhunter-with-banestrike-combi-bolter-and-power-dagger/description/006.jpg
    saved data/images/alpha-legion-headhunter-with-banestrike-combi-bolter-and-power-dagger/description/007.jpg
    saved data/images/alpha-legion-headhunter-with-banestrike-combi-bolter-and-power-dagger/description/008.jpg
    saved data/images/alpha-legion-headhunter-with-banestrike-combi-bolter-and-power-dagger/description/009.jpg
    saved data/images/alpha-legion-headhunter-with-banestrike-combi-bolter-and-power-dagger/description/010.jpg
    saved data/images/alpha-legion-headhunter-with-banestrike-combi-bolter-and-power-dagger/description/011.jpg
[174/541] scraping alpha-legion-headhunter-prime
  downloading 18 images...
    saved data/images/alpha-legion-headhunter-prime/001.jpg
    saved data/images/alpha-legion-headhunter-prime/002.jpg
    saved data/images/alpha-legion-headhunter-prime/003.jpg
    saved data/images/alpha-legion-headhunter-prime/004.jpg
    saved data/images/alpha-legion-headhunter-prime/005.jpg
    saved data/images/alpha-legion-headhunter-prime/006.jpg
    saved data/images/alpha-legion-headhunter-prime/description/001.jpg
    saved data/images/alpha-legion-headhunter-prime/description/002.jpg
    saved data/images/alpha-legion-headhunter-prime/description/003.jpg
    saved data/images/alpha-legion-headhunter-prime/description/004.jpg
    saved data/images/alpha-legion-headhunter-prime/description/005.jpg
    saved data/images/alpha-legion-headhunter-prime/description/006.jpg
    saved data/images/alpha-legion-headhunter-prime/description/007.jpg
    saved data/images/alpha-legion-headhunter-prime/description/008.jpg
    saved data/images/alpha-legion-headhunter-prime/description/009.jpg
    saved data/images/alpha-legion-headhunter-prime/description/010.jpg
    saved data/images/alpha-legion-headhunter-prime/description/011.jpg
    saved data/images/alpha-legion-headhunter-prime/description/012.jpg
[175/541] scraping ultramarines-marneus-calgar-chapter-master-with-mkx-gravis-armour-and-gauntlets-of-ultramar
  downloading 21 images...
    saved data/images/ultramarines-marneus-calgar-chapter-master-with-mkx-gravis-armour-and-gauntlets-of-ultramar/001.jpg
    saved data/images/ultramarines-marneus-calgar-chapter-master-with-mkx-gravis-armour-and-gauntlets-of-ultramar/002.jpg
    saved data/images/ultramarines-marneus-calgar-chapter-master-with-mkx-gravis-armour-and-gauntlets-of-ultramar/003.jpg
    saved data/images/ultramarines-marneus-calgar-chapter-master-with-mkx-gravis-armour-and-gauntlets-of-ultramar/004.jpg
    saved data/images/ultramarines-marneus-calgar-chapter-master-with-mkx-gravis-armour-and-gauntlets-of-ultramar/005.jpg
    saved data/images/ultramarines-marneus-calgar-chapter-master-with-mkx-gravis-armour-and-gauntlets-of-ultramar/006.jpg
    saved data/images/ultramarines-marneus-calgar-chapter-master-with-mkx-gravis-armour-and-gauntlets-of-ultramar/description/001.jpg
    saved data/images/ultramarines-marneus-calgar-chapter-master-with-mkx-gravis-armour-and-gauntlets-of-ultramar/description/002.jpg
    saved data/images/ultramarines-marneus-calgar-chapter-master-with-mkx-gravis-armour-and-gauntlets-of-ultramar/description/003.jpg
    saved data/images/ultramarines-marneus-calgar-chapter-master-with-mkx-gravis-armour-and-gauntlets-of-ultramar/description/004.jpg
    saved data/images/ultramarines-marneus-calgar-chapter-master-with-mkx-gravis-armour-and-gauntlets-of-ultramar/description/005.jpg
    saved data/images/ultramarines-marneus-calgar-chapter-master-with-mkx-gravis-armour-and-gauntlets-of-ultramar/description/006.jpg
    saved data/images/ultramarines-marneus-calgar-chapter-master-with-mkx-gravis-armour-and-gauntlets-of-ultramar/description/007.jpg
    saved data/images/ultramarines-marneus-calgar-chapter-master-with-mkx-gravis-armour-and-gauntlets-of-ultramar/description/008.jpg
    saved data/images/ultramarines-marneus-calgar-chapter-master-with-mkx-gravis-armour-and-gauntlets-of-ultramar/description/009.jpg
    saved data/images/ultramarines-marneus-calgar-chapter-master-with-mkx-gravis-armour-and-gauntlets-of-ultramar/description/010.jpg
    saved data/images/ultramarines-marneus-calgar-chapter-master-with-mkx-gravis-armour-and-gauntlets-of-ultramar/description/011.jpg
    saved data/images/ultramarines-marneus-calgar-chapter-master-with-mkx-gravis-armour-and-gauntlets-of-ultramar/description/012.jpg
    saved data/images/ultramarines-marneus-calgar-chapter-master-with-mkx-gravis-armour-and-gauntlets-of-ultramar/description/013.jpg
    saved data/images/ultramarines-marneus-calgar-chapter-master-with-mkx-gravis-armour-and-gauntlets-of-ultramar/description/014.jpg
    saved data/images/ultramarines-marneus-calgar-chapter-master-with-mkx-gravis-armour-and-gauntlets-of-ultramar/description/015.jpg
[176/541] scraping ultramarines-victrix-honour-guard-with-storm-shield-and-power-sword
  downloading 19 images...
    saved data/images/ultramarines-victrix-honour-guard-with-storm-shield-and-power-sword/001.jpg
    saved data/images/ultramarines-victrix-honour-guard-with-storm-shield-and-power-sword/002.jpg
    saved data/images/ultramarines-victrix-honour-guard-with-storm-shield-and-power-sword/003.jpg
    saved data/images/ultramarines-victrix-honour-guard-with-storm-shield-and-power-sword/004.jpg
    saved data/images/ultramarines-victrix-honour-guard-with-storm-shield-and-power-sword/005.jpg
    saved data/images/ultramarines-victrix-honour-guard-with-storm-shield-and-power-sword/006.jpg
    saved data/images/ultramarines-victrix-honour-guard-with-storm-shield-and-power-sword/description/001.jpg
    saved data/images/ultramarines-victrix-honour-guard-with-storm-shield-and-power-sword/description/002.jpg
    saved data/images/ultramarines-victrix-honour-guard-with-storm-shield-and-power-sword/description/003.jpg
    saved data/images/ultramarines-victrix-honour-guard-with-storm-shield-and-power-sword/description/004.jpg
    saved data/images/ultramarines-victrix-honour-guard-with-storm-shield-and-power-sword/description/005.jpg
    saved data/images/ultramarines-victrix-honour-guard-with-storm-shield-and-power-sword/description/006.jpg
    saved data/images/ultramarines-victrix-honour-guard-with-storm-shield-and-power-sword/description/007.jpg
    saved data/images/ultramarines-victrix-honour-guard-with-storm-shield-and-power-sword/description/008.jpg
    saved data/images/ultramarines-victrix-honour-guard-with-storm-shield-and-power-sword/description/009.jpg
    saved data/images/ultramarines-victrix-honour-guard-with-storm-shield-and-power-sword/description/010.jpg
    saved data/images/ultramarines-victrix-honour-guard-with-storm-shield-and-power-sword/description/011.jpg
    saved data/images/ultramarines-victrix-honour-guard-with-storm-shield-and-power-sword/description/012.jpg
    saved data/images/ultramarines-victrix-honour-guard-with-storm-shield-and-power-sword/description/013.jpg
[177/541] scraping ultramarines-lieutenant-titus-mkx-helmet-display-stand
  downloading 27 images...
    saved data/images/ultramarines-lieutenant-titus-mkx-helmet-display-stand/001.gif
    saved data/images/ultramarines-lieutenant-titus-mkx-helmet-display-stand/002.gif
    saved data/images/ultramarines-lieutenant-titus-mkx-helmet-display-stand/003.gif
    saved data/images/ultramarines-lieutenant-titus-mkx-helmet-display-stand/004.gif
    saved data/images/ultramarines-lieutenant-titus-mkx-helmet-display-stand/005.gif
    saved data/images/ultramarines-lieutenant-titus-mkx-helmet-display-stand/006.gif
    saved data/images/ultramarines-lieutenant-titus-mkx-helmet-display-stand/007.gif
    saved data/images/ultramarines-lieutenant-titus-mkx-helmet-display-stand/008.gif
    saved data/images/ultramarines-lieutenant-titus-mkx-helmet-display-stand/description/001.gif
    saved data/images/ultramarines-lieutenant-titus-mkx-helmet-display-stand/description/002.gif
    saved data/images/ultramarines-lieutenant-titus-mkx-helmet-display-stand/description/003.gif
    saved data/images/ultramarines-lieutenant-titus-mkx-helmet-display-stand/description/004.gif
    saved data/images/ultramarines-lieutenant-titus-mkx-helmet-display-stand/description/005.gif
    saved data/images/ultramarines-lieutenant-titus-mkx-helmet-display-stand/description/006.gif
    saved data/images/ultramarines-lieutenant-titus-mkx-helmet-display-stand/description/007.gif
    saved data/images/ultramarines-lieutenant-titus-mkx-helmet-display-stand/description/008.gif
    saved data/images/ultramarines-lieutenant-titus-mkx-helmet-display-stand/description/009.jpg
    saved data/images/ultramarines-lieutenant-titus-mkx-helmet-display-stand/description/010.jpg
    saved data/images/ultramarines-lieutenant-titus-mkx-helmet-display-stand/description/011.jpg
    saved data/images/ultramarines-lieutenant-titus-mkx-helmet-display-stand/description/012.jpg
    saved data/images/ultramarines-lieutenant-titus-mkx-helmet-display-stand/description/013.jpg
    saved data/images/ultramarines-lieutenant-titus-mkx-helmet-display-stand/description/014.jpg
    saved data/images/ultramarines-lieutenant-titus-mkx-helmet-display-stand/description/015.jpg
    saved data/images/ultramarines-lieutenant-titus-mkx-helmet-display-stand/description/016.jpg
    saved data/images/ultramarines-lieutenant-titus-mkx-helmet-display-stand/description/017.jpg
    saved data/images/ultramarines-lieutenant-titus-mkx-helmet-display-stand/description/018.jpg
    saved data/images/ultramarines-lieutenant-titus-mkx-helmet-display-stand/description/019.jpg
[178/541] scraping ultramarines-lieutenant-titus-mkx-helmet
  downloading 16 images...
    saved data/images/ultramarines-lieutenant-titus-mkx-helmet/001.gif
    saved data/images/ultramarines-lieutenant-titus-mkx-helmet/002.gif
    saved data/images/ultramarines-lieutenant-titus-mkx-helmet/003.gif
    saved data/images/ultramarines-lieutenant-titus-mkx-helmet/004.gif
    saved data/images/ultramarines-lieutenant-titus-mkx-helmet/005.gif
    saved data/images/ultramarines-lieutenant-titus-mkx-helmet/006.gif
    saved data/images/ultramarines-lieutenant-titus-mkx-helmet/007.gif
    saved data/images/ultramarines-lieutenant-titus-mkx-helmet/description/001.gif
    saved data/images/ultramarines-lieutenant-titus-mkx-helmet/description/002.gif
    saved data/images/ultramarines-lieutenant-titus-mkx-helmet/description/003.gif
    saved data/images/ultramarines-lieutenant-titus-mkx-helmet/description/004.gif
    saved data/images/ultramarines-lieutenant-titus-mkx-helmet/description/005.gif
    saved data/images/ultramarines-lieutenant-titus-mkx-helmet/description/006.gif
    saved data/images/ultramarines-lieutenant-titus-mkx-helmet/description/007.gif
    saved data/images/ultramarines-lieutenant-titus-mkx-helmet/description/008.gif
    saved data/images/ultramarines-lieutenant-titus-mkx-helmet/description/009.jpg
[179/541] scraping iron-warriors-mkvl-tactical-sergeant-with-power-sword-and-plasma-pistol
  downloading 18 images...
    saved data/images/iron-warriors-mkvl-tactical-sergeant-with-power-sword-and-plasma-pistol/001.gif
    saved data/images/iron-warriors-mkvl-tactical-sergeant-with-power-sword-and-plasma-pistol/002.gif
    saved data/images/iron-warriors-mkvl-tactical-sergeant-with-power-sword-and-plasma-pistol/003.jpg
    saved data/images/iron-warriors-mkvl-tactical-sergeant-with-power-sword-and-plasma-pistol/004.jpg
    saved data/images/iron-warriors-mkvl-tactical-sergeant-with-power-sword-and-plasma-pistol/005.jpg
    saved data/images/iron-warriors-mkvl-tactical-sergeant-with-power-sword-and-plasma-pistol/006.gif
    saved data/images/iron-warriors-mkvl-tactical-sergeant-with-power-sword-and-plasma-pistol/description/001.jpg
    saved data/images/iron-warriors-mkvl-tactical-sergeant-with-power-sword-and-plasma-pistol/description/002.gif
    saved data/images/iron-warriors-mkvl-tactical-sergeant-with-power-sword-and-plasma-pistol/description/003.jpg
    saved data/images/iron-warriors-mkvl-tactical-sergeant-with-power-sword-and-plasma-pistol/description/004.jpg
    saved data/images/iron-warriors-mkvl-tactical-sergeant-with-power-sword-and-plasma-pistol/description/005.jpg
    saved data/images/iron-warriors-mkvl-tactical-sergeant-with-power-sword-and-plasma-pistol/description/006.jpg
    saved data/images/iron-warriors-mkvl-tactical-sergeant-with-power-sword-and-plasma-pistol/description/007.gif
    saved data/images/iron-warriors-mkvl-tactical-sergeant-with-power-sword-and-plasma-pistol/description/008.jpg
    saved data/images/iron-warriors-mkvl-tactical-sergeant-with-power-sword-and-plasma-pistol/description/009.jpg
    saved data/images/iron-warriors-mkvl-tactical-sergeant-with-power-sword-and-plasma-pistol/description/010.gif
    saved data/images/iron-warriors-mkvl-tactical-sergeant-with-power-sword-and-plasma-pistol/description/011.gif
    saved data/images/iron-warriors-mkvl-tactical-sergeant-with-power-sword-and-plasma-pistol/description/012.jpg
[180/541] scraping iron-warriors-command-squad-chosen-with-legion-standard
  downloading 17 images...
    saved data/images/iron-warriors-command-squad-chosen-with-legion-standard/001.jpg
    saved data/images/iron-warriors-command-squad-chosen-with-legion-standard/002.jpg
    saved data/images/iron-warriors-command-squad-chosen-with-legion-standard/003.gif
    saved data/images/iron-warriors-command-squad-chosen-with-legion-standard/004.gif
    saved data/images/iron-warriors-command-squad-chosen-with-legion-standard/005.jpg
    saved data/images/iron-warriors-command-squad-chosen-with-legion-standard/006.jpg
    saved data/images/iron-warriors-command-squad-chosen-with-legion-standard/description/001.jpg
    saved data/images/iron-warriors-command-squad-chosen-with-legion-standard/description/002.gif
    saved data/images/iron-warriors-command-squad-chosen-with-legion-standard/description/003.jpg
    saved data/images/iron-warriors-command-squad-chosen-with-legion-standard/description/004.gif
    saved data/images/iron-warriors-command-squad-chosen-with-legion-standard/description/005.jpg
    saved data/images/iron-warriors-command-squad-chosen-with-legion-standard/description/006.gif
    saved data/images/iron-warriors-command-squad-chosen-with-legion-standard/description/007.jpg
    saved data/images/iron-warriors-command-squad-chosen-with-legion-standard/description/008.jpg
    saved data/images/iron-warriors-command-squad-chosen-with-legion-standard/description/009.jpg
    saved data/images/iron-warriors-command-squad-chosen-with-legion-standard/description/010.jpg
    saved data/images/iron-warriors-command-squad-chosen-with-legion-standard/description/011.jpg
[181/541] scraping imperial-knights-house-raven-knight-errant
  downloading 42 images...
    saved data/images/imperial-knights-house-raven-knight-errant/001.jpg
    saved data/images/imperial-knights-house-raven-knight-errant/002.jpg
    saved data/images/imperial-knights-house-raven-knight-errant/003.jpg
    saved data/images/imperial-knights-house-raven-knight-errant/004.jpg
    saved data/images/imperial-knights-house-raven-knight-errant/005.jpg
    saved data/images/imperial-knights-house-raven-knight-errant/006.jpg
    saved data/images/imperial-knights-house-raven-knight-errant/007.jpg
    saved data/images/imperial-knights-house-raven-knight-errant/008.jpg
    saved data/images/imperial-knights-house-raven-knight-errant/009.jpg
    saved data/images/imperial-knights-house-raven-knight-errant/010.jpg
    saved data/images/imperial-knights-house-raven-knight-errant/011.jpg
    saved data/images/imperial-knights-house-raven-knight-errant/012.jpg
    saved data/images/imperial-knights-house-raven-knight-errant/description/001.jpg
    saved data/images/imperial-knights-house-raven-knight-errant/description/002.jpg
    saved data/images/imperial-knights-house-raven-knight-errant/description/003.jpg
    saved data/images/imperial-knights-house-raven-knight-errant/description/004.jpg
    saved data/images/imperial-knights-house-raven-knight-errant/description/005.jpg
    saved data/images/imperial-knights-house-raven-knight-errant/description/006.jpg
    saved data/images/imperial-knights-house-raven-knight-errant/description/007.jpg
    saved data/images/imperial-knights-house-raven-knight-errant/description/008.jpg
    saved data/images/imperial-knights-house-raven-knight-errant/description/009.jpg
    saved data/images/imperial-knights-house-raven-knight-errant/description/010.jpg
    saved data/images/imperial-knights-house-raven-knight-errant/description/011.jpg
    saved data/images/imperial-knights-house-raven-knight-errant/description/012.jpg
    saved data/images/imperial-knights-house-raven-knight-errant/description/013.jpg
    saved data/images/imperial-knights-house-raven-knight-errant/description/014.jpg
    saved data/images/imperial-knights-house-raven-knight-errant/description/015.jpg
    saved data/images/imperial-knights-house-raven-knight-errant/description/016.jpg
    saved data/images/imperial-knights-house-raven-knight-errant/description/017.jpg
    saved data/images/imperial-knights-house-raven-knight-errant/description/018.jpg
    saved data/images/imperial-knights-house-raven-knight-errant/description/019.jpg
    saved data/images/imperial-knights-house-raven-knight-errant/description/020.jpg
    saved data/images/imperial-knights-house-raven-knight-errant/description/021.jpg
    saved data/images/imperial-knights-house-raven-knight-errant/description/022.jpg
    saved data/images/imperial-knights-house-raven-knight-errant/description/023.jpg
    saved data/images/imperial-knights-house-raven-knight-errant/description/024.jpg
    saved data/images/imperial-knights-house-raven-knight-errant/description/025.jpg
    saved data/images/imperial-knights-house-raven-knight-errant/description/026.jpg
    saved data/images/imperial-knights-house-raven-knight-errant/description/027.jpg
    saved data/images/imperial-knights-house-raven-knight-errant/description/028.jpg
    saved data/images/imperial-knights-house-raven-knight-errant/description/029.jpg
    saved data/images/imperial-knights-house-raven-knight-errant/description/030.jpg
[182/541] scraping ultramarines-relic-secundus-armour-with-artificer-bolt-rifle-chainsword-and-bolt-pistol
  downloading 18 images...
    saved data/images/ultramarines-relic-secundus-armour-with-artificer-bolt-rifle-chainsword-and-bolt-pistol/001.jpg
    saved data/images/ultramarines-relic-secundus-armour-with-artificer-bolt-rifle-chainsword-and-bolt-pistol/002.jpg
    saved data/images/ultramarines-relic-secundus-armour-with-artificer-bolt-rifle-chainsword-and-bolt-pistol/003.jpg
    saved data/images/ultramarines-relic-secundus-armour-with-artificer-bolt-rifle-chainsword-and-bolt-pistol/004.jpg
    saved data/images/ultramarines-relic-secundus-armour-with-artificer-bolt-rifle-chainsword-and-bolt-pistol/005.jpg
    saved data/images/ultramarines-relic-secundus-armour-with-artificer-bolt-rifle-chainsword-and-bolt-pistol/006.jpg
    saved data/images/ultramarines-relic-secundus-armour-with-artificer-bolt-rifle-chainsword-and-bolt-pistol/description/001.jpg
    saved data/images/ultramarines-relic-secundus-armour-with-artificer-bolt-rifle-chainsword-and-bolt-pistol/description/002.jpg
    saved data/images/ultramarines-relic-secundus-armour-with-artificer-bolt-rifle-chainsword-and-bolt-pistol/description/003.jpg
    saved data/images/ultramarines-relic-secundus-armour-with-artificer-bolt-rifle-chainsword-and-bolt-pistol/description/004.jpg
    saved data/images/ultramarines-relic-secundus-armour-with-artificer-bolt-rifle-chainsword-and-bolt-pistol/description/005.jpg
    saved data/images/ultramarines-relic-secundus-armour-with-artificer-bolt-rifle-chainsword-and-bolt-pistol/description/006.jpg
    saved data/images/ultramarines-relic-secundus-armour-with-artificer-bolt-rifle-chainsword-and-bolt-pistol/description/007.jpg
    saved data/images/ultramarines-relic-secundus-armour-with-artificer-bolt-rifle-chainsword-and-bolt-pistol/description/008.jpg
    saved data/images/ultramarines-relic-secundus-armour-with-artificer-bolt-rifle-chainsword-and-bolt-pistol/description/009.jpg
    saved data/images/ultramarines-relic-secundus-armour-with-artificer-bolt-rifle-chainsword-and-bolt-pistol/description/010.jpg
    saved data/images/ultramarines-relic-secundus-armour-with-artificer-bolt-rifle-chainsword-and-bolt-pistol/description/011.jpg
    saved data/images/ultramarines-relic-secundus-armour-with-artificer-bolt-rifle-chainsword-and-bolt-pistol/description/012.jpg
[183/541] scraping blood-angels-predator-annihilator-with-twin-lascannons
  downloading 39 images...
    saved data/images/blood-angels-predator-annihilator-with-twin-lascannons/001.jpg
    saved data/images/blood-angels-predator-annihilator-with-twin-lascannons/002.jpg
    saved data/images/blood-angels-predator-annihilator-with-twin-lascannons/003.jpg
    saved data/images/blood-angels-predator-annihilator-with-twin-lascannons/004.jpg
    saved data/images/blood-angels-predator-annihilator-with-twin-lascannons/005.jpg
    saved data/images/blood-angels-predator-annihilator-with-twin-lascannons/006.jpg
    saved data/images/blood-angels-predator-annihilator-with-twin-lascannons/description/001.jpg
    saved data/images/blood-angels-predator-annihilator-with-twin-lascannons/description/002.jpg
    saved data/images/blood-angels-predator-annihilator-with-twin-lascannons/description/003.jpg
    saved data/images/blood-angels-predator-annihilator-with-twin-lascannons/description/004.jpg
    saved data/images/blood-angels-predator-annihilator-with-twin-lascannons/description/005.jpg
    saved data/images/blood-angels-predator-annihilator-with-twin-lascannons/description/006.jpg
    saved data/images/blood-angels-predator-annihilator-with-twin-lascannons/description/007.jpg
    saved data/images/blood-angels-predator-annihilator-with-twin-lascannons/description/008.jpg
    saved data/images/blood-angels-predator-annihilator-with-twin-lascannons/description/009.jpg
    saved data/images/blood-angels-predator-annihilator-with-twin-lascannons/description/010.jpg
    saved data/images/blood-angels-predator-annihilator-with-twin-lascannons/description/011.jpg
    saved data/images/blood-angels-predator-annihilator-with-twin-lascannons/description/012.jpg
    saved data/images/blood-angels-predator-annihilator-with-twin-lascannons/description/013.jpg
    saved data/images/blood-angels-predator-annihilator-with-twin-lascannons/description/014.jpg
    saved data/images/blood-angels-predator-annihilator-with-twin-lascannons/description/015.jpg
    saved data/images/blood-angels-predator-annihilator-with-twin-lascannons/description/016.jpg
    saved data/images/blood-angels-predator-annihilator-with-twin-lascannons/description/017.jpg
    saved data/images/blood-angels-predator-annihilator-with-twin-lascannons/description/018.jpg
    saved data/images/blood-angels-predator-annihilator-with-twin-lascannons/description/019.jpg
    saved data/images/blood-angels-predator-annihilator-with-twin-lascannons/description/020.jpg
    saved data/images/blood-angels-predator-annihilator-with-twin-lascannons/description/021.jpg
    saved data/images/blood-angels-predator-annihilator-with-twin-lascannons/description/022.jpg
    saved data/images/blood-angels-predator-annihilator-with-twin-lascannons/description/023.jpg
    saved data/images/blood-angels-predator-annihilator-with-twin-lascannons/description/024.jpg
    saved data/images/blood-angels-predator-annihilator-with-twin-lascannons/description/025.jpg
    saved data/images/blood-angels-predator-annihilator-with-twin-lascannons/description/026.jpg
    saved data/images/blood-angels-predator-annihilator-with-twin-lascannons/description/027.jpg
    saved data/images/blood-angels-predator-annihilator-with-twin-lascannons/description/028.jpg
    saved data/images/blood-angels-predator-annihilator-with-twin-lascannons/description/029.jpg
    saved data/images/blood-angels-predator-annihilator-with-twin-lascannons/description/030.jpg
    saved data/images/blood-angels-predator-annihilator-with-twin-lascannons/description/031.jpg
    saved data/images/blood-angels-predator-annihilator-with-twin-lascannons/description/032.jpg
    saved data/images/blood-angels-predator-annihilator-with-twin-lascannons/description/033.jpg
[184/541] scraping iron-warriors-tyrant-siege-terminator-squad
  downloading 36 images...
    saved data/images/iron-warriors-tyrant-siege-terminator-squad/001.jpg
    saved data/images/iron-warriors-tyrant-siege-terminator-squad/002.jpg
    saved data/images/iron-warriors-tyrant-siege-terminator-squad/003.jpg
    saved data/images/iron-warriors-tyrant-siege-terminator-squad/004.jpg
    saved data/images/iron-warriors-tyrant-siege-terminator-squad/005.jpg
    saved data/images/iron-warriors-tyrant-siege-terminator-squad/006.jpg
    saved data/images/iron-warriors-tyrant-siege-terminator-squad/007.jpg
    saved data/images/iron-warriors-tyrant-siege-terminator-squad/008.jpg
    saved data/images/iron-warriors-tyrant-siege-terminator-squad/009.jpg
    saved data/images/iron-warriors-tyrant-siege-terminator-squad/010.jpg
    saved data/images/iron-warriors-tyrant-siege-terminator-squad/011.jpg
    saved data/images/iron-warriors-tyrant-siege-terminator-squad/012.jpg
    saved data/images/iron-warriors-tyrant-siege-terminator-squad/013.jpg
    saved data/images/iron-warriors-tyrant-siege-terminator-squad/014.jpg
    saved data/images/iron-warriors-tyrant-siege-terminator-squad/description/001.jpg
    saved data/images/iron-warriors-tyrant-siege-terminator-squad/description/002.jpg
    saved data/images/iron-warriors-tyrant-siege-terminator-squad/description/003.jpg
    saved data/images/iron-warriors-tyrant-siege-terminator-squad/description/004.jpg
    saved data/images/iron-warriors-tyrant-siege-terminator-squad/description/005.jpg
    saved data/images/iron-warriors-tyrant-siege-terminator-squad/description/006.jpg
    saved data/images/iron-warriors-tyrant-siege-terminator-squad/description/007.jpg
    saved data/images/iron-warriors-tyrant-siege-terminator-squad/description/008.jpg
    saved data/images/iron-warriors-tyrant-siege-terminator-squad/description/009.jpg
    saved data/images/iron-warriors-tyrant-siege-terminator-squad/description/010.jpg
    saved data/images/iron-warriors-tyrant-siege-terminator-squad/description/011.jpg
    saved data/images/iron-warriors-tyrant-siege-terminator-squad/description/012.jpg
    saved data/images/iron-warriors-tyrant-siege-terminator-squad/description/013.jpg
    saved data/images/iron-warriors-tyrant-siege-terminator-squad/description/014.jpg
    saved data/images/iron-warriors-tyrant-siege-terminator-squad/description/015.jpg
    saved data/images/iron-warriors-tyrant-siege-terminator-squad/description/016.jpg
    saved data/images/iron-warriors-tyrant-siege-terminator-squad/description/017.jpg
    saved data/images/iron-warriors-tyrant-siege-terminator-squad/description/018.jpg
    saved data/images/iron-warriors-tyrant-siege-terminator-squad/description/019.jpg
    saved data/images/iron-warriors-tyrant-siege-terminator-squad/description/020.jpg
    saved data/images/iron-warriors-tyrant-siege-terminator-squad/description/021.jpg
    saved data/images/iron-warriors-tyrant-siege-terminator-squad/description/022.jpg
[185/541] scraping iron-warriors-mklll-tactical-squad
  downloading 33 images...
    saved data/images/iron-warriors-mklll-tactical-squad/001.jpg
    saved data/images/iron-warriors-mklll-tactical-squad/002.jpg
    saved data/images/iron-warriors-mklll-tactical-squad/003.jpg
    saved data/images/iron-warriors-mklll-tactical-squad/004.jpg
    saved data/images/iron-warriors-mklll-tactical-squad/005.jpg
    saved data/images/iron-warriors-mklll-tactical-squad/006.jpg
    saved data/images/iron-warriors-mklll-tactical-squad/007.jpg
    saved data/images/iron-warriors-mklll-tactical-squad/008.jpg
    saved data/images/iron-warriors-mklll-tactical-squad/009.jpg
    saved data/images/iron-warriors-mklll-tactical-squad/010.jpg
    saved data/images/iron-warriors-mklll-tactical-squad/011.jpg
    saved data/images/iron-warriors-mklll-tactical-squad/012.jpg
    saved data/images/iron-warriors-mklll-tactical-squad/013.jpg
    saved data/images/iron-warriors-mklll-tactical-squad/014.jpg
    saved data/images/iron-warriors-mklll-tactical-squad/description/001.jpg
    saved data/images/iron-warriors-mklll-tactical-squad/description/002.jpg
    saved data/images/iron-warriors-mklll-tactical-squad/description/003.jpg
    saved data/images/iron-warriors-mklll-tactical-squad/description/004.jpg
    saved data/images/iron-warriors-mklll-tactical-squad/description/005.jpg
    saved data/images/iron-warriors-mklll-tactical-squad/description/006.jpg
    saved data/images/iron-warriors-mklll-tactical-squad/description/007.jpg
    saved data/images/iron-warriors-mklll-tactical-squad/description/008.jpg
    saved data/images/iron-warriors-mklll-tactical-squad/description/009.jpg
    saved data/images/iron-warriors-mklll-tactical-squad/description/010.jpg
    saved data/images/iron-warriors-mklll-tactical-squad/description/011.jpg
    saved data/images/iron-warriors-mklll-tactical-squad/description/012.jpg
    saved data/images/iron-warriors-mklll-tactical-squad/description/013.jpg
    saved data/images/iron-warriors-mklll-tactical-squad/description/014.jpg
    saved data/images/iron-warriors-mklll-tactical-squad/description/015.jpg
    saved data/images/iron-warriors-mklll-tactical-squad/description/016.jpg
    saved data/images/iron-warriors-mklll-tactical-squad/description/017.jpg
    saved data/images/iron-warriors-mklll-tactical-squad/description/018.jpg
    saved data/images/iron-warriors-mklll-tactical-squad/description/019.jpg
[186/541] scraping ultramarines-legion-praetor-with-power-sword-and-volkite-serpenta
  downloading 15 images...
    saved data/images/ultramarines-legion-praetor-with-power-sword-and-volkite-serpenta/001.jpg
    saved data/images/ultramarines-legion-praetor-with-power-sword-and-volkite-serpenta/002.jpg
    saved data/images/ultramarines-legion-praetor-with-power-sword-and-volkite-serpenta/003.jpg
    saved data/images/ultramarines-legion-praetor-with-power-sword-and-volkite-serpenta/004.jpg
    saved data/images/ultramarines-legion-praetor-with-power-sword-and-volkite-serpenta/005.jpg
    saved data/images/ultramarines-legion-praetor-with-power-sword-and-volkite-serpenta/006.jpg
    saved data/images/ultramarines-legion-praetor-with-power-sword-and-volkite-serpenta/description/001.jpg
    saved data/images/ultramarines-legion-praetor-with-power-sword-and-volkite-serpenta/description/002.jpg
    saved data/images/ultramarines-legion-praetor-with-power-sword-and-volkite-serpenta/description/003.jpg
    saved data/images/ultramarines-legion-praetor-with-power-sword-and-volkite-serpenta/description/004.jpg
    saved data/images/ultramarines-legion-praetor-with-power-sword-and-volkite-serpenta/description/005.jpg
    saved data/images/ultramarines-legion-praetor-with-power-sword-and-volkite-serpenta/description/006.jpg
    saved data/images/ultramarines-legion-praetor-with-power-sword-and-volkite-serpenta/description/007.jpg
    saved data/images/ultramarines-legion-praetor-with-power-sword-and-volkite-serpenta/description/008.jpg
    saved data/images/ultramarines-legion-praetor-with-power-sword-and-volkite-serpenta/description/009.jpg
[187/541] scraping ultramarines-sergeant-gadriel-collectors-edition
  downloading 22 images...
    saved data/images/ultramarines-sergeant-gadriel-collectors-edition/001.jpg
    saved data/images/ultramarines-sergeant-gadriel-collectors-edition/002.jpg
    saved data/images/ultramarines-sergeant-gadriel-collectors-edition/003.jpg
    saved data/images/ultramarines-sergeant-gadriel-collectors-edition/004.jpg
    saved data/images/ultramarines-sergeant-gadriel-collectors-edition/005.jpg
    saved data/images/ultramarines-sergeant-gadriel-collectors-edition/006.jpg
    saved data/images/ultramarines-sergeant-gadriel-collectors-edition/description/001.jpg
    saved data/images/ultramarines-sergeant-gadriel-collectors-edition/description/002.jpg
    saved data/images/ultramarines-sergeant-gadriel-collectors-edition/description/003.jpg
    saved data/images/ultramarines-sergeant-gadriel-collectors-edition/description/004.jpg
    saved data/images/ultramarines-sergeant-gadriel-collectors-edition/description/005.jpg
    saved data/images/ultramarines-sergeant-gadriel-collectors-edition/description/006.jpg
    saved data/images/ultramarines-sergeant-gadriel-collectors-edition/description/007.jpg
    saved data/images/ultramarines-sergeant-gadriel-collectors-edition/description/008.jpg
    saved data/images/ultramarines-sergeant-gadriel-collectors-edition/description/009.jpg
    saved data/images/ultramarines-sergeant-gadriel-collectors-edition/description/010.jpg
    saved data/images/ultramarines-sergeant-gadriel-collectors-edition/description/011.jpg
    saved data/images/ultramarines-sergeant-gadriel-collectors-edition/description/012.jpg
    saved data/images/ultramarines-sergeant-gadriel-collectors-edition/description/013.jpg
    saved data/images/ultramarines-sergeant-gadriel-collectors-edition/description/014.jpg
    saved data/images/ultramarines-sergeant-gadriel-collectors-edition/description/015.jpg
    saved data/images/ultramarines-sergeant-gadriel-collectors-edition/description/016.jpg
[188/541] scraping ultramarines-remus-ventanus
  downloading 20 images...
    saved data/images/ultramarines-remus-ventanus/001.jpg
    saved data/images/ultramarines-remus-ventanus/002.jpg
    saved data/images/ultramarines-remus-ventanus/003.jpg
    saved data/images/ultramarines-remus-ventanus/004.jpg
    saved data/images/ultramarines-remus-ventanus/005.jpg
    saved data/images/ultramarines-remus-ventanus/006.jpg
    saved data/images/ultramarines-remus-ventanus/description/001.jpg
    saved data/images/ultramarines-remus-ventanus/description/002.jpg
    saved data/images/ultramarines-remus-ventanus/description/003.jpg
    saved data/images/ultramarines-remus-ventanus/description/004.jpg
    saved data/images/ultramarines-remus-ventanus/description/005.jpg
    saved data/images/ultramarines-remus-ventanus/description/006.jpg
    saved data/images/ultramarines-remus-ventanus/description/007.jpg
    saved data/images/ultramarines-remus-ventanus/description/008.jpg
    saved data/images/ultramarines-remus-ventanus/description/009.jpg
    saved data/images/ultramarines-remus-ventanus/description/010.jpg
    saved data/images/ultramarines-remus-ventanus/description/011.jpg
    saved data/images/ultramarines-remus-ventanus/description/012.jpg
    saved data/images/ultramarines-remus-ventanus/description/013.jpg
    saved data/images/ultramarines-remus-ventanus/description/014.jpg
[189/541] scraping ultramarines-brother-chairon-collectors-edition
  downloading 22 images...
    saved data/images/ultramarines-brother-chairon-collectors-edition/001.jpg
    saved data/images/ultramarines-brother-chairon-collectors-edition/002.jpg
    saved data/images/ultramarines-brother-chairon-collectors-edition/003.jpg
    saved data/images/ultramarines-brother-chairon-collectors-edition/004.jpg
    saved data/images/ultramarines-brother-chairon-collectors-edition/005.jpg
    saved data/images/ultramarines-brother-chairon-collectors-edition/006.jpg
    saved data/images/ultramarines-brother-chairon-collectors-edition/description/001.jpg
    saved data/images/ultramarines-brother-chairon-collectors-edition/description/002.jpg
    saved data/images/ultramarines-brother-chairon-collectors-edition/description/003.jpg
    saved data/images/ultramarines-brother-chairon-collectors-edition/description/004.jpg
    saved data/images/ultramarines-brother-chairon-collectors-edition/description/005.jpg
    saved data/images/ultramarines-brother-chairon-collectors-edition/description/006.jpg
    saved data/images/ultramarines-brother-chairon-collectors-edition/description/007.jpg
    saved data/images/ultramarines-brother-chairon-collectors-edition/description/008.jpg
    saved data/images/ultramarines-brother-chairon-collectors-edition/description/009.jpg
    saved data/images/ultramarines-brother-chairon-collectors-edition/description/010.jpg
    saved data/images/ultramarines-brother-chairon-collectors-edition/description/011.jpg
    saved data/images/ultramarines-brother-chairon-collectors-edition/description/012.jpg
    saved data/images/ultramarines-brother-chairon-collectors-edition/description/013.jpg
    saved data/images/ultramarines-brother-chairon-collectors-edition/description/014.jpg
    saved data/images/ultramarines-brother-chairon-collectors-edition/description/015.jpg
    saved data/images/ultramarines-brother-chairon-collectors-edition/description/016.jpg
[190/541] scraping imperial-knights-house-terryn-knight-paladin
  downloading 47 images...
    saved data/images/imperial-knights-house-terryn-knight-paladin/001.jpg
    saved data/images/imperial-knights-house-terryn-knight-paladin/002.jpg
    saved data/images/imperial-knights-house-terryn-knight-paladin/003.jpg
    saved data/images/imperial-knights-house-terryn-knight-paladin/004.jpg
    saved data/images/imperial-knights-house-terryn-knight-paladin/005.jpg
    saved data/images/imperial-knights-house-terryn-knight-paladin/006.jpg
    saved data/images/imperial-knights-house-terryn-knight-paladin/007.jpg
    saved data/images/imperial-knights-house-terryn-knight-paladin/008.jpg
    saved data/images/imperial-knights-house-terryn-knight-paladin/009.jpg
    saved data/images/imperial-knights-house-terryn-knight-paladin/010.jpg
    saved data/images/imperial-knights-house-terryn-knight-paladin/011.jpg
    saved data/images/imperial-knights-house-terryn-knight-paladin/description/001.jpg
    saved data/images/imperial-knights-house-terryn-knight-paladin/description/002.jpg
    saved data/images/imperial-knights-house-terryn-knight-paladin/description/003.jpg
    saved data/images/imperial-knights-house-terryn-knight-paladin/description/004.jpg
    saved data/images/imperial-knights-house-terryn-knight-paladin/description/005.jpg
    saved data/images/imperial-knights-house-terryn-knight-paladin/description/006.jpg
    saved data/images/imperial-knights-house-terryn-knight-paladin/description/007.jpg
    saved data/images/imperial-knights-house-terryn-knight-paladin/description/008.jpg
    saved data/images/imperial-knights-house-terryn-knight-paladin/description/009.jpg
    saved data/images/imperial-knights-house-terryn-knight-paladin/description/010.jpg
    saved data/images/imperial-knights-house-terryn-knight-paladin/description/011.jpg
    saved data/images/imperial-knights-house-terryn-knight-paladin/description/012.jpg
    saved data/images/imperial-knights-house-terryn-knight-paladin/description/013.jpg
    saved data/images/imperial-knights-house-terryn-knight-paladin/description/014.jpg
    saved data/images/imperial-knights-house-terryn-knight-paladin/description/015.jpg
    saved data/images/imperial-knights-house-terryn-knight-paladin/description/016.jpg
    saved data/images/imperial-knights-house-terryn-knight-paladin/description/017.jpg
    saved data/images/imperial-knights-house-terryn-knight-paladin/description/018.jpg
    saved data/images/imperial-knights-house-terryn-knight-paladin/description/019.jpg
    saved data/images/imperial-knights-house-terryn-knight-paladin/description/020.jpg
    saved data/images/imperial-knights-house-terryn-knight-paladin/description/021.jpg
    saved data/images/imperial-knights-house-terryn-knight-paladin/description/022.jpg
    saved data/images/imperial-knights-house-terryn-knight-paladin/description/023.jpg
    saved data/images/imperial-knights-house-terryn-knight-paladin/description/024.jpg
    saved data/images/imperial-knights-house-terryn-knight-paladin/description/025.jpg
    saved data/images/imperial-knights-house-terryn-knight-paladin/description/026.jpg
    saved data/images/imperial-knights-house-terryn-knight-paladin/description/027.jpg
    saved data/images/imperial-knights-house-terryn-knight-paladin/description/028.jpg
    saved data/images/imperial-knights-house-terryn-knight-paladin/description/029.jpg
    saved data/images/imperial-knights-house-terryn-knight-paladin/description/030.jpg
    saved data/images/imperial-knights-house-terryn-knight-paladin/description/031.jpg
    saved data/images/imperial-knights-house-terryn-knight-paladin/description/032.jpg
    saved data/images/imperial-knights-house-terryn-knight-paladin/description/033.jpg
    saved data/images/imperial-knights-house-terryn-knight-paladin/description/034.jpg
    saved data/images/imperial-knights-house-terryn-knight-paladin/description/035.jpg
    saved data/images/imperial-knights-house-terryn-knight-paladin/description/036.jpg
[191/541] scraping imperial-fists-mklli-tacticallegionaries
  downloading 52 images...
    saved data/images/imperial-fists-mklli-tacticallegionaries/001.jpg
    saved data/images/imperial-fists-mklli-tacticallegionaries/002.jpg
    saved data/images/imperial-fists-mklli-tacticallegionaries/003.jpg
    saved data/images/imperial-fists-mklli-tacticallegionaries/004.jpg
    saved data/images/imperial-fists-mklli-tacticallegionaries/005.jpg
    saved data/images/imperial-fists-mklli-tacticallegionaries/006.jpg
    saved data/images/imperial-fists-mklli-tacticallegionaries/007.jpg
    saved data/images/imperial-fists-mklli-tacticallegionaries/008.jpg
    saved data/images/imperial-fists-mklli-tacticallegionaries/009.jpg
    saved data/images/imperial-fists-mklli-tacticallegionaries/010.jpg
    saved data/images/imperial-fists-mklli-tacticallegionaries/011.jpg
    saved data/images/imperial-fists-mklli-tacticallegionaries/012.jpg
    saved data/images/imperial-fists-mklli-tacticallegionaries/013.jpg
    saved data/images/imperial-fists-mklli-tacticallegionaries/014.jpg
    saved data/images/imperial-fists-mklli-tacticallegionaries/015.jpg
    saved data/images/imperial-fists-mklli-tacticallegionaries/016.jpg
    saved data/images/imperial-fists-mklli-tacticallegionaries/017.jpg
    saved data/images/imperial-fists-mklli-tacticallegionaries/018.jpg
    saved data/images/imperial-fists-mklli-tacticallegionaries/019.jpg
    saved data/images/imperial-fists-mklli-tacticallegionaries/020.jpg
    saved data/images/imperial-fists-mklli-tacticallegionaries/021.jpg
    saved data/images/imperial-fists-mklli-tacticallegionaries/022.jpg
    saved data/images/imperial-fists-mklli-tacticallegionaries/023.jpg
    saved data/images/imperial-fists-mklli-tacticallegionaries/024.jpg
    saved data/images/imperial-fists-mklli-tacticallegionaries/025.jpg
    saved data/images/imperial-fists-mklli-tacticallegionaries/026.jpg
    saved data/images/imperial-fists-mklli-tacticallegionaries/027.jpg
    saved data/images/imperial-fists-mklli-tacticallegionaries/description/001.jpg
    saved data/images/imperial-fists-mklli-tacticallegionaries/description/002.jpg
    saved data/images/imperial-fists-mklli-tacticallegionaries/description/003.jpg
    saved data/images/imperial-fists-mklli-tacticallegionaries/description/004.jpg
    saved data/images/imperial-fists-mklli-tacticallegionaries/description/005.jpg
    saved data/images/imperial-fists-mklli-tacticallegionaries/description/006.jpg
    saved data/images/imperial-fists-mklli-tacticallegionaries/description/007.jpg
    saved data/images/imperial-fists-mklli-tacticallegionaries/description/008.jpg
    saved data/images/imperial-fists-mklli-tacticallegionaries/description/009.jpg
    saved data/images/imperial-fists-mklli-tacticallegionaries/description/010.jpg
    saved data/images/imperial-fists-mklli-tacticallegionaries/description/011.jpg
    saved data/images/imperial-fists-mklli-tacticallegionaries/description/012.jpg
    saved data/images/imperial-fists-mklli-tacticallegionaries/description/013.jpg
    saved data/images/imperial-fists-mklli-tacticallegionaries/description/014.jpg
    saved data/images/imperial-fists-mklli-tacticallegionaries/description/015.jpg
    saved data/images/imperial-fists-mklli-tacticallegionaries/description/016.jpg
    saved data/images/imperial-fists-mklli-tacticallegionaries/description/017.jpg
    saved data/images/imperial-fists-mklli-tacticallegionaries/description/018.jpg
    saved data/images/imperial-fists-mklli-tacticallegionaries/description/019.jpg
    saved data/images/imperial-fists-mklli-tacticallegionaries/description/020.jpg
    saved data/images/imperial-fists-mklli-tacticallegionaries/description/021.jpg
    saved data/images/imperial-fists-mklli-tacticallegionaries/description/022.jpg
    saved data/images/imperial-fists-mklli-tacticallegionaries/description/023.jpg
    saved data/images/imperial-fists-mklli-tacticallegionaries/description/024.jpg
    saved data/images/imperial-fists-mklli-tacticallegionaries/description/025.jpg
[192/541] scraping space-marines-intercessor-armouring-hall-edition
  downloading 15 images...
    saved data/images/space-marines-intercessor-armouring-hall-edition/001.jpg
    saved data/images/space-marines-intercessor-armouring-hall-edition/002.jpg
    saved data/images/space-marines-intercessor-armouring-hall-edition/003.jpg
    saved data/images/space-marines-intercessor-armouring-hall-edition/004.jpg
    saved data/images/space-marines-intercessor-armouring-hall-edition/005.jpg
    saved data/images/space-marines-intercessor-armouring-hall-edition/006.jpg
    saved data/images/space-marines-intercessor-armouring-hall-edition/description/001.jpg
    saved data/images/space-marines-intercessor-armouring-hall-edition/description/002.jpg
    saved data/images/space-marines-intercessor-armouring-hall-edition/description/003.jpg
    saved data/images/space-marines-intercessor-armouring-hall-edition/description/004.jpg
    saved data/images/space-marines-intercessor-armouring-hall-edition/description/005.jpg
    saved data/images/space-marines-intercessor-armouring-hall-edition/description/006.jpg
    saved data/images/space-marines-intercessor-armouring-hall-edition/description/007.jpg
    saved data/images/space-marines-intercessor-armouring-hall-edition/description/008.jpg
    saved data/images/space-marines-intercessor-armouring-hall-edition/description/009.jpg
[193/541] scraping legio-custodes-constantin-valdor-captain-general-of-the-legio-custodes
  downloading 18 images...
    saved data/images/legio-custodes-constantin-valdor-captain-general-of-the-legio-custodes/001.jpg
    saved data/images/legio-custodes-constantin-valdor-captain-general-of-the-legio-custodes/002.jpg
    saved data/images/legio-custodes-constantin-valdor-captain-general-of-the-legio-custodes/003.jpg
    saved data/images/legio-custodes-constantin-valdor-captain-general-of-the-legio-custodes/004.jpg
    saved data/images/legio-custodes-constantin-valdor-captain-general-of-the-legio-custodes/005.jpg
    saved data/images/legio-custodes-constantin-valdor-captain-general-of-the-legio-custodes/006.jpg
    saved data/images/legio-custodes-constantin-valdor-captain-general-of-the-legio-custodes/007.jpg
    saved data/images/legio-custodes-constantin-valdor-captain-general-of-the-legio-custodes/description/001.jpg
    saved data/images/legio-custodes-constantin-valdor-captain-general-of-the-legio-custodes/description/002.jpg
    saved data/images/legio-custodes-constantin-valdor-captain-general-of-the-legio-custodes/description/003.jpg
    saved data/images/legio-custodes-constantin-valdor-captain-general-of-the-legio-custodes/description/004.jpg
    saved data/images/legio-custodes-constantin-valdor-captain-general-of-the-legio-custodes/description/005.jpg
    saved data/images/legio-custodes-constantin-valdor-captain-general-of-the-legio-custodes/description/006.jpg
    saved data/images/legio-custodes-constantin-valdor-captain-general-of-the-legio-custodes/description/007.jpg
    saved data/images/legio-custodes-constantin-valdor-captain-general-of-the-legio-custodes/description/008.jpg
    saved data/images/legio-custodes-constantin-valdor-captain-general-of-the-legio-custodes/description/009.jpg
    saved data/images/legio-custodes-constantin-valdor-captain-general-of-the-legio-custodes/description/010.jpg
    saved data/images/legio-custodes-constantin-valdor-captain-general-of-the-legio-custodes/description/011.jpg
[194/541] scraping alpha-legion-contemptor-dreadnought-with-gravis-plasma-cannon
  downloading 17 images...
    saved data/images/alpha-legion-contemptor-dreadnought-with-gravis-plasma-cannon/001.jpg
    saved data/images/alpha-legion-contemptor-dreadnought-with-gravis-plasma-cannon/002.jpg
    saved data/images/alpha-legion-contemptor-dreadnought-with-gravis-plasma-cannon/003.jpg
    saved data/images/alpha-legion-contemptor-dreadnought-with-gravis-plasma-cannon/004.jpg
    saved data/images/alpha-legion-contemptor-dreadnought-with-gravis-plasma-cannon/005.jpg
    saved data/images/alpha-legion-contemptor-dreadnought-with-gravis-plasma-cannon/006.jpg
    saved data/images/alpha-legion-contemptor-dreadnought-with-gravis-plasma-cannon/description/001.jpg
    saved data/images/alpha-legion-contemptor-dreadnought-with-gravis-plasma-cannon/description/002.jpg
    saved data/images/alpha-legion-contemptor-dreadnought-with-gravis-plasma-cannon/description/003.jpg
    saved data/images/alpha-legion-contemptor-dreadnought-with-gravis-plasma-cannon/description/004.jpg
    saved data/images/alpha-legion-contemptor-dreadnought-with-gravis-plasma-cannon/description/005.jpg
    saved data/images/alpha-legion-contemptor-dreadnought-with-gravis-plasma-cannon/description/006.jpg
    saved data/images/alpha-legion-contemptor-dreadnought-with-gravis-plasma-cannon/description/007.jpg
    saved data/images/alpha-legion-contemptor-dreadnought-with-gravis-plasma-cannon/description/008.jpg
    saved data/images/alpha-legion-contemptor-dreadnought-with-gravis-plasma-cannon/description/009.jpg
    saved data/images/alpha-legion-contemptor-dreadnought-with-gravis-plasma-cannon/description/010.jpg
    saved data/images/alpha-legion-contemptor-dreadnought-with-gravis-plasma-cannon/description/011.jpg
[195/541] scraping grey-knights-interceptor-squad
  downloading 38 images...
    saved data/images/grey-knights-interceptor-squad/001.jpg
    saved data/images/grey-knights-interceptor-squad/002.jpg
    saved data/images/grey-knights-interceptor-squad/003.jpg
    saved data/images/grey-knights-interceptor-squad/004.jpg
    saved data/images/grey-knights-interceptor-squad/005.jpg
    saved data/images/grey-knights-interceptor-squad/006.jpg
    saved data/images/grey-knights-interceptor-squad/007.jpg
    saved data/images/grey-knights-interceptor-squad/008.jpg
    saved data/images/grey-knights-interceptor-squad/009.jpg
    saved data/images/grey-knights-interceptor-squad/010.jpg
    saved data/images/grey-knights-interceptor-squad/011.jpg
    saved data/images/grey-knights-interceptor-squad/012.jpg
    saved data/images/grey-knights-interceptor-squad/013.jpg
    saved data/images/grey-knights-interceptor-squad/014.jpg
    saved data/images/grey-knights-interceptor-squad/015.jpg
    saved data/images/grey-knights-interceptor-squad/016.jpg
    saved data/images/grey-knights-interceptor-squad/017.jpg
    saved data/images/grey-knights-interceptor-squad/018.jpg
    saved data/images/grey-knights-interceptor-squad/019.jpg
    saved data/images/grey-knights-interceptor-squad/020.jpg
    saved data/images/grey-knights-interceptor-squad/description/001.jpg
    saved data/images/grey-knights-interceptor-squad/description/002.jpg
    saved data/images/grey-knights-interceptor-squad/description/003.jpg
    saved data/images/grey-knights-interceptor-squad/description/004.jpg
    saved data/images/grey-knights-interceptor-squad/description/005.jpg
    saved data/images/grey-knights-interceptor-squad/description/006.jpg
    saved data/images/grey-knights-interceptor-squad/description/007.jpg
    saved data/images/grey-knights-interceptor-squad/description/008.jpg
    saved data/images/grey-knights-interceptor-squad/description/009.jpg
    saved data/images/grey-knights-interceptor-squad/description/010.jpg
    saved data/images/grey-knights-interceptor-squad/description/011.jpg
    saved data/images/grey-knights-interceptor-squad/description/012.jpg
    saved data/images/grey-knights-interceptor-squad/description/013.jpg
    saved data/images/grey-knights-interceptor-squad/description/014.jpg
    saved data/images/grey-knights-interceptor-squad/description/015.jpg
    saved data/images/grey-knights-interceptor-squad/description/016.jpg
    saved data/images/grey-knights-interceptor-squad/description/017.jpg
    saved data/images/grey-knights-interceptor-squad/description/018.jpg
[196/541] scraping alpha-legion-harrowmaster-armillus-dynat
  downloading 17 images...
    saved data/images/alpha-legion-harrowmaster-armillus-dynat/001.jpg
    saved data/images/alpha-legion-harrowmaster-armillus-dynat/002.jpg
    saved data/images/alpha-legion-harrowmaster-armillus-dynat/003.jpg
    saved data/images/alpha-legion-harrowmaster-armillus-dynat/004.jpg
    saved data/images/alpha-legion-harrowmaster-armillus-dynat/005.jpg
    saved data/images/alpha-legion-harrowmaster-armillus-dynat/006.jpg
    saved data/images/alpha-legion-harrowmaster-armillus-dynat/description/001.jpg
    saved data/images/alpha-legion-harrowmaster-armillus-dynat/description/002.jpg
    saved data/images/alpha-legion-harrowmaster-armillus-dynat/description/003.jpg
    saved data/images/alpha-legion-harrowmaster-armillus-dynat/description/004.jpg
    saved data/images/alpha-legion-harrowmaster-armillus-dynat/description/005.jpg
    saved data/images/alpha-legion-harrowmaster-armillus-dynat/description/006.jpg
    saved data/images/alpha-legion-harrowmaster-armillus-dynat/description/007.jpg
    saved data/images/alpha-legion-harrowmaster-armillus-dynat/description/008.jpg
    saved data/images/alpha-legion-harrowmaster-armillus-dynat/description/009.jpg
    saved data/images/alpha-legion-harrowmaster-armillus-dynat/description/010.jpg
    saved data/images/alpha-legion-harrowmaster-armillus-dynat/description/011.jpg
[197/541] scraping alpha-legion-saboteur-consul
  downloading 16 images...
    saved data/images/alpha-legion-saboteur-consul/001.jpg
    saved data/images/alpha-legion-saboteur-consul/002.jpg
    saved data/images/alpha-legion-saboteur-consul/003.jpg
    saved data/images/alpha-legion-saboteur-consul/004.jpg
    saved data/images/alpha-legion-saboteur-consul/005.jpg
    saved data/images/alpha-legion-saboteur-consul/006.jpg
    saved data/images/alpha-legion-saboteur-consul/description/001.jpg
    saved data/images/alpha-legion-saboteur-consul/description/002.jpg
    saved data/images/alpha-legion-saboteur-consul/description/003.jpg
    saved data/images/alpha-legion-saboteur-consul/description/004.jpg
    saved data/images/alpha-legion-saboteur-consul/description/005.jpg
    saved data/images/alpha-legion-saboteur-consul/description/006.jpg
    saved data/images/alpha-legion-saboteur-consul/description/007.jpg
    saved data/images/alpha-legion-saboteur-consul/description/008.jpg
    saved data/images/alpha-legion-saboteur-consul/description/009.jpg
    saved data/images/alpha-legion-saboteur-consul/description/010.jpg
[198/541] scraping alpha-legion-legion-praetor-with-power-sword
  downloading 16 images...
    saved data/images/alpha-legion-legion-praetor-with-power-sword/001.jpg
    saved data/images/alpha-legion-legion-praetor-with-power-sword/002.jpg
    saved data/images/alpha-legion-legion-praetor-with-power-sword/003.jpg
    saved data/images/alpha-legion-legion-praetor-with-power-sword/004.jpg
    saved data/images/alpha-legion-legion-praetor-with-power-sword/005.jpg
    saved data/images/alpha-legion-legion-praetor-with-power-sword/006.jpg
    saved data/images/alpha-legion-legion-praetor-with-power-sword/description/001.jpg
    saved data/images/alpha-legion-legion-praetor-with-power-sword/description/002.jpg
    saved data/images/alpha-legion-legion-praetor-with-power-sword/description/003.jpg
    saved data/images/alpha-legion-legion-praetor-with-power-sword/description/004.jpg
    saved data/images/alpha-legion-legion-praetor-with-power-sword/description/005.jpg
    saved data/images/alpha-legion-legion-praetor-with-power-sword/description/006.jpg
    saved data/images/alpha-legion-legion-praetor-with-power-sword/description/007.jpg
    saved data/images/alpha-legion-legion-praetor-with-power-sword/description/008.jpg
    saved data/images/alpha-legion-legion-praetor-with-power-sword/description/009.jpg
    saved data/images/alpha-legion-legion-praetor-with-power-sword/description/010.jpg
[199/541] scraping blood-angels-dominion-zephon
  downloading 17 images...
    saved data/images/blood-angels-dominion-zephon/001.jpg
    saved data/images/blood-angels-dominion-zephon/002.jpg
    saved data/images/blood-angels-dominion-zephon/003.jpg
    saved data/images/blood-angels-dominion-zephon/004.jpg
    saved data/images/blood-angels-dominion-zephon/005.jpg
    saved data/images/blood-angels-dominion-zephon/006.jpg
    saved data/images/blood-angels-dominion-zephon/description/001.jpg
    saved data/images/blood-angels-dominion-zephon/description/002.jpg
    saved data/images/blood-angels-dominion-zephon/description/003.jpg
    saved data/images/blood-angels-dominion-zephon/description/004.jpg
    saved data/images/blood-angels-dominion-zephon/description/005.jpg
    saved data/images/blood-angels-dominion-zephon/description/006.jpg
    saved data/images/blood-angels-dominion-zephon/description/007.jpg
    saved data/images/blood-angels-dominion-zephon/description/008.jpg
    saved data/images/blood-angels-dominion-zephon/description/009.jpg
    saved data/images/blood-angels-dominion-zephon/description/010.jpg
    saved data/images/blood-angels-dominion-zephon/description/011.jpg
[200/541] scraping stormcast-eternalsthe-blacktalons
  downloading 76 images...
    saved data/images/stormcast-eternalsthe-blacktalons/001.jpg
    saved data/images/stormcast-eternalsthe-blacktalons/002.jpg
    saved data/images/stormcast-eternalsthe-blacktalons/003.jpg
    saved data/images/stormcast-eternalsthe-blacktalons/004.jpg
    saved data/images/stormcast-eternalsthe-blacktalons/005.jpg
    saved data/images/stormcast-eternalsthe-blacktalons/006.jpg
    saved data/images/stormcast-eternalsthe-blacktalons/007.jpg
    saved data/images/stormcast-eternalsthe-blacktalons/008.jpg
    saved data/images/stormcast-eternalsthe-blacktalons/009.jpg
    saved data/images/stormcast-eternalsthe-blacktalons/010.jpg
    saved data/images/stormcast-eternalsthe-blacktalons/011.jpg
    saved data/images/stormcast-eternalsthe-blacktalons/012.jpg
    saved data/images/stormcast-eternalsthe-blacktalons/013.jpg
    saved data/images/stormcast-eternalsthe-blacktalons/014.jpg
    saved data/images/stormcast-eternalsthe-blacktalons/015.jpg
    saved data/images/stormcast-eternalsthe-blacktalons/016.jpg
    saved data/images/stormcast-eternalsthe-blacktalons/017.jpg
    saved data/images/stormcast-eternalsthe-blacktalons/018.jpg
    saved data/images/stormcast-eternalsthe-blacktalons/019.jpg
    saved data/images/stormcast-eternalsthe-blacktalons/020.jpg
    saved data/images/stormcast-eternalsthe-blacktalons/021.jpg
    saved data/images/stormcast-eternalsthe-blacktalons/022.jpg
    saved data/images/stormcast-eternalsthe-blacktalons/023.jpg
    saved data/images/stormcast-eternalsthe-blacktalons/024.jpg
    saved data/images/stormcast-eternalsthe-blacktalons/025.jpg
    saved data/images/stormcast-eternalsthe-blacktalons/026.jpg
    saved data/images/stormcast-eternalsthe-blacktalons/027.jpg
    saved data/images/stormcast-eternalsthe-blacktalons/028.jpg
    saved data/images/stormcast-eternalsthe-blacktalons/029.jpg
    saved data/images/stormcast-eternalsthe-blacktalons/030.jpg
    saved data/images/stormcast-eternalsthe-blacktalons/031.jpg
    saved data/images/stormcast-eternalsthe-blacktalons/032.jpg
    saved data/images/stormcast-eternalsthe-blacktalons/description/001.jpg
    saved data/images/stormcast-eternalsthe-blacktalons/description/002.jpg
    saved data/images/stormcast-eternalsthe-blacktalons/description/003.jpg
    saved data/images/stormcast-eternalsthe-blacktalons/description/004.jpg
    saved data/images/stormcast-eternalsthe-blacktalons/description/005.jpg
    saved data/images/stormcast-eternalsthe-blacktalons/description/006.jpg
    saved data/images/stormcast-eternalsthe-blacktalons/description/007.jpg
    saved data/images/stormcast-eternalsthe-blacktalons/description/008.jpg
    saved data/images/stormcast-eternalsthe-blacktalons/description/009.jpg
    saved data/images/stormcast-eternalsthe-blacktalons/description/010.jpg
    saved data/images/stormcast-eternalsthe-blacktalons/description/011.jpg
    saved data/images/stormcast-eternalsthe-blacktalons/description/012.jpg
    saved data/images/stormcast-eternalsthe-blacktalons/description/013.jpg
    saved data/images/stormcast-eternalsthe-blacktalons/description/014.jpg
    saved data/images/stormcast-eternalsthe-blacktalons/description/015.jpg
    saved data/images/stormcast-eternalsthe-blacktalons/description/016.jpg
    saved data/images/stormcast-eternalsthe-blacktalons/description/017.jpg
    saved data/images/stormcast-eternalsthe-blacktalons/description/018.jpg
    saved data/images/stormcast-eternalsthe-blacktalons/description/019.jpg
    saved data/images/stormcast-eternalsthe-blacktalons/description/020.jpg
    saved data/images/stormcast-eternalsthe-blacktalons/description/021.jpg
    saved data/images/stormcast-eternalsthe-blacktalons/description/022.jpg
    saved data/images/stormcast-eternalsthe-blacktalons/description/023.jpg
    saved data/images/stormcast-eternalsthe-blacktalons/description/024.jpg
    saved data/images/stormcast-eternalsthe-blacktalons/description/025.jpg
    saved data/images/stormcast-eternalsthe-blacktalons/description/026.jpg
    saved data/images/stormcast-eternalsthe-blacktalons/description/027.jpg
    saved data/images/stormcast-eternalsthe-blacktalons/description/028.jpg
    saved data/images/stormcast-eternalsthe-blacktalons/description/029.jpg
    saved data/images/stormcast-eternalsthe-blacktalons/description/030.jpg
    saved data/images/stormcast-eternalsthe-blacktalons/description/031.jpg
    saved data/images/stormcast-eternalsthe-blacktalons/description/032.jpg
    saved data/images/stormcast-eternalsthe-blacktalons/description/033.jpg
    saved data/images/stormcast-eternalsthe-blacktalons/description/034.jpg
    saved data/images/stormcast-eternalsthe-blacktalons/description/035.jpg
    saved data/images/stormcast-eternalsthe-blacktalons/description/036.jpg
    saved data/images/stormcast-eternalsthe-blacktalons/description/037.jpg
    saved data/images/stormcast-eternalsthe-blacktalons/description/038.jpg
    saved data/images/stormcast-eternalsthe-blacktalons/description/039.jpg
    saved data/images/stormcast-eternalsthe-blacktalons/description/040.jpg
    saved data/images/stormcast-eternalsthe-blacktalons/description/041.jpg
    saved data/images/stormcast-eternalsthe-blacktalons/description/042.jpg
    saved data/images/stormcast-eternalsthe-blacktalons/description/043.jpg
    saved data/images/stormcast-eternalsthe-blacktalons/description/044.jpg
[201/541] scraping black-templars-primaris-sword-brethren
  downloading 37 images...
    saved data/images/black-templars-primaris-sword-brethren/001.jpg
    saved data/images/black-templars-primaris-sword-brethren/002.jpg
    saved data/images/black-templars-primaris-sword-brethren/003.jpg
    saved data/images/black-templars-primaris-sword-brethren/004.jpg
    saved data/images/black-templars-primaris-sword-brethren/005.jpg
    saved data/images/black-templars-primaris-sword-brethren/006.jpg
    saved data/images/black-templars-primaris-sword-brethren/007.jpg
    saved data/images/black-templars-primaris-sword-brethren/008.jpg
    saved data/images/black-templars-primaris-sword-brethren/009.jpg
    saved data/images/black-templars-primaris-sword-brethren/010.jpg
    saved data/images/black-templars-primaris-sword-brethren/011.jpg
    saved data/images/black-templars-primaris-sword-brethren/012.jpg
    saved data/images/black-templars-primaris-sword-brethren/013.jpg
    saved data/images/black-templars-primaris-sword-brethren/014.jpg
    saved data/images/black-templars-primaris-sword-brethren/015.jpg
    saved data/images/black-templars-primaris-sword-brethren/016.jpg
    saved data/images/black-templars-primaris-sword-brethren/017.jpg
    saved data/images/black-templars-primaris-sword-brethren/018.jpg
    saved data/images/black-templars-primaris-sword-brethren/019.jpg
    saved data/images/black-templars-primaris-sword-brethren/020.jpg
    saved data/images/black-templars-primaris-sword-brethren/description/001.jpg
    saved data/images/black-templars-primaris-sword-brethren/description/002.jpg
    saved data/images/black-templars-primaris-sword-brethren/description/003.jpg
    saved data/images/black-templars-primaris-sword-brethren/description/004.jpg
    saved data/images/black-templars-primaris-sword-brethren/description/005.jpg
    saved data/images/black-templars-primaris-sword-brethren/description/006.jpg
    saved data/images/black-templars-primaris-sword-brethren/description/007.jpg
    saved data/images/black-templars-primaris-sword-brethren/description/008.jpg
    saved data/images/black-templars-primaris-sword-brethren/description/009.jpg
    saved data/images/black-templars-primaris-sword-brethren/description/010.jpg
    saved data/images/black-templars-primaris-sword-brethren/description/011.jpg
    saved data/images/black-templars-primaris-sword-brethren/description/012.jpg
    saved data/images/black-templars-primaris-sword-brethren/description/013.jpg
    saved data/images/black-templars-primaris-sword-brethren/description/014.jpg
    saved data/images/black-templars-primaris-sword-brethren/description/015.jpg
    saved data/images/black-templars-primaris-sword-brethren/description/016.jpg
    saved data/images/black-templars-primaris-sword-brethren/description/017.jpg
[202/541] scraping chaos-space-marines-black-legion-chosen
  downloading 73 images...
    saved data/images/chaos-space-marines-black-legion-chosen/001.jpg
    saved data/images/chaos-space-marines-black-legion-chosen/002.jpg
    saved data/images/chaos-space-marines-black-legion-chosen/003.jpg
    saved data/images/chaos-space-marines-black-legion-chosen/004.jpg
    saved data/images/chaos-space-marines-black-legion-chosen/005.jpg
    saved data/images/chaos-space-marines-black-legion-chosen/006.jpg
    saved data/images/chaos-space-marines-black-legion-chosen/007.jpg
    saved data/images/chaos-space-marines-black-legion-chosen/008.jpg
    saved data/images/chaos-space-marines-black-legion-chosen/009.jpg
    saved data/images/chaos-space-marines-black-legion-chosen/010.jpg
    saved data/images/chaos-space-marines-black-legion-chosen/011.jpg
    saved data/images/chaos-space-marines-black-legion-chosen/012.jpg
    saved data/images/chaos-space-marines-black-legion-chosen/013.jpg
    saved data/images/chaos-space-marines-black-legion-chosen/014.jpg
    saved data/images/chaos-space-marines-black-legion-chosen/015.jpg
    saved data/images/chaos-space-marines-black-legion-chosen/016.jpg
    saved data/images/chaos-space-marines-black-legion-chosen/017.jpg
    saved data/images/chaos-space-marines-black-legion-chosen/018.jpg
    saved data/images/chaos-space-marines-black-legion-chosen/019.jpg
    saved data/images/chaos-space-marines-black-legion-chosen/020.jpg
    saved data/images/chaos-space-marines-black-legion-chosen/021.jpg
    saved data/images/chaos-space-marines-black-legion-chosen/022.jpg
    saved data/images/chaos-space-marines-black-legion-chosen/023.jpg
    saved data/images/chaos-space-marines-black-legion-chosen/024.jpg
    saved data/images/chaos-space-marines-black-legion-chosen/025.jpg
    saved data/images/chaos-space-marines-black-legion-chosen/026.jpg
    saved data/images/chaos-space-marines-black-legion-chosen/027.jpg
    saved data/images/chaos-space-marines-black-legion-chosen/028.jpg
    saved data/images/chaos-space-marines-black-legion-chosen/029.jpg
    saved data/images/chaos-space-marines-black-legion-chosen/030.jpg
    saved data/images/chaos-space-marines-black-legion-chosen/031.jpg
    saved data/images/chaos-space-marines-black-legion-chosen/032.jpg
    saved data/images/chaos-space-marines-black-legion-chosen/description/001.jpg
    saved data/images/chaos-space-marines-black-legion-chosen/description/002.jpg
    saved data/images/chaos-space-marines-black-legion-chosen/description/003.jpg
    saved data/images/chaos-space-marines-black-legion-chosen/description/004.jpg
    saved data/images/chaos-space-marines-black-legion-chosen/description/005.jpg
    saved data/images/chaos-space-marines-black-legion-chosen/description/006.jpg
    saved data/images/chaos-space-marines-black-legion-chosen/description/007.jpg
    saved data/images/chaos-space-marines-black-legion-chosen/description/008.jpg
    saved data/images/chaos-space-marines-black-legion-chosen/description/009.jpg
    saved data/images/chaos-space-marines-black-legion-chosen/description/010.jpg
    saved data/images/chaos-space-marines-black-legion-chosen/description/011.jpg
    saved data/images/chaos-space-marines-black-legion-chosen/description/012.jpg
    saved data/images/chaos-space-marines-black-legion-chosen/description/013.jpg
    saved data/images/chaos-space-marines-black-legion-chosen/description/014.jpg
    saved data/images/chaos-space-marines-black-legion-chosen/description/015.jpg
    saved data/images/chaos-space-marines-black-legion-chosen/description/016.jpg
    saved data/images/chaos-space-marines-black-legion-chosen/description/017.jpg
    saved data/images/chaos-space-marines-black-legion-chosen/description/018.jpg
    saved data/images/chaos-space-marines-black-legion-chosen/description/019.jpg
    saved data/images/chaos-space-marines-black-legion-chosen/description/020.jpg
    saved data/images/chaos-space-marines-black-legion-chosen/description/021.jpg
    saved data/images/chaos-space-marines-black-legion-chosen/description/022.jpg
    saved data/images/chaos-space-marines-black-legion-chosen/description/023.jpg
    saved data/images/chaos-space-marines-black-legion-chosen/description/024.jpg
    saved data/images/chaos-space-marines-black-legion-chosen/description/025.jpg
    saved data/images/chaos-space-marines-black-legion-chosen/description/026.jpg
    saved data/images/chaos-space-marines-black-legion-chosen/description/027.jpg
    saved data/images/chaos-space-marines-black-legion-chosen/description/028.jpg
    saved data/images/chaos-space-marines-black-legion-chosen/description/029.jpg
    saved data/images/chaos-space-marines-black-legion-chosen/description/030.jpg
    saved data/images/chaos-space-marines-black-legion-chosen/description/031.jpg
    saved data/images/chaos-space-marines-black-legion-chosen/description/032.jpg
    saved data/images/chaos-space-marines-black-legion-chosen/description/033.jpg
    saved data/images/chaos-space-marines-black-legion-chosen/description/034.jpg
    saved data/images/chaos-space-marines-black-legion-chosen/description/035.jpg
    saved data/images/chaos-space-marines-black-legion-chosen/description/036.jpg
    saved data/images/chaos-space-marines-black-legion-chosen/description/037.jpg
    saved data/images/chaos-space-marines-black-legion-chosen/description/038.jpg
    saved data/images/chaos-space-marines-black-legion-chosen/description/039.jpg
    saved data/images/chaos-space-marines-black-legion-chosen/description/040.jpg
    saved data/images/chaos-space-marines-black-legion-chosen/description/041.jpg
[203/541] scraping sisters-of-silence-argent-lynx-vigilator-cadre
  downloading 43 images...
    saved data/images/sisters-of-silence-argent-lynx-vigilator-cadre/001.jpg
    saved data/images/sisters-of-silence-argent-lynx-vigilator-cadre/002.jpg
    saved data/images/sisters-of-silence-argent-lynx-vigilator-cadre/003.jpg
    saved data/images/sisters-of-silence-argent-lynx-vigilator-cadre/004.jpg
    saved data/images/sisters-of-silence-argent-lynx-vigilator-cadre/005.jpg
    saved data/images/sisters-of-silence-argent-lynx-vigilator-cadre/006.jpg
    saved data/images/sisters-of-silence-argent-lynx-vigilator-cadre/007.jpg
    saved data/images/sisters-of-silence-argent-lynx-vigilator-cadre/008.jpg
    saved data/images/sisters-of-silence-argent-lynx-vigilator-cadre/009.jpg
    saved data/images/sisters-of-silence-argent-lynx-vigilator-cadre/010.jpg
    saved data/images/sisters-of-silence-argent-lynx-vigilator-cadre/011.jpg
    saved data/images/sisters-of-silence-argent-lynx-vigilator-cadre/012.jpg
    saved data/images/sisters-of-silence-argent-lynx-vigilator-cadre/013.jpg
    saved data/images/sisters-of-silence-argent-lynx-vigilator-cadre/014.jpg
    saved data/images/sisters-of-silence-argent-lynx-vigilator-cadre/015.jpg
    saved data/images/sisters-of-silence-argent-lynx-vigilator-cadre/016.jpg
    saved data/images/sisters-of-silence-argent-lynx-vigilator-cadre/017.jpg
    saved data/images/sisters-of-silence-argent-lynx-vigilator-cadre/018.jpg
    saved data/images/sisters-of-silence-argent-lynx-vigilator-cadre/019.jpg
    saved data/images/sisters-of-silence-argent-lynx-vigilator-cadre/020.jpg
    saved data/images/sisters-of-silence-argent-lynx-vigilator-cadre/description/001.jpg
    saved data/images/sisters-of-silence-argent-lynx-vigilator-cadre/description/002.jpg
    saved data/images/sisters-of-silence-argent-lynx-vigilator-cadre/description/003.jpg
    saved data/images/sisters-of-silence-argent-lynx-vigilator-cadre/description/004.jpg
    saved data/images/sisters-of-silence-argent-lynx-vigilator-cadre/description/005.jpg
    saved data/images/sisters-of-silence-argent-lynx-vigilator-cadre/description/006.jpg
    saved data/images/sisters-of-silence-argent-lynx-vigilator-cadre/description/007.jpg
    saved data/images/sisters-of-silence-argent-lynx-vigilator-cadre/description/008.jpg
    saved data/images/sisters-of-silence-argent-lynx-vigilator-cadre/description/009.jpg
    saved data/images/sisters-of-silence-argent-lynx-vigilator-cadre/description/010.jpg
    saved data/images/sisters-of-silence-argent-lynx-vigilator-cadre/description/011.jpg
    saved data/images/sisters-of-silence-argent-lynx-vigilator-cadre/description/012.jpg
    saved data/images/sisters-of-silence-argent-lynx-vigilator-cadre/description/013.jpg
    saved data/images/sisters-of-silence-argent-lynx-vigilator-cadre/description/014.jpg
    saved data/images/sisters-of-silence-argent-lynx-vigilator-cadre/description/015.jpg
    saved data/images/sisters-of-silence-argent-lynx-vigilator-cadre/description/016.jpg
    saved data/images/sisters-of-silence-argent-lynx-vigilator-cadre/description/017.jpg
    saved data/images/sisters-of-silence-argent-lynx-vigilator-cadre/description/018.jpg
    saved data/images/sisters-of-silence-argent-lynx-vigilator-cadre/description/019.jpg
    saved data/images/sisters-of-silence-argent-lynx-vigilator-cadre/description/020.jpg
    saved data/images/sisters-of-silence-argent-lynx-vigilator-cadre/description/021.jpg
    saved data/images/sisters-of-silence-argent-lynx-vigilator-cadre/description/022.jpg
    saved data/images/sisters-of-silence-argent-lynx-vigilator-cadre/description/023.jpg
[204/541] scraping ultramarines-judiciar
  downloading 16 images...
    saved data/images/ultramarines-judiciar/001.jpg
    saved data/images/ultramarines-judiciar/002.jpg
    saved data/images/ultramarines-judiciar/003.jpg
    saved data/images/ultramarines-judiciar/004.jpg
    saved data/images/ultramarines-judiciar/005.jpg
    saved data/images/ultramarines-judiciar/006.jpg
    saved data/images/ultramarines-judiciar/007.jpg
    saved data/images/ultramarines-judiciar/description/001.jpg
    saved data/images/ultramarines-judiciar/description/002.jpg
    saved data/images/ultramarines-judiciar/description/003.jpg
    saved data/images/ultramarines-judiciar/description/004.jpg
    saved data/images/ultramarines-judiciar/description/005.jpg
    saved data/images/ultramarines-judiciar/description/006.jpg
    saved data/images/ultramarines-judiciar/description/007.jpg
    saved data/images/ultramarines-judiciar/description/008.jpg
    failed image https://img.joytoy.com/u_file/2311/10/photo/40k.jpg?x-oss-process=image/quality,q_100: 404 Client Error: Not Found for url: https://img.joytoy.com/u_file/2311/10/photo/40k.jpg?x-oss-process=image/quality,q_100
[205/541] scraping sisters-of-silence-white-falcons-vigilator-cadre
  downloading 43 images...
    saved data/images/sisters-of-silence-white-falcons-vigilator-cadre/001.jpg
    saved data/images/sisters-of-silence-white-falcons-vigilator-cadre/002.jpg
    saved data/images/sisters-of-silence-white-falcons-vigilator-cadre/003.jpg
    saved data/images/sisters-of-silence-white-falcons-vigilator-cadre/004.jpg
    saved data/images/sisters-of-silence-white-falcons-vigilator-cadre/005.jpg
    saved data/images/sisters-of-silence-white-falcons-vigilator-cadre/006.jpg
    saved data/images/sisters-of-silence-white-falcons-vigilator-cadre/007.jpg
    saved data/images/sisters-of-silence-white-falcons-vigilator-cadre/008.jpg
    saved data/images/sisters-of-silence-white-falcons-vigilator-cadre/009.jpg
    saved data/images/sisters-of-silence-white-falcons-vigilator-cadre/010.jpg
    saved data/images/sisters-of-silence-white-falcons-vigilator-cadre/011.jpg
    saved data/images/sisters-of-silence-white-falcons-vigilator-cadre/012.jpg
    saved data/images/sisters-of-silence-white-falcons-vigilator-cadre/013.jpg
    saved data/images/sisters-of-silence-white-falcons-vigilator-cadre/014.jpg
    saved data/images/sisters-of-silence-white-falcons-vigilator-cadre/015.jpg
    saved data/images/sisters-of-silence-white-falcons-vigilator-cadre/016.jpg
    saved data/images/sisters-of-silence-white-falcons-vigilator-cadre/017.jpg
    saved data/images/sisters-of-silence-white-falcons-vigilator-cadre/018.jpg
    saved data/images/sisters-of-silence-white-falcons-vigilator-cadre/019.jpg
    saved data/images/sisters-of-silence-white-falcons-vigilator-cadre/020.jpg
    saved data/images/sisters-of-silence-white-falcons-vigilator-cadre/description/001.jpg
    saved data/images/sisters-of-silence-white-falcons-vigilator-cadre/description/002.jpg
    saved data/images/sisters-of-silence-white-falcons-vigilator-cadre/description/003.jpg
    saved data/images/sisters-of-silence-white-falcons-vigilator-cadre/description/004.jpg
    saved data/images/sisters-of-silence-white-falcons-vigilator-cadre/description/005.jpg
    saved data/images/sisters-of-silence-white-falcons-vigilator-cadre/description/006.jpg
    saved data/images/sisters-of-silence-white-falcons-vigilator-cadre/description/007.jpg
    saved data/images/sisters-of-silence-white-falcons-vigilator-cadre/description/008.jpg
    saved data/images/sisters-of-silence-white-falcons-vigilator-cadre/description/009.jpg
    saved data/images/sisters-of-silence-white-falcons-vigilator-cadre/description/010.jpg
    saved data/images/sisters-of-silence-white-falcons-vigilator-cadre/description/011.jpg
    saved data/images/sisters-of-silence-white-falcons-vigilator-cadre/description/012.jpg
    saved data/images/sisters-of-silence-white-falcons-vigilator-cadre/description/013.jpg
    saved data/images/sisters-of-silence-white-falcons-vigilator-cadre/description/014.jpg
    saved data/images/sisters-of-silence-white-falcons-vigilator-cadre/description/015.jpg
    saved data/images/sisters-of-silence-white-falcons-vigilator-cadre/description/016.jpg
    saved data/images/sisters-of-silence-white-falcons-vigilator-cadre/description/017.jpg
    saved data/images/sisters-of-silence-white-falcons-vigilator-cadre/description/018.jpg
    saved data/images/sisters-of-silence-white-falcons-vigilator-cadre/description/019.jpg
    saved data/images/sisters-of-silence-white-falcons-vigilator-cadre/description/020.jpg
    saved data/images/sisters-of-silence-white-falcons-vigilator-cadre/description/021.jpg
    saved data/images/sisters-of-silence-white-falcons-vigilator-cadre/description/022.jpg
    saved data/images/sisters-of-silence-white-falcons-vigilator-cadre/description/023.jpg
[206/541] scraping ultramarines-chaplainindomitus
  downloading 16 images...
    saved data/images/ultramarines-chaplainindomitus/001.jpg
    saved data/images/ultramarines-chaplainindomitus/002.jpg
    saved data/images/ultramarines-chaplainindomitus/003.jpg
    saved data/images/ultramarines-chaplainindomitus/004.jpg
    saved data/images/ultramarines-chaplainindomitus/005.jpg
    saved data/images/ultramarines-chaplainindomitus/006.jpg
    saved data/images/ultramarines-chaplainindomitus/007.jpg
    saved data/images/ultramarines-chaplainindomitus/description/001.jpg
    saved data/images/ultramarines-chaplainindomitus/description/002.jpg
    saved data/images/ultramarines-chaplainindomitus/description/003.jpg
    saved data/images/ultramarines-chaplainindomitus/description/004.jpg
    saved data/images/ultramarines-chaplainindomitus/description/005.jpg
    saved data/images/ultramarines-chaplainindomitus/description/006.jpg
    saved data/images/ultramarines-chaplainindomitus/description/007.jpg
    saved data/images/ultramarines-chaplainindomitus/description/008.jpg
    failed image https://img.joytoy.com/u_file/2311/10/photo/40k.jpg?x-oss-process=image/quality,q_100: 404 Client Error: Not Found for url: https://img.joytoy.com/u_file/2311/10/photo/40k.jpg?x-oss-process=image/quality,q_100
[207/541] scraping legio-custodes-contemptor-achillus-dreadnought
  downloading 14 images...
    saved data/images/legio-custodes-contemptor-achillus-dreadnought/001.jpg
    saved data/images/legio-custodes-contemptor-achillus-dreadnought/002.jpg
    saved data/images/legio-custodes-contemptor-achillus-dreadnought/003.jpg
    saved data/images/legio-custodes-contemptor-achillus-dreadnought/004.jpg
    saved data/images/legio-custodes-contemptor-achillus-dreadnought/005.jpg
    saved data/images/legio-custodes-contemptor-achillus-dreadnought/006.jpg
    saved data/images/legio-custodes-contemptor-achillus-dreadnought/description/001.jpg
    saved data/images/legio-custodes-contemptor-achillus-dreadnought/description/002.jpg
    saved data/images/legio-custodes-contemptor-achillus-dreadnought/description/003.jpg
    saved data/images/legio-custodes-contemptor-achillus-dreadnought/description/004.jpg
    saved data/images/legio-custodes-contemptor-achillus-dreadnought/description/005.jpg
    saved data/images/legio-custodes-contemptor-achillus-dreadnought/description/006.jpg
    saved data/images/legio-custodes-contemptor-achillus-dreadnought/description/007.jpg
    saved data/images/legio-custodes-contemptor-achillus-dreadnought/description/008.jpg
[208/541] scraping legio-custodes-contemptor-galatus-dreadnought
  downloading 15 images...
    saved data/images/legio-custodes-contemptor-galatus-dreadnought/001.jpg
    saved data/images/legio-custodes-contemptor-galatus-dreadnought/002.jpg
    saved data/images/legio-custodes-contemptor-galatus-dreadnought/003.jpg
    saved data/images/legio-custodes-contemptor-galatus-dreadnought/004.jpg
    saved data/images/legio-custodes-contemptor-galatus-dreadnought/005.jpg
    saved data/images/legio-custodes-contemptor-galatus-dreadnought/006.jpg
    saved data/images/legio-custodes-contemptor-galatus-dreadnought/description/001.jpg
    saved data/images/legio-custodes-contemptor-galatus-dreadnought/description/002.jpg
    saved data/images/legio-custodes-contemptor-galatus-dreadnought/description/003.jpg
    saved data/images/legio-custodes-contemptor-galatus-dreadnought/description/004.jpg
    saved data/images/legio-custodes-contemptor-galatus-dreadnought/description/005.jpg
    saved data/images/legio-custodes-contemptor-galatus-dreadnought/description/006.jpg
    saved data/images/legio-custodes-contemptor-galatus-dreadnought/description/007.jpg
    saved data/images/legio-custodes-contemptor-galatus-dreadnought/description/008.jpg
    saved data/images/legio-custodes-contemptor-galatus-dreadnought/description/009.jpg
[209/541] scraping legio-custodes-aquilon-terminator-squad
  downloading 38 images...
    saved data/images/legio-custodes-aquilon-terminator-squad/001.jpg
    saved data/images/legio-custodes-aquilon-terminator-squad/002.jpg
    saved data/images/legio-custodes-aquilon-terminator-squad/003.jpg
    saved data/images/legio-custodes-aquilon-terminator-squad/004.jpg
    saved data/images/legio-custodes-aquilon-terminator-squad/005.jpg
    saved data/images/legio-custodes-aquilon-terminator-squad/006.jpg
    saved data/images/legio-custodes-aquilon-terminator-squad/007.jpg
    saved data/images/legio-custodes-aquilon-terminator-squad/008.jpg
    saved data/images/legio-custodes-aquilon-terminator-squad/009.jpg
    saved data/images/legio-custodes-aquilon-terminator-squad/010.jpg
    saved data/images/legio-custodes-aquilon-terminator-squad/011.jpg
    saved data/images/legio-custodes-aquilon-terminator-squad/012.jpg
    saved data/images/legio-custodes-aquilon-terminator-squad/013.jpg
    saved data/images/legio-custodes-aquilon-terminator-squad/014.jpg
    saved data/images/legio-custodes-aquilon-terminator-squad/015.jpg
    saved data/images/legio-custodes-aquilon-terminator-squad/016.jpg
    saved data/images/legio-custodes-aquilon-terminator-squad/017.jpg
    saved data/images/legio-custodes-aquilon-terminator-squad/018.jpg
    saved data/images/legio-custodes-aquilon-terminator-squad/019.jpg
    saved data/images/legio-custodes-aquilon-terminator-squad/020.jpg
    saved data/images/legio-custodes-aquilon-terminator-squad/description/001.jpg
    saved data/images/legio-custodes-aquilon-terminator-squad/description/002.jpg
    saved data/images/legio-custodes-aquilon-terminator-squad/description/003.jpg
    saved data/images/legio-custodes-aquilon-terminator-squad/description/004.jpg
    saved data/images/legio-custodes-aquilon-terminator-squad/description/005.jpg
    saved data/images/legio-custodes-aquilon-terminator-squad/description/006.jpg
    saved data/images/legio-custodes-aquilon-terminator-squad/description/007.jpg
    saved data/images/legio-custodes-aquilon-terminator-squad/description/008.jpg
    saved data/images/legio-custodes-aquilon-terminator-squad/description/009.jpg
    saved data/images/legio-custodes-aquilon-terminator-squad/description/010.jpg
    saved data/images/legio-custodes-aquilon-terminator-squad/description/011.jpg
    saved data/images/legio-custodes-aquilon-terminator-squad/description/012.jpg
    saved data/images/legio-custodes-aquilon-terminator-squad/description/013.jpg
    saved data/images/legio-custodes-aquilon-terminator-squad/description/014.jpg
    saved data/images/legio-custodes-aquilon-terminator-squad/description/015.jpg
    saved data/images/legio-custodes-aquilon-terminator-squad/description/016.jpg
    saved data/images/legio-custodes-aquilon-terminator-squad/description/017.jpg
    saved data/images/legio-custodes-aquilon-terminator-squad/description/018.jpg
[210/541] scraping legio-custodescustodian-venatari-squad
  downloading 46 images...
    saved data/images/legio-custodescustodian-venatari-squad/001.jpg
    saved data/images/legio-custodescustodian-venatari-squad/002.jpg
    saved data/images/legio-custodescustodian-venatari-squad/003.jpg
    saved data/images/legio-custodescustodian-venatari-squad/004.jpg
    saved data/images/legio-custodescustodian-venatari-squad/005.jpg
    saved data/images/legio-custodescustodian-venatari-squad/006.jpg
    saved data/images/legio-custodescustodian-venatari-squad/007.jpg
    saved data/images/legio-custodescustodian-venatari-squad/008.jpg
    saved data/images/legio-custodescustodian-venatari-squad/009.jpg
    saved data/images/legio-custodescustodian-venatari-squad/010.jpg
    saved data/images/legio-custodescustodian-venatari-squad/011.jpg
    saved data/images/legio-custodescustodian-venatari-squad/012.jpg
    saved data/images/legio-custodescustodian-venatari-squad/013.jpg
    saved data/images/legio-custodescustodian-venatari-squad/014.jpg
    saved data/images/legio-custodescustodian-venatari-squad/015.jpg
    saved data/images/legio-custodescustodian-venatari-squad/016.jpg
    saved data/images/legio-custodescustodian-venatari-squad/017.jpg
    saved data/images/legio-custodescustodian-venatari-squad/018.jpg
    saved data/images/legio-custodescustodian-venatari-squad/019.jpg
    saved data/images/legio-custodescustodian-venatari-squad/020.jpg
    saved data/images/legio-custodescustodian-venatari-squad/description/001.jpg
    saved data/images/legio-custodescustodian-venatari-squad/description/002.jpg
    saved data/images/legio-custodescustodian-venatari-squad/description/003.jpg
    saved data/images/legio-custodescustodian-venatari-squad/description/004.jpg
    saved data/images/legio-custodescustodian-venatari-squad/description/005.jpg
    saved data/images/legio-custodescustodian-venatari-squad/description/006.jpg
    saved data/images/legio-custodescustodian-venatari-squad/description/007.jpg
    saved data/images/legio-custodescustodian-venatari-squad/description/008.jpg
    saved data/images/legio-custodescustodian-venatari-squad/description/009.jpg
    saved data/images/legio-custodescustodian-venatari-squad/description/010.jpg
    saved data/images/legio-custodescustodian-venatari-squad/description/011.jpg
    saved data/images/legio-custodescustodian-venatari-squad/description/012.jpg
    saved data/images/legio-custodescustodian-venatari-squad/description/013.jpg
    saved data/images/legio-custodescustodian-venatari-squad/description/014.jpg
    saved data/images/legio-custodescustodian-venatari-squad/description/015.jpg
    saved data/images/legio-custodescustodian-venatari-squad/description/016.jpg
    saved data/images/legio-custodescustodian-venatari-squad/description/017.jpg
    saved data/images/legio-custodescustodian-venatari-squad/description/018.jpg
    saved data/images/legio-custodescustodian-venatari-squad/description/019.jpg
    saved data/images/legio-custodescustodian-venatari-squad/description/020.jpg
    saved data/images/legio-custodescustodian-venatari-squad/description/021.jpg
    saved data/images/legio-custodescustodian-venatari-squad/description/022.jpg
    saved data/images/legio-custodescustodian-venatari-squad/description/023.jpg
    saved data/images/legio-custodescustodian-venatari-squad/description/024.jpg
    saved data/images/legio-custodescustodian-venatari-squad/description/025.jpg
    saved data/images/legio-custodescustodian-venatari-squad/description/026.jpg
[211/541] scraping blood-angels-contemptor-incaendius-dreadnought
  downloading 16 images...
    saved data/images/blood-angels-contemptor-incaendius-dreadnought/001.jpg
    saved data/images/blood-angels-contemptor-incaendius-dreadnought/002.jpg
    saved data/images/blood-angels-contemptor-incaendius-dreadnought/003.jpg
    saved data/images/blood-angels-contemptor-incaendius-dreadnought/004.jpg
    saved data/images/blood-angels-contemptor-incaendius-dreadnought/005.jpg
    saved data/images/blood-angels-contemptor-incaendius-dreadnought/006.jpg
    saved data/images/blood-angels-contemptor-incaendius-dreadnought/description/001.jpg
    saved data/images/blood-angels-contemptor-incaendius-dreadnought/description/002.jpg
    saved data/images/blood-angels-contemptor-incaendius-dreadnought/description/003.jpg
    saved data/images/blood-angels-contemptor-incaendius-dreadnought/description/004.jpg
    saved data/images/blood-angels-contemptor-incaendius-dreadnought/description/005.jpg
    saved data/images/blood-angels-contemptor-incaendius-dreadnought/description/006.jpg
    saved data/images/blood-angels-contemptor-incaendius-dreadnought/description/007.jpg
    saved data/images/blood-angels-contemptor-incaendius-dreadnought/description/008.jpg
    saved data/images/blood-angels-contemptor-incaendius-dreadnought/description/009.jpg
    saved data/images/blood-angels-contemptor-incaendius-dreadnought/description/010.jpg
[212/541] scraping blood-angels-raldoron-first-captain-of-the-blood-angels
  downloading 16 images...
    saved data/images/blood-angels-raldoron-first-captain-of-the-blood-angels/001.jpg
    saved data/images/blood-angels-raldoron-first-captain-of-the-blood-angels/002.jpg
    saved data/images/blood-angels-raldoron-first-captain-of-the-blood-angels/003.jpg
    saved data/images/blood-angels-raldoron-first-captain-of-the-blood-angels/004.jpg
    saved data/images/blood-angels-raldoron-first-captain-of-the-blood-angels/005.jpg
    saved data/images/blood-angels-raldoron-first-captain-of-the-blood-angels/006.jpg
    saved data/images/blood-angels-raldoron-first-captain-of-the-blood-angels/description/001.jpg
    saved data/images/blood-angels-raldoron-first-captain-of-the-blood-angels/description/002.jpg
    saved data/images/blood-angels-raldoron-first-captain-of-the-blood-angels/description/003.jpg
    saved data/images/blood-angels-raldoron-first-captain-of-the-blood-angels/description/004.jpg
    saved data/images/blood-angels-raldoron-first-captain-of-the-blood-angels/description/005.jpg
    saved data/images/blood-angels-raldoron-first-captain-of-the-blood-angels/description/006.jpg
    saved data/images/blood-angels-raldoron-first-captain-of-the-blood-angels/description/007.jpg
    saved data/images/blood-angels-raldoron-first-captain-of-the-blood-angels/description/008.jpg
    saved data/images/blood-angels-raldoron-first-captain-of-the-blood-angels/description/009.jpg
    saved data/images/blood-angels-raldoron-first-captain-of-the-blood-angels/description/010.jpg
[213/541] scraping blood-angels-dawnbreaker-cohort
  downloading 44 images...
    saved data/images/blood-angels-dawnbreaker-cohort/001.jpg
    saved data/images/blood-angels-dawnbreaker-cohort/002.jpg
    saved data/images/blood-angels-dawnbreaker-cohort/003.jpg
    saved data/images/blood-angels-dawnbreaker-cohort/004.jpg
    saved data/images/blood-angels-dawnbreaker-cohort/005.jpg
    saved data/images/blood-angels-dawnbreaker-cohort/006.jpg
    saved data/images/blood-angels-dawnbreaker-cohort/007.jpg
    saved data/images/blood-angels-dawnbreaker-cohort/008.jpg
    saved data/images/blood-angels-dawnbreaker-cohort/009.jpg
    saved data/images/blood-angels-dawnbreaker-cohort/010.jpg
    saved data/images/blood-angels-dawnbreaker-cohort/011.jpg
    saved data/images/blood-angels-dawnbreaker-cohort/012.jpg
    saved data/images/blood-angels-dawnbreaker-cohort/013.jpg
    saved data/images/blood-angels-dawnbreaker-cohort/014.jpg
    saved data/images/blood-angels-dawnbreaker-cohort/015.jpg
    saved data/images/blood-angels-dawnbreaker-cohort/016.jpg
    saved data/images/blood-angels-dawnbreaker-cohort/017.jpg
    saved data/images/blood-angels-dawnbreaker-cohort/018.jpg
    saved data/images/blood-angels-dawnbreaker-cohort/019.jpg
    saved data/images/blood-angels-dawnbreaker-cohort/020.jpg
    saved data/images/blood-angels-dawnbreaker-cohort/description/001.jpg
    saved data/images/blood-angels-dawnbreaker-cohort/description/002.jpg
    saved data/images/blood-angels-dawnbreaker-cohort/description/003.jpg
    saved data/images/blood-angels-dawnbreaker-cohort/description/004.jpg
    saved data/images/blood-angels-dawnbreaker-cohort/description/005.jpg
    saved data/images/blood-angels-dawnbreaker-cohort/description/006.jpg
    saved data/images/blood-angels-dawnbreaker-cohort/description/007.jpg
    saved data/images/blood-angels-dawnbreaker-cohort/description/008.jpg
    saved data/images/blood-angels-dawnbreaker-cohort/description/009.jpg
    saved data/images/blood-angels-dawnbreaker-cohort/description/010.jpg
    saved data/images/blood-angels-dawnbreaker-cohort/description/011.jpg
    saved data/images/blood-angels-dawnbreaker-cohort/description/012.jpg
    saved data/images/blood-angels-dawnbreaker-cohort/description/013.jpg
    saved data/images/blood-angels-dawnbreaker-cohort/description/014.jpg
    saved data/images/blood-angels-dawnbreaker-cohort/description/015.jpg
    saved data/images/blood-angels-dawnbreaker-cohort/description/016.jpg
    saved data/images/blood-angels-dawnbreaker-cohort/description/017.jpg
    saved data/images/blood-angels-dawnbreaker-cohort/description/018.jpg
    saved data/images/blood-angels-dawnbreaker-cohort/description/019.jpg
    saved data/images/blood-angels-dawnbreaker-cohort/description/020.jpg
    saved data/images/blood-angels-dawnbreaker-cohort/description/021.jpg
    saved data/images/blood-angels-dawnbreaker-cohort/description/022.jpg
    saved data/images/blood-angels-dawnbreaker-cohort/description/023.jpg
    saved data/images/blood-angels-dawnbreaker-cohort/description/024.jpg
[214/541] scraping world-eaters-lord-invocatus
  downloading 30 images...
    saved data/images/world-eaters-lord-invocatus/001.jpg
    saved data/images/world-eaters-lord-invocatus/002.jpg
    saved data/images/world-eaters-lord-invocatus/003.jpg
    saved data/images/world-eaters-lord-invocatus/004.jpg
    saved data/images/world-eaters-lord-invocatus/005.jpg
    saved data/images/world-eaters-lord-invocatus/006.jpg
    saved data/images/world-eaters-lord-invocatus/007.jpg
    saved data/images/world-eaters-lord-invocatus/008.jpg
    saved data/images/world-eaters-lord-invocatus/009.jpg
    saved data/images/world-eaters-lord-invocatus/010.jpg
    saved data/images/world-eaters-lord-invocatus/description/001.jpg
    saved data/images/world-eaters-lord-invocatus/description/002.jpg
    saved data/images/world-eaters-lord-invocatus/description/003.jpg
    saved data/images/world-eaters-lord-invocatus/description/004.jpg
    saved data/images/world-eaters-lord-invocatus/description/005.jpg
    saved data/images/world-eaters-lord-invocatus/description/006.jpg
    saved data/images/world-eaters-lord-invocatus/description/007.jpg
    saved data/images/world-eaters-lord-invocatus/description/008.jpg
    saved data/images/world-eaters-lord-invocatus/description/009.jpg
    saved data/images/world-eaters-lord-invocatus/description/010.jpg
    saved data/images/world-eaters-lord-invocatus/description/011.jpg
    saved data/images/world-eaters-lord-invocatus/description/012.jpg
    saved data/images/world-eaters-lord-invocatus/description/013.jpg
    saved data/images/world-eaters-lord-invocatus/description/014.jpg
    saved data/images/world-eaters-lord-invocatus/description/015.jpg
    saved data/images/world-eaters-lord-invocatus/description/016.jpg
    saved data/images/world-eaters-lord-invocatus/description/017.jpg
    saved data/images/world-eaters-lord-invocatus/description/018.jpg
    saved data/images/world-eaters-lord-invocatus/description/019.jpg
    saved data/images/world-eaters-lord-invocatus/description/020.jpg
[215/541] scraping world-eaters-khorne-berzerker
  downloading 129 images...
    saved data/images/world-eaters-khorne-berzerker/001.jpg
    saved data/images/world-eaters-khorne-berzerker/002.jpg
    saved data/images/world-eaters-khorne-berzerker/003.jpg
    saved data/images/world-eaters-khorne-berzerker/004.jpg
    saved data/images/world-eaters-khorne-berzerker/005.jpg
    saved data/images/world-eaters-khorne-berzerker/006.jpg
    saved data/images/world-eaters-khorne-berzerker/007.jpg
    saved data/images/world-eaters-khorne-berzerker/008.jpg
    saved data/images/world-eaters-khorne-berzerker/009.jpg
    saved data/images/world-eaters-khorne-berzerker/010.jpg
    saved data/images/world-eaters-khorne-berzerker/011.jpg
    saved data/images/world-eaters-khorne-berzerker/012.jpg
    saved data/images/world-eaters-khorne-berzerker/013.jpg
    saved data/images/world-eaters-khorne-berzerker/014.jpg
    saved data/images/world-eaters-khorne-berzerker/015.jpg
    saved data/images/world-eaters-khorne-berzerker/016.jpg
    saved data/images/world-eaters-khorne-berzerker/017.jpg
    saved data/images/world-eaters-khorne-berzerker/018.jpg
    saved data/images/world-eaters-khorne-berzerker/019.jpg
    saved data/images/world-eaters-khorne-berzerker/020.jpg
    saved data/images/world-eaters-khorne-berzerker/021.jpg
    saved data/images/world-eaters-khorne-berzerker/022.jpg
    saved data/images/world-eaters-khorne-berzerker/023.jpg
    saved data/images/world-eaters-khorne-berzerker/024.jpg
    saved data/images/world-eaters-khorne-berzerker/025.jpg
    saved data/images/world-eaters-khorne-berzerker/026.jpg
    saved data/images/world-eaters-khorne-berzerker/027.jpg
    saved data/images/world-eaters-khorne-berzerker/028.jpg
    saved data/images/world-eaters-khorne-berzerker/029.jpg
    saved data/images/world-eaters-khorne-berzerker/030.jpg
    saved data/images/world-eaters-khorne-berzerker/031.jpg
    saved data/images/world-eaters-khorne-berzerker/032.jpg
    saved data/images/world-eaters-khorne-berzerker/033.jpg
    saved data/images/world-eaters-khorne-berzerker/034.jpg
    saved data/images/world-eaters-khorne-berzerker/035.jpg
    saved data/images/world-eaters-khorne-berzerker/036.jpg
    saved data/images/world-eaters-khorne-berzerker/037.jpg
    saved data/images/world-eaters-khorne-berzerker/038.jpg
    saved data/images/world-eaters-khorne-berzerker/039.jpg
    saved data/images/world-eaters-khorne-berzerker/040.jpg
    saved data/images/world-eaters-khorne-berzerker/041.jpg
    saved data/images/world-eaters-khorne-berzerker/042.jpg
    saved data/images/world-eaters-khorne-berzerker/043.jpg
    saved data/images/world-eaters-khorne-berzerker/044.jpg
    saved data/images/world-eaters-khorne-berzerker/045.jpg
    saved data/images/world-eaters-khorne-berzerker/046.jpg
    saved data/images/world-eaters-khorne-berzerker/047.jpg
    saved data/images/world-eaters-khorne-berzerker/048.jpg
    saved data/images/world-eaters-khorne-berzerker/049.jpg
    saved data/images/world-eaters-khorne-berzerker/050.jpg
    saved data/images/world-eaters-khorne-berzerker/051.jpg
    saved data/images/world-eaters-khorne-berzerker/052.jpg
    saved data/images/world-eaters-khorne-berzerker/053.jpg
    saved data/images/world-eaters-khorne-berzerker/054.jpg
    saved data/images/world-eaters-khorne-berzerker/055.jpg
    saved data/images/world-eaters-khorne-berzerker/056.jpg
    saved data/images/world-eaters-khorne-berzerker/057.jpg
    saved data/images/world-eaters-khorne-berzerker/058.jpg
    saved data/images/world-eaters-khorne-berzerker/059.jpg
    saved data/images/world-eaters-khorne-berzerker/060.jpg
    saved data/images/world-eaters-khorne-berzerker/061.jpg
    saved data/images/world-eaters-khorne-berzerker/062.jpg
    saved data/images/world-eaters-khorne-berzerker/063.jpg
    saved data/images/world-eaters-khorne-berzerker/064.jpg
    saved data/images/world-eaters-khorne-berzerker/065.jpg
    saved data/images/world-eaters-khorne-berzerker/description/001.jpg
    saved data/images/world-eaters-khorne-berzerker/description/002.jpg
    saved data/images/world-eaters-khorne-berzerker/description/003.jpg
    saved data/images/world-eaters-khorne-berzerker/description/004.jpg
    saved data/images/world-eaters-khorne-berzerker/description/005.jpg
    saved data/images/world-eaters-khorne-berzerker/description/006.jpg
    saved data/images/world-eaters-khorne-berzerker/description/007.jpg
    saved data/images/world-eaters-khorne-berzerker/description/008.jpg
    saved data/images/world-eaters-khorne-berzerker/description/009.jpg
    saved data/images/world-eaters-khorne-berzerker/description/010.jpg
    saved data/images/world-eaters-khorne-berzerker/description/011.jpg
    saved data/images/world-eaters-khorne-berzerker/description/012.jpg
    saved data/images/world-eaters-khorne-berzerker/description/013.jpg
    saved data/images/world-eaters-khorne-berzerker/description/014.jpg
    saved data/images/world-eaters-khorne-berzerker/description/015.jpg
    saved data/images/world-eaters-khorne-berzerker/description/016.jpg
    saved data/images/world-eaters-khorne-berzerker/description/017.jpg
    saved data/images/world-eaters-khorne-berzerker/description/018.jpg
    saved data/images/world-eaters-khorne-berzerker/description/019.jpg
    saved data/images/world-eaters-khorne-berzerker/description/020.jpg
    saved data/images/world-eaters-khorne-berzerker/description/021.jpg
    saved data/images/world-eaters-khorne-berzerker/description/022.jpg
    saved data/images/world-eaters-khorne-berzerker/description/023.jpg
    saved data/images/world-eaters-khorne-berzerker/description/024.jpg
    saved data/images/world-eaters-khorne-berzerker/description/025.jpg
    saved data/images/world-eaters-khorne-berzerker/description/026.jpg
    saved data/images/world-eaters-khorne-berzerker/description/027.jpg
    saved data/images/world-eaters-khorne-berzerker/description/028.jpg
    saved data/images/world-eaters-khorne-berzerker/description/029.jpg
    saved data/images/world-eaters-khorne-berzerker/description/030.jpg
    saved data/images/world-eaters-khorne-berzerker/description/031.jpg
    saved data/images/world-eaters-khorne-berzerker/description/032.jpg
    saved data/images/world-eaters-khorne-berzerker/description/033.jpg
    saved data/images/world-eaters-khorne-berzerker/description/034.jpg
    saved data/images/world-eaters-khorne-berzerker/description/035.jpg
    saved data/images/world-eaters-khorne-berzerker/description/036.jpg
    saved data/images/world-eaters-khorne-berzerker/description/037.jpg
    saved data/images/world-eaters-khorne-berzerker/description/038.jpg
    saved data/images/world-eaters-khorne-berzerker/description/039.jpg
    saved data/images/world-eaters-khorne-berzerker/description/040.jpg
    saved data/images/world-eaters-khorne-berzerker/description/041.jpg
    saved data/images/world-eaters-khorne-berzerker/description/042.jpg
    saved data/images/world-eaters-khorne-berzerker/description/043.jpg
    saved data/images/world-eaters-khorne-berzerker/description/044.jpg
    saved data/images/world-eaters-khorne-berzerker/description/045.jpg
    saved data/images/world-eaters-khorne-berzerker/description/046.jpg
    saved data/images/world-eaters-khorne-berzerker/description/047.jpg
    saved data/images/world-eaters-khorne-berzerker/description/048.jpg
    saved data/images/world-eaters-khorne-berzerker/description/049.jpg
    saved data/images/world-eaters-khorne-berzerker/description/050.jpg
    saved data/images/world-eaters-khorne-berzerker/description/051.jpg
    saved data/images/world-eaters-khorne-berzerker/description/052.jpg
    saved data/images/world-eaters-khorne-berzerker/description/053.jpg
    saved data/images/world-eaters-khorne-berzerker/description/054.jpg
    saved data/images/world-eaters-khorne-berzerker/description/055.jpg
    saved data/images/world-eaters-khorne-berzerker/description/056.jpg
    saved data/images/world-eaters-khorne-berzerker/description/057.jpg
    saved data/images/world-eaters-khorne-berzerker/description/058.jpg
    saved data/images/world-eaters-khorne-berzerker/description/059.jpg
    saved data/images/world-eaters-khorne-berzerker/description/060.jpg
    saved data/images/world-eaters-khorne-berzerker/description/061.jpg
    saved data/images/world-eaters-khorne-berzerker/description/062.jpg
    saved data/images/world-eaters-khorne-berzerker/description/063.jpg
    saved data/images/world-eaters-khorne-berzerker/description/064.jpg
[216/541] scraping blood-angels-legion-praetor-in-tartaros-terminator-armour
  downloading 16 images...
    saved data/images/blood-angels-legion-praetor-in-tartaros-terminator-armour/001.jpg
    saved data/images/blood-angels-legion-praetor-in-tartaros-terminator-armour/002.jpg
    saved data/images/blood-angels-legion-praetor-in-tartaros-terminator-armour/003.jpg
    saved data/images/blood-angels-legion-praetor-in-tartaros-terminator-armour/004.jpg
    saved data/images/blood-angels-legion-praetor-in-tartaros-terminator-armour/005.jpg
    saved data/images/blood-angels-legion-praetor-in-tartaros-terminator-armour/006.jpg
    saved data/images/blood-angels-legion-praetor-in-tartaros-terminator-armour/description/001.jpg
    saved data/images/blood-angels-legion-praetor-in-tartaros-terminator-armour/description/002.jpg
    saved data/images/blood-angels-legion-praetor-in-tartaros-terminator-armour/description/003.jpg
    saved data/images/blood-angels-legion-praetor-in-tartaros-terminator-armour/description/004.jpg
    saved data/images/blood-angels-legion-praetor-in-tartaros-terminator-armour/description/005.jpg
    saved data/images/blood-angels-legion-praetor-in-tartaros-terminator-armour/description/006.jpg
    saved data/images/blood-angels-legion-praetor-in-tartaros-terminator-armour/description/007.jpg
    saved data/images/blood-angels-legion-praetor-in-tartaros-terminator-armour/description/008.jpg
    saved data/images/blood-angels-legion-praetor-in-tartaros-terminator-armour/description/009.jpg
    saved data/images/blood-angels-legion-praetor-in-tartaros-terminator-armour/description/010.jpg
[217/541] scraping blood-angels-angels-tears-squad
  downloading 56 images...
    saved data/images/blood-angels-angels-tears-squad/001.jpg
    saved data/images/blood-angels-angels-tears-squad/002.jpg
    saved data/images/blood-angels-angels-tears-squad/003.jpg
    saved data/images/blood-angels-angels-tears-squad/004.jpg
    saved data/images/blood-angels-angels-tears-squad/005.jpg
    saved data/images/blood-angels-angels-tears-squad/006.jpg
    saved data/images/blood-angels-angels-tears-squad/007.jpg
    saved data/images/blood-angels-angels-tears-squad/008.jpg
    saved data/images/blood-angels-angels-tears-squad/009.jpg
    saved data/images/blood-angels-angels-tears-squad/010.jpg
    saved data/images/blood-angels-angels-tears-squad/011.jpg
    saved data/images/blood-angels-angels-tears-squad/012.jpg
    saved data/images/blood-angels-angels-tears-squad/013.jpg
    saved data/images/blood-angels-angels-tears-squad/014.jpg
    saved data/images/blood-angels-angels-tears-squad/015.jpg
    saved data/images/blood-angels-angels-tears-squad/016.jpg
    saved data/images/blood-angels-angels-tears-squad/017.jpg
    saved data/images/blood-angels-angels-tears-squad/018.jpg
    saved data/images/blood-angels-angels-tears-squad/019.jpg
    saved data/images/blood-angels-angels-tears-squad/020.jpg
    saved data/images/blood-angels-angels-tears-squad/021.jpg
    saved data/images/blood-angels-angels-tears-squad/022.jpg
    saved data/images/blood-angels-angels-tears-squad/023.jpg
    saved data/images/blood-angels-angels-tears-squad/024.jpg
    saved data/images/blood-angels-angels-tears-squad/025.jpg
    saved data/images/blood-angels-angels-tears-squad/026.jpg
    saved data/images/blood-angels-angels-tears-squad/description/001.jpg
    saved data/images/blood-angels-angels-tears-squad/description/002.jpg
    saved data/images/blood-angels-angels-tears-squad/description/003.jpg
    saved data/images/blood-angels-angels-tears-squad/description/004.jpg
    saved data/images/blood-angels-angels-tears-squad/description/005.jpg
    saved data/images/blood-angels-angels-tears-squad/description/006.jpg
    saved data/images/blood-angels-angels-tears-squad/description/007.jpg
    saved data/images/blood-angels-angels-tears-squad/description/008.jpg
    saved data/images/blood-angels-angels-tears-squad/description/009.jpg
    saved data/images/blood-angels-angels-tears-squad/description/010.jpg
    saved data/images/blood-angels-angels-tears-squad/description/011.jpg
    saved data/images/blood-angels-angels-tears-squad/description/012.jpg
    saved data/images/blood-angels-angels-tears-squad/description/013.jpg
    saved data/images/blood-angels-angels-tears-squad/description/014.jpg
    saved data/images/blood-angels-angels-tears-squad/description/015.jpg
    saved data/images/blood-angels-angels-tears-squad/description/016.jpg
    saved data/images/blood-angels-angels-tears-squad/description/017.jpg
    saved data/images/blood-angels-angels-tears-squad/description/018.jpg
    saved data/images/blood-angels-angels-tears-squad/description/019.jpg
    saved data/images/blood-angels-angels-tears-squad/description/020.jpg
    saved data/images/blood-angels-angels-tears-squad/description/021.jpg
    saved data/images/blood-angels-angels-tears-squad/description/022.jpg
    saved data/images/blood-angels-angels-tears-squad/description/023.jpg
    saved data/images/blood-angels-angels-tears-squad/description/024.jpg
    saved data/images/blood-angels-angels-tears-squad/description/025.jpg
    saved data/images/blood-angels-angels-tears-squad/description/026.jpg
    saved data/images/blood-angels-angels-tears-squad/description/027.jpg
    saved data/images/blood-angels-angels-tears-squad/description/028.jpg
    saved data/images/blood-angels-angels-tears-squad/description/029.jpg
    saved data/images/blood-angels-angels-tears-squad/description/030.jpg
[218/541] scraping blood-angels-legion-praetor-with-paragon-blade
  downloading 15 images...
    saved data/images/blood-angels-legion-praetor-with-paragon-blade/001.jpg
    saved data/images/blood-angels-legion-praetor-with-paragon-blade/002.jpg
    saved data/images/blood-angels-legion-praetor-with-paragon-blade/003.jpg
    saved data/images/blood-angels-legion-praetor-with-paragon-blade/004.jpg
    saved data/images/blood-angels-legion-praetor-with-paragon-blade/005.jpg
    saved data/images/blood-angels-legion-praetor-with-paragon-blade/006.jpg
    saved data/images/blood-angels-legion-praetor-with-paragon-blade/description/001.jpg
    saved data/images/blood-angels-legion-praetor-with-paragon-blade/description/002.jpg
    saved data/images/blood-angels-legion-praetor-with-paragon-blade/description/003.jpg
    saved data/images/blood-angels-legion-praetor-with-paragon-blade/description/004.jpg
    saved data/images/blood-angels-legion-praetor-with-paragon-blade/description/005.jpg
    saved data/images/blood-angels-legion-praetor-with-paragon-blade/description/006.jpg
    saved data/images/blood-angels-legion-praetor-with-paragon-blade/description/007.jpg
    saved data/images/blood-angels-legion-praetor-with-paragon-blade/description/008.jpg
    saved data/images/blood-angels-legion-praetor-with-paragon-blade/description/009.jpg
[219/541] scraping thousand-sons-khenetai-occult-cabal
  downloading 28 images...
    saved data/images/thousand-sons-khenetai-occult-cabal/001.jpg
    saved data/images/thousand-sons-khenetai-occult-cabal/002.jpg
    saved data/images/thousand-sons-khenetai-occult-cabal/003.jpg
    saved data/images/thousand-sons-khenetai-occult-cabal/004.jpg
    saved data/images/thousand-sons-khenetai-occult-cabal/005.jpg
    saved data/images/thousand-sons-khenetai-occult-cabal/006.jpg
    saved data/images/thousand-sons-khenetai-occult-cabal/007.jpg
    saved data/images/thousand-sons-khenetai-occult-cabal/008.jpg
    saved data/images/thousand-sons-khenetai-occult-cabal/009.jpg
    saved data/images/thousand-sons-khenetai-occult-cabal/010.jpg
    saved data/images/thousand-sons-khenetai-occult-cabal/011.jpg
    saved data/images/thousand-sons-khenetai-occult-cabal/012.jpg
    saved data/images/thousand-sons-khenetai-occult-cabal/013.jpg
    saved data/images/thousand-sons-khenetai-occult-cabal/014.jpg
    saved data/images/thousand-sons-khenetai-occult-cabal/description/001.jpg
    saved data/images/thousand-sons-khenetai-occult-cabal/description/002.jpg
    saved data/images/thousand-sons-khenetai-occult-cabal/description/003.jpg
    saved data/images/thousand-sons-khenetai-occult-cabal/description/004.jpg
    saved data/images/thousand-sons-khenetai-occult-cabal/description/005.jpg
    saved data/images/thousand-sons-khenetai-occult-cabal/description/006.jpg
    saved data/images/thousand-sons-khenetai-occult-cabal/description/007.jpg
    saved data/images/thousand-sons-khenetai-occult-cabal/description/008.jpg
    saved data/images/thousand-sons-khenetai-occult-cabal/description/009.jpg
    saved data/images/thousand-sons-khenetai-occult-cabal/description/010.jpg
    saved data/images/thousand-sons-khenetai-occult-cabal/description/011.jpg
    saved data/images/thousand-sons-khenetai-occult-cabal/description/012.jpg
    saved data/images/thousand-sons-khenetai-occult-cabal/description/013.jpg
    saved data/images/thousand-sons-khenetai-occult-cabal/description/014.jpg
[220/541] scraping space-wolves-hvarl-red-blade
  downloading 15 images...
    saved data/images/space-wolves-hvarl-red-blade/001.jpg
    saved data/images/space-wolves-hvarl-red-blade/002.jpg
    saved data/images/space-wolves-hvarl-red-blade/003.jpg
    saved data/images/space-wolves-hvarl-red-blade/004.jpg
    saved data/images/space-wolves-hvarl-red-blade/005.jpg
    saved data/images/space-wolves-hvarl-red-blade/006.jpg
    saved data/images/space-wolves-hvarl-red-blade/description/001.jpg
    saved data/images/space-wolves-hvarl-red-blade/description/002.jpg
    saved data/images/space-wolves-hvarl-red-blade/description/003.jpg
    saved data/images/space-wolves-hvarl-red-blade/description/004.jpg
    saved data/images/space-wolves-hvarl-red-blade/description/005.jpg
    saved data/images/space-wolves-hvarl-red-blade/description/006.jpg
    saved data/images/space-wolves-hvarl-red-blade/description/007.jpg
    saved data/images/space-wolves-hvarl-red-blade/description/008.jpg
    saved data/images/space-wolves-hvarl-red-blade/description/009.jpg
[221/541] scraping black-templars-marshal-baldeckrath-1
  downloading 13 images...
    saved data/images/black-templars-marshal-baldeckrath-1/001.jpg
    saved data/images/black-templars-marshal-baldeckrath-1/002.jpg
    saved data/images/black-templars-marshal-baldeckrath-1/003.jpg
    saved data/images/black-templars-marshal-baldeckrath-1/004.jpg
    saved data/images/black-templars-marshal-baldeckrath-1/005.jpg
    saved data/images/black-templars-marshal-baldeckrath-1/006.jpg
    saved data/images/black-templars-marshal-baldeckrath-1/description/001.jpg
    saved data/images/black-templars-marshal-baldeckrath-1/description/002.jpg
    saved data/images/black-templars-marshal-baldeckrath-1/description/003.jpg
    saved data/images/black-templars-marshal-baldeckrath-1/description/004.jpg
    saved data/images/black-templars-marshal-baldeckrath-1/description/005.jpg
    saved data/images/black-templars-marshal-baldeckrath-1/description/006.jpg
    saved data/images/black-templars-marshal-baldeckrath-1/description/007.jpg
[222/541] scraping space-wolves-legion-praetor-with-power-axe-and-combat-shield
  downloading 15 images...
    saved data/images/space-wolves-legion-praetor-with-power-axe-and-combat-shield/001.jpg
    saved data/images/space-wolves-legion-praetor-with-power-axe-and-combat-shield/002.jpg
    saved data/images/space-wolves-legion-praetor-with-power-axe-and-combat-shield/003.jpg
    saved data/images/space-wolves-legion-praetor-with-power-axe-and-combat-shield/004.jpg
    saved data/images/space-wolves-legion-praetor-with-power-axe-and-combat-shield/005.jpg
    saved data/images/space-wolves-legion-praetor-with-power-axe-and-combat-shield/006.jpg
    saved data/images/space-wolves-legion-praetor-with-power-axe-and-combat-shield/description/001.jpg
    saved data/images/space-wolves-legion-praetor-with-power-axe-and-combat-shield/description/002.jpg
    saved data/images/space-wolves-legion-praetor-with-power-axe-and-combat-shield/description/003.jpg
    saved data/images/space-wolves-legion-praetor-with-power-axe-and-combat-shield/description/004.jpg
    saved data/images/space-wolves-legion-praetor-with-power-axe-and-combat-shield/description/005.jpg
    saved data/images/space-wolves-legion-praetor-with-power-axe-and-combat-shield/description/006.jpg
    saved data/images/space-wolves-legion-praetor-with-power-axe-and-combat-shield/description/007.jpg
    saved data/images/space-wolves-legion-praetor-with-power-axe-and-combat-shield/description/008.jpg
    saved data/images/space-wolves-legion-praetor-with-power-axe-and-combat-shield/description/009.jpg
[223/541] scraping ultramarines-brother-chairon
  downloading 13 images...
    saved data/images/ultramarines-brother-chairon/001.jpg
    saved data/images/ultramarines-brother-chairon/002.jpg
    saved data/images/ultramarines-brother-chairon/003.jpg
    saved data/images/ultramarines-brother-chairon/004.jpg
    saved data/images/ultramarines-brother-chairon/005.jpg
    saved data/images/ultramarines-brother-chairon/006.jpg
    saved data/images/ultramarines-brother-chairon/description/001.jpg
    saved data/images/ultramarines-brother-chairon/description/002.jpg
    saved data/images/ultramarines-brother-chairon/description/003.jpg
    saved data/images/ultramarines-brother-chairon/description/004.jpg
    saved data/images/ultramarines-brother-chairon/description/005.jpg
    saved data/images/ultramarines-brother-chairon/description/006.jpg
    saved data/images/ultramarines-brother-chairon/description/007.jpg
[224/541] scraping ultramarines-leviathan-dreadnought-with-cyclonic-melta-lance-and-siege-claw
  downloading 18 images...
    saved data/images/ultramarines-leviathan-dreadnought-with-cyclonic-melta-lance-and-siege-claw/001.jpg
    saved data/images/ultramarines-leviathan-dreadnought-with-cyclonic-melta-lance-and-siege-claw/002.jpg
    saved data/images/ultramarines-leviathan-dreadnought-with-cyclonic-melta-lance-and-siege-claw/003.jpg
    saved data/images/ultramarines-leviathan-dreadnought-with-cyclonic-melta-lance-and-siege-claw/004.jpg
    saved data/images/ultramarines-leviathan-dreadnought-with-cyclonic-melta-lance-and-siege-claw/005.jpg
    saved data/images/ultramarines-leviathan-dreadnought-with-cyclonic-melta-lance-and-siege-claw/006.jpg
    saved data/images/ultramarines-leviathan-dreadnought-with-cyclonic-melta-lance-and-siege-claw/description/001.jpg
    saved data/images/ultramarines-leviathan-dreadnought-with-cyclonic-melta-lance-and-siege-claw/description/002.jpg
    saved data/images/ultramarines-leviathan-dreadnought-with-cyclonic-melta-lance-and-siege-claw/description/003.jpg
    saved data/images/ultramarines-leviathan-dreadnought-with-cyclonic-melta-lance-and-siege-claw/description/004.jpg
    saved data/images/ultramarines-leviathan-dreadnought-with-cyclonic-melta-lance-and-siege-claw/description/005.jpg
    saved data/images/ultramarines-leviathan-dreadnought-with-cyclonic-melta-lance-and-siege-claw/description/006.jpg
    saved data/images/ultramarines-leviathan-dreadnought-with-cyclonic-melta-lance-and-siege-claw/description/007.jpg
    saved data/images/ultramarines-leviathan-dreadnought-with-cyclonic-melta-lance-and-siege-claw/description/008.jpg
    saved data/images/ultramarines-leviathan-dreadnought-with-cyclonic-melta-lance-and-siege-claw/description/009.jpg
    saved data/images/ultramarines-leviathan-dreadnought-with-cyclonic-melta-lance-and-siege-claw/description/010.jpg
    saved data/images/ultramarines-leviathan-dreadnought-with-cyclonic-melta-lance-and-siege-claw/description/011.jpg
    saved data/images/ultramarines-leviathan-dreadnought-with-cyclonic-melta-lance-and-siege-claw/description/012.jpg
[225/541] scraping thousand-sons-legion-mk-iv-tactical-squad
  downloading 52 images...
    saved data/images/thousand-sons-legion-mk-iv-tactical-squad/001.jpg
    saved data/images/thousand-sons-legion-mk-iv-tactical-squad/002.jpg
    saved data/images/thousand-sons-legion-mk-iv-tactical-squad/003.jpg
    saved data/images/thousand-sons-legion-mk-iv-tactical-squad/004.jpg
    saved data/images/thousand-sons-legion-mk-iv-tactical-squad/005.jpg
    saved data/images/thousand-sons-legion-mk-iv-tactical-squad/006.jpg
    saved data/images/thousand-sons-legion-mk-iv-tactical-squad/007.jpg
    saved data/images/thousand-sons-legion-mk-iv-tactical-squad/008.jpg
    saved data/images/thousand-sons-legion-mk-iv-tactical-squad/009.jpg
    saved data/images/thousand-sons-legion-mk-iv-tactical-squad/010.jpg
    saved data/images/thousand-sons-legion-mk-iv-tactical-squad/011.jpg
    saved data/images/thousand-sons-legion-mk-iv-tactical-squad/012.jpg
    saved data/images/thousand-sons-legion-mk-iv-tactical-squad/013.jpg
    saved data/images/thousand-sons-legion-mk-iv-tactical-squad/014.jpg
    saved data/images/thousand-sons-legion-mk-iv-tactical-squad/015.jpg
    saved data/images/thousand-sons-legion-mk-iv-tactical-squad/016.jpg
    saved data/images/thousand-sons-legion-mk-iv-tactical-squad/017.jpg
    saved data/images/thousand-sons-legion-mk-iv-tactical-squad/018.jpg
    saved data/images/thousand-sons-legion-mk-iv-tactical-squad/019.jpg
    saved data/images/thousand-sons-legion-mk-iv-tactical-squad/020.jpg
    saved data/images/thousand-sons-legion-mk-iv-tactical-squad/021.jpg
    saved data/images/thousand-sons-legion-mk-iv-tactical-squad/022.jpg
    saved data/images/thousand-sons-legion-mk-iv-tactical-squad/023.jpg
    saved data/images/thousand-sons-legion-mk-iv-tactical-squad/024.jpg
    saved data/images/thousand-sons-legion-mk-iv-tactical-squad/025.jpg
    saved data/images/thousand-sons-legion-mk-iv-tactical-squad/026.jpg
    saved data/images/thousand-sons-legion-mk-iv-tactical-squad/description/001.jpg
    saved data/images/thousand-sons-legion-mk-iv-tactical-squad/description/002.jpg
    saved data/images/thousand-sons-legion-mk-iv-tactical-squad/description/003.jpg
    saved data/images/thousand-sons-legion-mk-iv-tactical-squad/description/004.jpg
    saved data/images/thousand-sons-legion-mk-iv-tactical-squad/description/005.jpg
    saved data/images/thousand-sons-legion-mk-iv-tactical-squad/description/006.jpg
    saved data/images/thousand-sons-legion-mk-iv-tactical-squad/description/007.jpg
    saved data/images/thousand-sons-legion-mk-iv-tactical-squad/description/008.jpg
    saved data/images/thousand-sons-legion-mk-iv-tactical-squad/description/009.jpg
    saved data/images/thousand-sons-legion-mk-iv-tactical-squad/description/010.jpg
    saved data/images/thousand-sons-legion-mk-iv-tactical-squad/description/011.jpg
    saved data/images/thousand-sons-legion-mk-iv-tactical-squad/description/012.jpg
    saved data/images/thousand-sons-legion-mk-iv-tactical-squad/description/013.jpg
    saved data/images/thousand-sons-legion-mk-iv-tactical-squad/description/014.jpg
    saved data/images/thousand-sons-legion-mk-iv-tactical-squad/description/015.jpg
    saved data/images/thousand-sons-legion-mk-iv-tactical-squad/description/016.jpg
    saved data/images/thousand-sons-legion-mk-iv-tactical-squad/description/017.jpg
    saved data/images/thousand-sons-legion-mk-iv-tactical-squad/description/018.jpg
    saved data/images/thousand-sons-legion-mk-iv-tactical-squad/description/019.jpg
    saved data/images/thousand-sons-legion-mk-iv-tactical-squad/description/020.jpg
    saved data/images/thousand-sons-legion-mk-iv-tactical-squad/description/021.jpg
    saved data/images/thousand-sons-legion-mk-iv-tactical-squad/description/022.jpg
    saved data/images/thousand-sons-legion-mk-iv-tactical-squad/description/023.jpg
    saved data/images/thousand-sons-legion-mk-iv-tactical-squad/description/024.jpg
    saved data/images/thousand-sons-legion-mk-iv-tactical-squad/description/025.jpg
    saved data/images/thousand-sons-legion-mk-iv-tactical-squad/description/026.jpg
[226/541] scraping thousand-sons-contemptor-osiron-dreadnought-with-gravis-force-blade-and-gravis-autocannon
  downloading 16 images...
    saved data/images/thousand-sons-contemptor-osiron-dreadnought-with-gravis-force-blade-and-gravis-autocannon/001.jpg
    saved data/images/thousand-sons-contemptor-osiron-dreadnought-with-gravis-force-blade-and-gravis-autocannon/002.jpg
    saved data/images/thousand-sons-contemptor-osiron-dreadnought-with-gravis-force-blade-and-gravis-autocannon/003.jpg
    saved data/images/thousand-sons-contemptor-osiron-dreadnought-with-gravis-force-blade-and-gravis-autocannon/004.jpg
    saved data/images/thousand-sons-contemptor-osiron-dreadnought-with-gravis-force-blade-and-gravis-autocannon/005.jpg
    saved data/images/thousand-sons-contemptor-osiron-dreadnought-with-gravis-force-blade-and-gravis-autocannon/006.jpg
    saved data/images/thousand-sons-contemptor-osiron-dreadnought-with-gravis-force-blade-and-gravis-autocannon/description/001.jpg
    saved data/images/thousand-sons-contemptor-osiron-dreadnought-with-gravis-force-blade-and-gravis-autocannon/description/002.jpg
    saved data/images/thousand-sons-contemptor-osiron-dreadnought-with-gravis-force-blade-and-gravis-autocannon/description/003.jpg
    saved data/images/thousand-sons-contemptor-osiron-dreadnought-with-gravis-force-blade-and-gravis-autocannon/description/004.jpg
    saved data/images/thousand-sons-contemptor-osiron-dreadnought-with-gravis-force-blade-and-gravis-autocannon/description/005.jpg
    saved data/images/thousand-sons-contemptor-osiron-dreadnought-with-gravis-force-blade-and-gravis-autocannon/description/006.jpg
    saved data/images/thousand-sons-contemptor-osiron-dreadnought-with-gravis-force-blade-and-gravis-autocannon/description/007.jpg
    saved data/images/thousand-sons-contemptor-osiron-dreadnought-with-gravis-force-blade-and-gravis-autocannon/description/008.jpg
    saved data/images/thousand-sons-contemptor-osiron-dreadnought-with-gravis-force-blade-and-gravis-autocannon/description/009.jpg
    saved data/images/thousand-sons-contemptor-osiron-dreadnought-with-gravis-force-blade-and-gravis-autocannon/description/010.jpg
[227/541] scraping thousand-sons-sekhmet-terminator-cabal
  downloading 64 images...
    saved data/images/thousand-sons-sekhmet-terminator-cabal/001.jpg
    saved data/images/thousand-sons-sekhmet-terminator-cabal/002.jpg
    saved data/images/thousand-sons-sekhmet-terminator-cabal/003.jpg
    saved data/images/thousand-sons-sekhmet-terminator-cabal/004.jpg
    saved data/images/thousand-sons-sekhmet-terminator-cabal/005.jpg
    saved data/images/thousand-sons-sekhmet-terminator-cabal/006.jpg
    saved data/images/thousand-sons-sekhmet-terminator-cabal/007.jpg
    saved data/images/thousand-sons-sekhmet-terminator-cabal/008.jpg
    saved data/images/thousand-sons-sekhmet-terminator-cabal/009.jpg
    saved data/images/thousand-sons-sekhmet-terminator-cabal/010.jpg
    saved data/images/thousand-sons-sekhmet-terminator-cabal/011.jpg
    saved data/images/thousand-sons-sekhmet-terminator-cabal/012.jpg
    saved data/images/thousand-sons-sekhmet-terminator-cabal/013.jpg
    saved data/images/thousand-sons-sekhmet-terminator-cabal/014.jpg
    saved data/images/thousand-sons-sekhmet-terminator-cabal/015.jpg
    saved data/images/thousand-sons-sekhmet-terminator-cabal/016.jpg
    saved data/images/thousand-sons-sekhmet-terminator-cabal/017.jpg
    saved data/images/thousand-sons-sekhmet-terminator-cabal/018.jpg
    saved data/images/thousand-sons-sekhmet-terminator-cabal/019.jpg
    saved data/images/thousand-sons-sekhmet-terminator-cabal/020.jpg
    saved data/images/thousand-sons-sekhmet-terminator-cabal/021.jpg
    saved data/images/thousand-sons-sekhmet-terminator-cabal/022.jpg
    saved data/images/thousand-sons-sekhmet-terminator-cabal/023.jpg
    saved data/images/thousand-sons-sekhmet-terminator-cabal/024.jpg
    saved data/images/thousand-sons-sekhmet-terminator-cabal/025.jpg
    saved data/images/thousand-sons-sekhmet-terminator-cabal/026.jpg
    saved data/images/thousand-sons-sekhmet-terminator-cabal/027.jpg
    saved data/images/thousand-sons-sekhmet-terminator-cabal/028.jpg
    saved data/images/thousand-sons-sekhmet-terminator-cabal/029.jpg
    saved data/images/thousand-sons-sekhmet-terminator-cabal/030.jpg
    saved data/images/thousand-sons-sekhmet-terminator-cabal/031.jpg
    saved data/images/thousand-sons-sekhmet-terminator-cabal/032.jpg
    saved data/images/thousand-sons-sekhmet-terminator-cabal/description/001.jpg
    saved data/images/thousand-sons-sekhmet-terminator-cabal/description/002.jpg
    saved data/images/thousand-sons-sekhmet-terminator-cabal/description/003.jpg
    saved data/images/thousand-sons-sekhmet-terminator-cabal/description/004.jpg
    saved data/images/thousand-sons-sekhmet-terminator-cabal/description/005.jpg
    saved data/images/thousand-sons-sekhmet-terminator-cabal/description/006.jpg
    saved data/images/thousand-sons-sekhmet-terminator-cabal/description/007.jpg
    saved data/images/thousand-sons-sekhmet-terminator-cabal/description/008.jpg
    saved data/images/thousand-sons-sekhmet-terminator-cabal/description/009.jpg
    saved data/images/thousand-sons-sekhmet-terminator-cabal/description/010.jpg
    saved data/images/thousand-sons-sekhmet-terminator-cabal/description/011.jpg
    saved data/images/thousand-sons-sekhmet-terminator-cabal/description/012.jpg
    saved data/images/thousand-sons-sekhmet-terminator-cabal/description/013.jpg
    saved data/images/thousand-sons-sekhmet-terminator-cabal/description/014.jpg
    saved data/images/thousand-sons-sekhmet-terminator-cabal/description/015.jpg
    saved data/images/thousand-sons-sekhmet-terminator-cabal/description/016.jpg
    saved data/images/thousand-sons-sekhmet-terminator-cabal/description/017.jpg
    saved data/images/thousand-sons-sekhmet-terminator-cabal/description/018.jpg
    saved data/images/thousand-sons-sekhmet-terminator-cabal/description/019.jpg
    saved data/images/thousand-sons-sekhmet-terminator-cabal/description/020.jpg
    saved data/images/thousand-sons-sekhmet-terminator-cabal/description/021.jpg
    saved data/images/thousand-sons-sekhmet-terminator-cabal/description/022.jpg
    saved data/images/thousand-sons-sekhmet-terminator-cabal/description/023.jpg
    saved data/images/thousand-sons-sekhmet-terminator-cabal/description/024.jpg
    saved data/images/thousand-sons-sekhmet-terminator-cabal/description/025.jpg
    saved data/images/thousand-sons-sekhmet-terminator-cabal/description/026.jpg
    saved data/images/thousand-sons-sekhmet-terminator-cabal/description/027.jpg
    saved data/images/thousand-sons-sekhmet-terminator-cabal/description/028.jpg
    saved data/images/thousand-sons-sekhmet-terminator-cabal/description/029.jpg
    saved data/images/thousand-sons-sekhmet-terminator-cabal/description/030.jpg
    saved data/images/thousand-sons-sekhmet-terminator-cabal/description/031.jpg
    saved data/images/thousand-sons-sekhmet-terminator-cabal/description/032.jpg
[228/541] scraping thousand-sons-legion-praetor-in-cataphractii-terminator-armour
  downloading 14 images...
    saved data/images/thousand-sons-legion-praetor-in-cataphractii-terminator-armour/001.jpg
    saved data/images/thousand-sons-legion-praetor-in-cataphractii-terminator-armour/002.jpg
    saved data/images/thousand-sons-legion-praetor-in-cataphractii-terminator-armour/003.jpg
    saved data/images/thousand-sons-legion-praetor-in-cataphractii-terminator-armour/004.jpg
    saved data/images/thousand-sons-legion-praetor-in-cataphractii-terminator-armour/005.jpg
    saved data/images/thousand-sons-legion-praetor-in-cataphractii-terminator-armour/006.jpg
    saved data/images/thousand-sons-legion-praetor-in-cataphractii-terminator-armour/description/001.jpg
    saved data/images/thousand-sons-legion-praetor-in-cataphractii-terminator-armour/description/002.jpg
    saved data/images/thousand-sons-legion-praetor-in-cataphractii-terminator-armour/description/003.jpg
    saved data/images/thousand-sons-legion-praetor-in-cataphractii-terminator-armour/description/004.jpg
    saved data/images/thousand-sons-legion-praetor-in-cataphractii-terminator-armour/description/005.jpg
    saved data/images/thousand-sons-legion-praetor-in-cataphractii-terminator-armour/description/006.jpg
    saved data/images/thousand-sons-legion-praetor-in-cataphractii-terminator-armour/description/007.jpg
    saved data/images/thousand-sons-legion-praetor-in-cataphractii-terminator-armour/description/008.jpg
[229/541] scraping thousand-sons-magistus-amon
  downloading 14 images...
    saved data/images/thousand-sons-magistus-amon/001.jpg
    saved data/images/thousand-sons-magistus-amon/002.jpg
    saved data/images/thousand-sons-magistus-amon/003.jpg
    saved data/images/thousand-sons-magistus-amon/004.jpg
    saved data/images/thousand-sons-magistus-amon/005.jpg
    saved data/images/thousand-sons-magistus-amon/006.jpg
    saved data/images/thousand-sons-magistus-amon/description/001.jpg
    saved data/images/thousand-sons-magistus-amon/description/002.jpg
    saved data/images/thousand-sons-magistus-amon/description/003.jpg
    saved data/images/thousand-sons-magistus-amon/description/004.jpg
    saved data/images/thousand-sons-magistus-amon/description/005.jpg
    saved data/images/thousand-sons-magistus-amon/description/006.jpg
    saved data/images/thousand-sons-magistus-amon/description/007.jpg
    saved data/images/thousand-sons-magistus-amon/description/008.jpg
[230/541] scraping blood-angels-sanguinary-guard
  downloading 63 images...
    saved data/images/blood-angels-sanguinary-guard/001.jpg
    saved data/images/blood-angels-sanguinary-guard/002.jpg
    saved data/images/blood-angels-sanguinary-guard/003.jpg
    saved data/images/blood-angels-sanguinary-guard/004.jpg
    saved data/images/blood-angels-sanguinary-guard/005.jpg
    saved data/images/blood-angels-sanguinary-guard/006.jpg
    saved data/images/blood-angels-sanguinary-guard/007.jpg
    saved data/images/blood-angels-sanguinary-guard/008.jpg
    saved data/images/blood-angels-sanguinary-guard/009.jpg
    saved data/images/blood-angels-sanguinary-guard/010.jpg
    saved data/images/blood-angels-sanguinary-guard/011.jpg
    saved data/images/blood-angels-sanguinary-guard/012.jpg
    saved data/images/blood-angels-sanguinary-guard/013.jpg
    saved data/images/blood-angels-sanguinary-guard/014.jpg
    saved data/images/blood-angels-sanguinary-guard/015.jpg
    saved data/images/blood-angels-sanguinary-guard/016.jpg
    saved data/images/blood-angels-sanguinary-guard/017.jpg
    saved data/images/blood-angels-sanguinary-guard/018.jpg
    saved data/images/blood-angels-sanguinary-guard/019.jpg
    saved data/images/blood-angels-sanguinary-guard/020.jpg
    saved data/images/blood-angels-sanguinary-guard/021.jpg
    saved data/images/blood-angels-sanguinary-guard/022.jpg
    saved data/images/blood-angels-sanguinary-guard/023.jpg
    saved data/images/blood-angels-sanguinary-guard/024.jpg
    saved data/images/blood-angels-sanguinary-guard/025.jpg
    saved data/images/blood-angels-sanguinary-guard/026.jpg
    saved data/images/blood-angels-sanguinary-guard/027.jpg
    saved data/images/blood-angels-sanguinary-guard/028.jpg
    saved data/images/blood-angels-sanguinary-guard/029.jpg
    saved data/images/blood-angels-sanguinary-guard/030.jpg
    saved data/images/blood-angels-sanguinary-guard/031.jpg
    saved data/images/blood-angels-sanguinary-guard/032.jpg
    saved data/images/blood-angels-sanguinary-guard/description/001.jpg
    saved data/images/blood-angels-sanguinary-guard/description/002.jpg
    saved data/images/blood-angels-sanguinary-guard/description/003.jpg
    saved data/images/blood-angels-sanguinary-guard/description/004.jpg
    saved data/images/blood-angels-sanguinary-guard/description/005.jpg
    saved data/images/blood-angels-sanguinary-guard/description/006.jpg
    saved data/images/blood-angels-sanguinary-guard/description/007.jpg
    saved data/images/blood-angels-sanguinary-guard/description/008.jpg
    saved data/images/blood-angels-sanguinary-guard/description/009.jpg
    saved data/images/blood-angels-sanguinary-guard/description/010.jpg
    saved data/images/blood-angels-sanguinary-guard/description/011.jpg
    saved data/images/blood-angels-sanguinary-guard/description/012.jpg
    saved data/images/blood-angels-sanguinary-guard/description/013.jpg
    saved data/images/blood-angels-sanguinary-guard/description/014.jpg
    saved data/images/blood-angels-sanguinary-guard/description/015.jpg
    saved data/images/blood-angels-sanguinary-guard/description/016.jpg
    saved data/images/blood-angels-sanguinary-guard/description/017.jpg
    saved data/images/blood-angels-sanguinary-guard/description/018.jpg
    saved data/images/blood-angels-sanguinary-guard/description/019.jpg
    saved data/images/blood-angels-sanguinary-guard/description/020.jpg
    saved data/images/blood-angels-sanguinary-guard/description/021.jpg
    saved data/images/blood-angels-sanguinary-guard/description/022.jpg
    saved data/images/blood-angels-sanguinary-guard/description/023.jpg
    saved data/images/blood-angels-sanguinary-guard/description/024.jpg
    saved data/images/blood-angels-sanguinary-guard/description/025.jpg
    saved data/images/blood-angels-sanguinary-guard/description/026.jpg
    saved data/images/blood-angels-sanguinary-guard/description/027.jpg
    saved data/images/blood-angels-sanguinary-guard/description/028.jpg
    saved data/images/blood-angels-sanguinary-guard/description/029.jpg
    saved data/images/blood-angels-sanguinary-guard/description/030.jpg
    saved data/images/blood-angels-sanguinary-guard/description/031.jpg
[231/541] scraping space-wolves-grey-slayer-pack
  downloading 71 images...
    saved data/images/space-wolves-grey-slayer-pack/001.jpg
    saved data/images/space-wolves-grey-slayer-pack/002.jpg
    saved data/images/space-wolves-grey-slayer-pack/003.jpg
    saved data/images/space-wolves-grey-slayer-pack/004.jpg
    saved data/images/space-wolves-grey-slayer-pack/005.jpg
    saved data/images/space-wolves-grey-slayer-pack/006.jpg
    saved data/images/space-wolves-grey-slayer-pack/007.jpg
    saved data/images/space-wolves-grey-slayer-pack/008.jpg
    saved data/images/space-wolves-grey-slayer-pack/009.jpg
    saved data/images/space-wolves-grey-slayer-pack/010.jpg
    saved data/images/space-wolves-grey-slayer-pack/011.jpg
    saved data/images/space-wolves-grey-slayer-pack/012.jpg
    saved data/images/space-wolves-grey-slayer-pack/013.jpg
    saved data/images/space-wolves-grey-slayer-pack/014.jpg
    saved data/images/space-wolves-grey-slayer-pack/015.jpg
    saved data/images/space-wolves-grey-slayer-pack/016.jpg
    saved data/images/space-wolves-grey-slayer-pack/017.jpg
    saved data/images/space-wolves-grey-slayer-pack/018.jpg
    saved data/images/space-wolves-grey-slayer-pack/019.jpg
    saved data/images/space-wolves-grey-slayer-pack/020.jpg
    saved data/images/space-wolves-grey-slayer-pack/021.jpg
    saved data/images/space-wolves-grey-slayer-pack/022.jpg
    saved data/images/space-wolves-grey-slayer-pack/023.jpg
    saved data/images/space-wolves-grey-slayer-pack/024.jpg
    saved data/images/space-wolves-grey-slayer-pack/025.jpg
    saved data/images/space-wolves-grey-slayer-pack/026.jpg
    saved data/images/space-wolves-grey-slayer-pack/027.jpg
    saved data/images/space-wolves-grey-slayer-pack/028.jpg
    saved data/images/space-wolves-grey-slayer-pack/029.jpg
    saved data/images/space-wolves-grey-slayer-pack/030.jpg
    saved data/images/space-wolves-grey-slayer-pack/031.jpg
    saved data/images/space-wolves-grey-slayer-pack/032.jpg
    saved data/images/space-wolves-grey-slayer-pack/description/001.jpg
    saved data/images/space-wolves-grey-slayer-pack/description/002.jpg
    saved data/images/space-wolves-grey-slayer-pack/description/003.jpg
    saved data/images/space-wolves-grey-slayer-pack/description/004.jpg
    saved data/images/space-wolves-grey-slayer-pack/description/005.jpg
    saved data/images/space-wolves-grey-slayer-pack/description/006.jpg
    saved data/images/space-wolves-grey-slayer-pack/description/007.jpg
    saved data/images/space-wolves-grey-slayer-pack/description/008.jpg
    saved data/images/space-wolves-grey-slayer-pack/description/009.jpg
    saved data/images/space-wolves-grey-slayer-pack/description/010.jpg
    saved data/images/space-wolves-grey-slayer-pack/description/011.jpg
    saved data/images/space-wolves-grey-slayer-pack/description/012.jpg
    saved data/images/space-wolves-grey-slayer-pack/description/013.jpg
    saved data/images/space-wolves-grey-slayer-pack/description/014.jpg
    saved data/images/space-wolves-grey-slayer-pack/description/015.jpg
    saved data/images/space-wolves-grey-slayer-pack/description/016.jpg
    saved data/images/space-wolves-grey-slayer-pack/description/017.jpg
    saved data/images/space-wolves-grey-slayer-pack/description/018.jpg
    saved data/images/space-wolves-grey-slayer-pack/description/019.jpg
    saved data/images/space-wolves-grey-slayer-pack/description/020.jpg
    saved data/images/space-wolves-grey-slayer-pack/description/021.jpg
    saved data/images/space-wolves-grey-slayer-pack/description/022.jpg
    saved data/images/space-wolves-grey-slayer-pack/description/023.jpg
    saved data/images/space-wolves-grey-slayer-pack/description/024.jpg
    saved data/images/space-wolves-grey-slayer-pack/description/025.jpg
    saved data/images/space-wolves-grey-slayer-pack/description/026.jpg
    saved data/images/space-wolves-grey-slayer-pack/description/027.jpg
    saved data/images/space-wolves-grey-slayer-pack/description/028.jpg
    saved data/images/space-wolves-grey-slayer-pack/description/029.jpg
    saved data/images/space-wolves-grey-slayer-pack/description/030.jpg
    saved data/images/space-wolves-grey-slayer-pack/description/031.jpg
    saved data/images/space-wolves-grey-slayer-pack/description/032.jpg
    saved data/images/space-wolves-grey-slayer-pack/description/033.jpg
    saved data/images/space-wolves-grey-slayer-pack/description/034.jpg
    saved data/images/space-wolves-grey-slayer-pack/description/035.jpg
    saved data/images/space-wolves-grey-slayer-pack/description/036.jpg
    saved data/images/space-wolves-grey-slayer-pack/description/037.jpg
    saved data/images/space-wolves-grey-slayer-pack/description/038.jpg
    saved data/images/space-wolves-grey-slayer-pack/description/039.jpg
[232/541] scraping space-wolves-varagyr-wolf-guard-squad
  downloading 64 images...
    saved data/images/space-wolves-varagyr-wolf-guard-squad/001.jpg
    saved data/images/space-wolves-varagyr-wolf-guard-squad/002.jpg
    saved data/images/space-wolves-varagyr-wolf-guard-squad/003.jpg
    saved data/images/space-wolves-varagyr-wolf-guard-squad/004.jpg
    saved data/images/space-wolves-varagyr-wolf-guard-squad/005.jpg
    saved data/images/space-wolves-varagyr-wolf-guard-squad/006.jpg
    saved data/images/space-wolves-varagyr-wolf-guard-squad/007.jpg
    saved data/images/space-wolves-varagyr-wolf-guard-squad/008.jpg
    saved data/images/space-wolves-varagyr-wolf-guard-squad/009.jpg
    saved data/images/space-wolves-varagyr-wolf-guard-squad/010.jpg
    saved data/images/space-wolves-varagyr-wolf-guard-squad/011.jpg
    saved data/images/space-wolves-varagyr-wolf-guard-squad/012.jpg
    saved data/images/space-wolves-varagyr-wolf-guard-squad/013.jpg
    saved data/images/space-wolves-varagyr-wolf-guard-squad/014.jpg
    saved data/images/space-wolves-varagyr-wolf-guard-squad/015.jpg
    saved data/images/space-wolves-varagyr-wolf-guard-squad/016.jpg
    saved data/images/space-wolves-varagyr-wolf-guard-squad/017.jpg
    saved data/images/space-wolves-varagyr-wolf-guard-squad/018.jpg
    saved data/images/space-wolves-varagyr-wolf-guard-squad/019.jpg
    saved data/images/space-wolves-varagyr-wolf-guard-squad/020.jpg
    saved data/images/space-wolves-varagyr-wolf-guard-squad/021.jpg
    saved data/images/space-wolves-varagyr-wolf-guard-squad/022.jpg
    saved data/images/space-wolves-varagyr-wolf-guard-squad/023.jpg
    saved data/images/space-wolves-varagyr-wolf-guard-squad/024.jpg
    saved data/images/space-wolves-varagyr-wolf-guard-squad/025.jpg
    saved data/images/space-wolves-varagyr-wolf-guard-squad/026.jpg
    saved data/images/space-wolves-varagyr-wolf-guard-squad/027.jpg
    saved data/images/space-wolves-varagyr-wolf-guard-squad/028.jpg
    saved data/images/space-wolves-varagyr-wolf-guard-squad/029.jpg
    saved data/images/space-wolves-varagyr-wolf-guard-squad/030.jpg
    saved data/images/space-wolves-varagyr-wolf-guard-squad/031.jpg
    saved data/images/space-wolves-varagyr-wolf-guard-squad/032.jpg
    saved data/images/space-wolves-varagyr-wolf-guard-squad/description/001.jpg
    saved data/images/space-wolves-varagyr-wolf-guard-squad/description/002.jpg
    saved data/images/space-wolves-varagyr-wolf-guard-squad/description/003.jpg
    saved data/images/space-wolves-varagyr-wolf-guard-squad/description/004.jpg
    saved data/images/space-wolves-varagyr-wolf-guard-squad/description/005.jpg
    saved data/images/space-wolves-varagyr-wolf-guard-squad/description/006.jpg
    saved data/images/space-wolves-varagyr-wolf-guard-squad/description/007.jpg
    saved data/images/space-wolves-varagyr-wolf-guard-squad/description/008.jpg
    saved data/images/space-wolves-varagyr-wolf-guard-squad/description/009.jpg
    saved data/images/space-wolves-varagyr-wolf-guard-squad/description/010.jpg
    saved data/images/space-wolves-varagyr-wolf-guard-squad/description/011.jpg
    saved data/images/space-wolves-varagyr-wolf-guard-squad/description/012.jpg
    saved data/images/space-wolves-varagyr-wolf-guard-squad/description/013.jpg
    saved data/images/space-wolves-varagyr-wolf-guard-squad/description/014.jpg
    saved data/images/space-wolves-varagyr-wolf-guard-squad/description/015.jpg
    saved data/images/space-wolves-varagyr-wolf-guard-squad/description/016.jpg
    saved data/images/space-wolves-varagyr-wolf-guard-squad/description/017.jpg
    saved data/images/space-wolves-varagyr-wolf-guard-squad/description/018.jpg
    saved data/images/space-wolves-varagyr-wolf-guard-squad/description/019.jpg
    saved data/images/space-wolves-varagyr-wolf-guard-squad/description/020.jpg
    saved data/images/space-wolves-varagyr-wolf-guard-squad/description/021.jpg
    saved data/images/space-wolves-varagyr-wolf-guard-squad/description/022.jpg
    saved data/images/space-wolves-varagyr-wolf-guard-squad/description/023.jpg
    saved data/images/space-wolves-varagyr-wolf-guard-squad/description/024.jpg
    saved data/images/space-wolves-varagyr-wolf-guard-squad/description/025.jpg
    saved data/images/space-wolves-varagyr-wolf-guard-squad/description/026.jpg
    saved data/images/space-wolves-varagyr-wolf-guard-squad/description/027.jpg
    saved data/images/space-wolves-varagyr-wolf-guard-squad/description/028.jpg
    saved data/images/space-wolves-varagyr-wolf-guard-squad/description/029.jpg
    saved data/images/space-wolves-varagyr-wolf-guard-squad/description/030.jpg
    saved data/images/space-wolves-varagyr-wolf-guard-squad/description/031.jpg
    saved data/images/space-wolves-varagyr-wolf-guard-squad/description/032.jpg
[233/541] scraping ultramarines-captain-with-jump-pack
  downloading 15 images...
    saved data/images/ultramarines-captain-with-jump-pack/001.jpg
    saved data/images/ultramarines-captain-with-jump-pack/002.jpg
    saved data/images/ultramarines-captain-with-jump-pack/003.jpg
    saved data/images/ultramarines-captain-with-jump-pack/004.jpg
    saved data/images/ultramarines-captain-with-jump-pack/005.jpg
    saved data/images/ultramarines-captain-with-jump-pack/006.jpg
    saved data/images/ultramarines-captain-with-jump-pack/description/001.jpg
    saved data/images/ultramarines-captain-with-jump-pack/description/002.jpg
    saved data/images/ultramarines-captain-with-jump-pack/description/003.jpg
    saved data/images/ultramarines-captain-with-jump-pack/description/004.jpg
    saved data/images/ultramarines-captain-with-jump-pack/description/005.jpg
    saved data/images/ultramarines-captain-with-jump-pack/description/006.jpg
    saved data/images/ultramarines-captain-with-jump-pack/description/007.jpg
    saved data/images/ultramarines-captain-with-jump-pack/description/008.jpg
    saved data/images/ultramarines-captain-with-jump-pack/description/009.jpg
[234/541] scraping ultramarines-primaris-captain-1
  downloading 14 images...
    saved data/images/ultramarines-primaris-captain-1/001.jpg
    saved data/images/ultramarines-primaris-captain-1/002.jpg
    saved data/images/ultramarines-primaris-captain-1/003.jpg
    saved data/images/ultramarines-primaris-captain-1/004.jpg
    saved data/images/ultramarines-primaris-captain-1/005.jpg
    saved data/images/ultramarines-primaris-captain-1/006.jpg
    saved data/images/ultramarines-primaris-captain-1/description/001.jpg
    saved data/images/ultramarines-primaris-captain-1/description/002.jpg
    saved data/images/ultramarines-primaris-captain-1/description/003.jpg
    saved data/images/ultramarines-primaris-captain-1/description/004.jpg
    saved data/images/ultramarines-primaris-captain-1/description/005.jpg
    saved data/images/ultramarines-primaris-captain-1/description/006.jpg
    saved data/images/ultramarines-primaris-captain-1/description/007.jpg
    saved data/images/ultramarines-primaris-captain-1/description/008.jpg
[235/541] scraping ultramarines-terminator-squad
  downloading 41 images...
    saved data/images/ultramarines-terminator-squad/001.jpg
    saved data/images/ultramarines-terminator-squad/002.jpg
    saved data/images/ultramarines-terminator-squad/003.jpg
    saved data/images/ultramarines-terminator-squad/004.jpg
    saved data/images/ultramarines-terminator-squad/005.jpg
    saved data/images/ultramarines-terminator-squad/006.jpg
    saved data/images/ultramarines-terminator-squad/007.jpg
    saved data/images/ultramarines-terminator-squad/008.jpg
    saved data/images/ultramarines-terminator-squad/009.jpg
    saved data/images/ultramarines-terminator-squad/010.jpg
    saved data/images/ultramarines-terminator-squad/011.jpg
    saved data/images/ultramarines-terminator-squad/012.jpg
    saved data/images/ultramarines-terminator-squad/013.jpg
    saved data/images/ultramarines-terminator-squad/014.jpg
    saved data/images/ultramarines-terminator-squad/015.jpg
    saved data/images/ultramarines-terminator-squad/016.jpg
    saved data/images/ultramarines-terminator-squad/017.jpg
    saved data/images/ultramarines-terminator-squad/018.jpg
    saved data/images/ultramarines-terminator-squad/019.jpg
    saved data/images/ultramarines-terminator-squad/020.jpg
    saved data/images/ultramarines-terminator-squad/021.jpg
    saved data/images/ultramarines-terminator-squad/description/001.jpg
    saved data/images/ultramarines-terminator-squad/description/002.jpg
    saved data/images/ultramarines-terminator-squad/description/003.jpg
    saved data/images/ultramarines-terminator-squad/description/004.jpg
    saved data/images/ultramarines-terminator-squad/description/005.jpg
    saved data/images/ultramarines-terminator-squad/description/006.jpg
    saved data/images/ultramarines-terminator-squad/description/007.jpg
    saved data/images/ultramarines-terminator-squad/description/008.jpg
    saved data/images/ultramarines-terminator-squad/description/009.jpg
    saved data/images/ultramarines-terminator-squad/description/010.jpg
    saved data/images/ultramarines-terminator-squad/description/011.jpg
    saved data/images/ultramarines-terminator-squad/description/012.jpg
    saved data/images/ultramarines-terminator-squad/description/013.jpg
    saved data/images/ultramarines-terminator-squad/description/014.jpg
    saved data/images/ultramarines-terminator-squad/description/015.jpg
    saved data/images/ultramarines-terminator-squad/description/016.jpg
    saved data/images/ultramarines-terminator-squad/description/017.jpg
    saved data/images/ultramarines-terminator-squad/description/018.jpg
    saved data/images/ultramarines-terminator-squad/description/019.jpg
    saved data/images/ultramarines-terminator-squad/description/020.jpg
[236/541] scraping tyranids-hive-fleet-leviathan-tyranid-warrior-with-boneswordg
  downloading 13 images...
    saved data/images/tyranids-hive-fleet-leviathan-tyranid-warrior-with-boneswordg/001.jpg
    saved data/images/tyranids-hive-fleet-leviathan-tyranid-warrior-with-boneswordg/002.jpg
    saved data/images/tyranids-hive-fleet-leviathan-tyranid-warrior-with-boneswordg/003.jpg
    saved data/images/tyranids-hive-fleet-leviathan-tyranid-warrior-with-boneswordg/004.jpg
    saved data/images/tyranids-hive-fleet-leviathan-tyranid-warrior-with-boneswordg/005.jpg
    saved data/images/tyranids-hive-fleet-leviathan-tyranid-warrior-with-boneswordg/006.jpg
    saved data/images/tyranids-hive-fleet-leviathan-tyranid-warrior-with-boneswordg/description/001.jpg
    saved data/images/tyranids-hive-fleet-leviathan-tyranid-warrior-with-boneswordg/description/002.jpg
    saved data/images/tyranids-hive-fleet-leviathan-tyranid-warrior-with-boneswordg/description/003.jpg
    saved data/images/tyranids-hive-fleet-leviathan-tyranid-warrior-with-boneswordg/description/004.jpg
    saved data/images/tyranids-hive-fleet-leviathan-tyranid-warrior-with-boneswordg/description/005.jpg
    saved data/images/tyranids-hive-fleet-leviathan-tyranid-warrior-with-boneswordg/description/006.jpg
    saved data/images/tyranids-hive-fleet-leviathan-tyranid-warrior-with-boneswordg/description/007.jpg
[237/541] scraping adepta-sororitas-penitent-engine-with-penitent-flails
  downloading 16 images...
    saved data/images/adepta-sororitas-penitent-engine-with-penitent-flails/001.jpg
    saved data/images/adepta-sororitas-penitent-engine-with-penitent-flails/002.png
    saved data/images/adepta-sororitas-penitent-engine-with-penitent-flails/003.jpg
    saved data/images/adepta-sororitas-penitent-engine-with-penitent-flails/004.jpg
    saved data/images/adepta-sororitas-penitent-engine-with-penitent-flails/005.jpg
    saved data/images/adepta-sororitas-penitent-engine-with-penitent-flails/006.jpg
    saved data/images/adepta-sororitas-penitent-engine-with-penitent-flails/007.jpg
    saved data/images/adepta-sororitas-penitent-engine-with-penitent-flails/008.jpg
    saved data/images/adepta-sororitas-penitent-engine-with-penitent-flails/description/001.jpg
    saved data/images/adepta-sororitas-penitent-engine-with-penitent-flails/description/002.jpg
    saved data/images/adepta-sororitas-penitent-engine-with-penitent-flails/description/003.jpg
    saved data/images/adepta-sororitas-penitent-engine-with-penitent-flails/description/004.jpg
    saved data/images/adepta-sororitas-penitent-engine-with-penitent-flails/description/005.jpg
    saved data/images/adepta-sororitas-penitent-engine-with-penitent-flails/description/006.jpg
    saved data/images/adepta-sororitas-penitent-engine-with-penitent-flails/description/007.jpg
    saved data/images/adepta-sororitas-penitent-engine-with-penitent-flails/description/008.jpg
[238/541] scraping sons-of-horus-tartaros-terminator-squad
  downloading 52 images...
    saved data/images/sons-of-horus-tartaros-terminator-squad/001.jpg
    saved data/images/sons-of-horus-tartaros-terminator-squad/002.jpg
    saved data/images/sons-of-horus-tartaros-terminator-squad/003.jpg
    saved data/images/sons-of-horus-tartaros-terminator-squad/004.jpg
    saved data/images/sons-of-horus-tartaros-terminator-squad/005.jpg
    saved data/images/sons-of-horus-tartaros-terminator-squad/006.jpg
    saved data/images/sons-of-horus-tartaros-terminator-squad/007.jpg
    saved data/images/sons-of-horus-tartaros-terminator-squad/008.jpg
    saved data/images/sons-of-horus-tartaros-terminator-squad/009.jpg
    saved data/images/sons-of-horus-tartaros-terminator-squad/010.jpg
    saved data/images/sons-of-horus-tartaros-terminator-squad/011.jpg
    saved data/images/sons-of-horus-tartaros-terminator-squad/012.jpg
    saved data/images/sons-of-horus-tartaros-terminator-squad/013.jpg
    saved data/images/sons-of-horus-tartaros-terminator-squad/014.jpg
    saved data/images/sons-of-horus-tartaros-terminator-squad/015.jpg
    saved data/images/sons-of-horus-tartaros-terminator-squad/016.jpg
    saved data/images/sons-of-horus-tartaros-terminator-squad/017.jpg
    saved data/images/sons-of-horus-tartaros-terminator-squad/018.jpg
    saved data/images/sons-of-horus-tartaros-terminator-squad/019.jpg
    saved data/images/sons-of-horus-tartaros-terminator-squad/020.jpg
    saved data/images/sons-of-horus-tartaros-terminator-squad/021.jpg
    saved data/images/sons-of-horus-tartaros-terminator-squad/022.jpg
    saved data/images/sons-of-horus-tartaros-terminator-squad/023.jpg
    saved data/images/sons-of-horus-tartaros-terminator-squad/024.jpg
    saved data/images/sons-of-horus-tartaros-terminator-squad/025.jpg
    saved data/images/sons-of-horus-tartaros-terminator-squad/026.jpg
    saved data/images/sons-of-horus-tartaros-terminator-squad/description/001.jpg
    saved data/images/sons-of-horus-tartaros-terminator-squad/description/002.jpg
    saved data/images/sons-of-horus-tartaros-terminator-squad/description/003.jpg
    saved data/images/sons-of-horus-tartaros-terminator-squad/description/004.jpg
    saved data/images/sons-of-horus-tartaros-terminator-squad/description/005.jpg
    saved data/images/sons-of-horus-tartaros-terminator-squad/description/006.jpg
    saved data/images/sons-of-horus-tartaros-terminator-squad/description/007.jpg
    saved data/images/sons-of-horus-tartaros-terminator-squad/description/008.jpg
    saved data/images/sons-of-horus-tartaros-terminator-squad/description/009.jpg
    saved data/images/sons-of-horus-tartaros-terminator-squad/description/010.jpg
    saved data/images/sons-of-horus-tartaros-terminator-squad/description/011.jpg
    saved data/images/sons-of-horus-tartaros-terminator-squad/description/012.jpg
    saved data/images/sons-of-horus-tartaros-terminator-squad/description/013.jpg
    saved data/images/sons-of-horus-tartaros-terminator-squad/description/014.jpg
    saved data/images/sons-of-horus-tartaros-terminator-squad/description/015.jpg
    saved data/images/sons-of-horus-tartaros-terminator-squad/description/016.jpg
    saved data/images/sons-of-horus-tartaros-terminator-squad/description/017.jpg
    saved data/images/sons-of-horus-tartaros-terminator-squad/description/018.jpg
    saved data/images/sons-of-horus-tartaros-terminator-squad/description/019.jpg
    saved data/images/sons-of-horus-tartaros-terminator-squad/description/020.jpg
    saved data/images/sons-of-horus-tartaros-terminator-squad/description/021.jpg
    saved data/images/sons-of-horus-tartaros-terminator-squad/description/022.jpg
    saved data/images/sons-of-horus-tartaros-terminator-squad/description/023.jpg
    saved data/images/sons-of-horus-tartaros-terminator-squad/description/024.jpg
    saved data/images/sons-of-horus-tartaros-terminator-squad/description/025.jpg
    saved data/images/sons-of-horus-tartaros-terminator-squad/description/026.jpg
[239/541] scraping sons-of-horus-legion-praetor-in-cataphractii-terminator-armour
  downloading 16 images...
    saved data/images/sons-of-horus-legion-praetor-in-cataphractii-terminator-armour/001.jpg
    saved data/images/sons-of-horus-legion-praetor-in-cataphractii-terminator-armour/002.jpg
    saved data/images/sons-of-horus-legion-praetor-in-cataphractii-terminator-armour/003.jpg
    saved data/images/sons-of-horus-legion-praetor-in-cataphractii-terminator-armour/004.jpg
    saved data/images/sons-of-horus-legion-praetor-in-cataphractii-terminator-armour/005.jpg
    saved data/images/sons-of-horus-legion-praetor-in-cataphractii-terminator-armour/006.jpg
    failed image https://img.joytoy.com/u_file/2402/29/products/5ead67375b.jpg?x-oss-process=image/quality,q_100: 404 Client Error: Not Found for url: https://img.joytoy.com/u_file/2402/29/products/5ead67375b.jpg?x-oss-process=image/quality,q_100
    saved data/images/sons-of-horus-legion-praetor-in-cataphractii-terminator-armour/description/001.jpg
    saved data/images/sons-of-horus-legion-praetor-in-cataphractii-terminator-armour/description/002.jpg
    saved data/images/sons-of-horus-legion-praetor-in-cataphractii-terminator-armour/description/003.jpg
    saved data/images/sons-of-horus-legion-praetor-in-cataphractii-terminator-armour/description/004.jpg
    saved data/images/sons-of-horus-legion-praetor-in-cataphractii-terminator-armour/description/005.jpg
    saved data/images/sons-of-horus-legion-praetor-in-cataphractii-terminator-armour/description/006.jpg
    saved data/images/sons-of-horus-legion-praetor-in-cataphractii-terminator-armour/description/007.jpg
    saved data/images/sons-of-horus-legion-praetor-in-cataphractii-terminator-armour/description/008.jpg
    saved data/images/sons-of-horus-legion-praetor-in-cataphractii-terminator-armour/description/009.jpg
[240/541] scraping sons-of-horus-mkiv-tactical-squad
  downloading 52 images...
    saved data/images/sons-of-horus-mkiv-tactical-squad/001.jpg
    saved data/images/sons-of-horus-mkiv-tactical-squad/002.jpg
    saved data/images/sons-of-horus-mkiv-tactical-squad/003.jpg
    saved data/images/sons-of-horus-mkiv-tactical-squad/004.jpg
    saved data/images/sons-of-horus-mkiv-tactical-squad/005.jpg
    saved data/images/sons-of-horus-mkiv-tactical-squad/006.jpg
    saved data/images/sons-of-horus-mkiv-tactical-squad/007.jpg
    saved data/images/sons-of-horus-mkiv-tactical-squad/008.jpg
    saved data/images/sons-of-horus-mkiv-tactical-squad/009.jpg
    saved data/images/sons-of-horus-mkiv-tactical-squad/010.jpg
    saved data/images/sons-of-horus-mkiv-tactical-squad/011.jpg
    saved data/images/sons-of-horus-mkiv-tactical-squad/012.jpg
    saved data/images/sons-of-horus-mkiv-tactical-squad/013.jpg
    saved data/images/sons-of-horus-mkiv-tactical-squad/014.jpg
    saved data/images/sons-of-horus-mkiv-tactical-squad/015.jpg
    saved data/images/sons-of-horus-mkiv-tactical-squad/016.jpg
    saved data/images/sons-of-horus-mkiv-tactical-squad/017.jpg
    saved data/images/sons-of-horus-mkiv-tactical-squad/018.jpg
    saved data/images/sons-of-horus-mkiv-tactical-squad/019.jpg
    saved data/images/sons-of-horus-mkiv-tactical-squad/020.jpg
    saved data/images/sons-of-horus-mkiv-tactical-squad/021.jpg
    saved data/images/sons-of-horus-mkiv-tactical-squad/022.jpg
    saved data/images/sons-of-horus-mkiv-tactical-squad/023.jpg
    saved data/images/sons-of-horus-mkiv-tactical-squad/024.jpg
    saved data/images/sons-of-horus-mkiv-tactical-squad/025.jpg
    saved data/images/sons-of-horus-mkiv-tactical-squad/026.jpg
    saved data/images/sons-of-horus-mkiv-tactical-squad/027.jpg
    saved data/images/sons-of-horus-mkiv-tactical-squad/description/001.jpeg
    saved data/images/sons-of-horus-mkiv-tactical-squad/description/002.jpeg
    saved data/images/sons-of-horus-mkiv-tactical-squad/description/003.jpg
    saved data/images/sons-of-horus-mkiv-tactical-squad/description/004.jpg
    saved data/images/sons-of-horus-mkiv-tactical-squad/description/005.jpg
    saved data/images/sons-of-horus-mkiv-tactical-squad/description/006.jpg
    saved data/images/sons-of-horus-mkiv-tactical-squad/description/007.jpg
    saved data/images/sons-of-horus-mkiv-tactical-squad/description/008.jpg
    saved data/images/sons-of-horus-mkiv-tactical-squad/description/009.jpg
    saved data/images/sons-of-horus-mkiv-tactical-squad/description/010.jpg
    saved data/images/sons-of-horus-mkiv-tactical-squad/description/011.jpg
    saved data/images/sons-of-horus-mkiv-tactical-squad/description/012.jpg
    saved data/images/sons-of-horus-mkiv-tactical-squad/description/013.jpg
    saved data/images/sons-of-horus-mkiv-tactical-squad/description/014.jpg
    saved data/images/sons-of-horus-mkiv-tactical-squad/description/015.jpg
    saved data/images/sons-of-horus-mkiv-tactical-squad/description/016.jpg
    saved data/images/sons-of-horus-mkiv-tactical-squad/description/017.jpg
    saved data/images/sons-of-horus-mkiv-tactical-squad/description/018.jpg
    saved data/images/sons-of-horus-mkiv-tactical-squad/description/019.jpg
    saved data/images/sons-of-horus-mkiv-tactical-squad/description/020.jpg
    saved data/images/sons-of-horus-mkiv-tactical-squad/description/021.jpg
    saved data/images/sons-of-horus-mkiv-tactical-squad/description/022.jpg
    saved data/images/sons-of-horus-mkiv-tactical-squad/description/023.jpg
    saved data/images/sons-of-horus-mkiv-tactical-squad/description/024.jpg
    saved data/images/sons-of-horus-mkiv-tactical-squad/description/025.jpg
[241/541] scraping imperial-fists-fafnir-rann
  downloading 15 images...
    saved data/images/imperial-fists-fafnir-rann/001.jpg
    saved data/images/imperial-fists-fafnir-rann/002.jpg
    saved data/images/imperial-fists-fafnir-rann/003.jpg
    saved data/images/imperial-fists-fafnir-rann/004.jpg
    saved data/images/imperial-fists-fafnir-rann/005.jpg
    saved data/images/imperial-fists-fafnir-rann/006.jpg
    saved data/images/imperial-fists-fafnir-rann/description/001.jpg
    saved data/images/imperial-fists-fafnir-rann/description/002.jpg
    saved data/images/imperial-fists-fafnir-rann/description/003.jpg
    saved data/images/imperial-fists-fafnir-rann/description/004.jpg
    saved data/images/imperial-fists-fafnir-rann/description/005.jpg
    saved data/images/imperial-fists-fafnir-rann/description/006.jpg
    saved data/images/imperial-fists-fafnir-rann/description/007.jpg
    saved data/images/imperial-fists-fafnir-rann/description/008.jpg
    saved data/images/imperial-fists-fafnir-rann/description/009.jpg
[242/541] scraping adeptus-mechanicus-kastelan-robot-with-heavy-phosphor-blaster
  downloading 15 images...
    saved data/images/adeptus-mechanicus-kastelan-robot-with-heavy-phosphor-blaster/001.jpg
    saved data/images/adeptus-mechanicus-kastelan-robot-with-heavy-phosphor-blaster/002.jpg
    saved data/images/adeptus-mechanicus-kastelan-robot-with-heavy-phosphor-blaster/003.jpg
    saved data/images/adeptus-mechanicus-kastelan-robot-with-heavy-phosphor-blaster/004.jpg
    saved data/images/adeptus-mechanicus-kastelan-robot-with-heavy-phosphor-blaster/005.jpg
    saved data/images/adeptus-mechanicus-kastelan-robot-with-heavy-phosphor-blaster/006.jpg
    saved data/images/adeptus-mechanicus-kastelan-robot-with-heavy-phosphor-blaster/007.jpg
    saved data/images/adeptus-mechanicus-kastelan-robot-with-heavy-phosphor-blaster/description/001.jpg
    saved data/images/adeptus-mechanicus-kastelan-robot-with-heavy-phosphor-blaster/description/002.jpg
    saved data/images/adeptus-mechanicus-kastelan-robot-with-heavy-phosphor-blaster/description/003.jpg
    saved data/images/adeptus-mechanicus-kastelan-robot-with-heavy-phosphor-blaster/description/004.jpg
    saved data/images/adeptus-mechanicus-kastelan-robot-with-heavy-phosphor-blaster/description/005.jpg
    saved data/images/adeptus-mechanicus-kastelan-robot-with-heavy-phosphor-blaster/description/006.jpg
    saved data/images/adeptus-mechanicus-kastelan-robot-with-heavy-phosphor-blaster/description/007.jpg
    saved data/images/adeptus-mechanicus-kastelan-robot-with-heavy-phosphor-blaster/description/008.jpg
[243/541] scraping adepta-sororitas-penitent-engine
  downloading 14 images...
    saved data/images/adepta-sororitas-penitent-engine/001.jpg
    saved data/images/adepta-sororitas-penitent-engine/002.jpg
    saved data/images/adepta-sororitas-penitent-engine/003.jpg
    saved data/images/adepta-sororitas-penitent-engine/004.jpg
    saved data/images/adepta-sororitas-penitent-engine/005.jpg
    saved data/images/adepta-sororitas-penitent-engine/006.jpg
    saved data/images/adepta-sororitas-penitent-engine/description/001.jpg
    saved data/images/adepta-sororitas-penitent-engine/description/002.jpg
    saved data/images/adepta-sororitas-penitent-engine/description/003.jpg
    saved data/images/adepta-sororitas-penitent-engine/description/004.jpg
    saved data/images/adepta-sororitas-penitent-engine/description/005.jpg
    saved data/images/adepta-sororitas-penitent-engine/description/006.jpg
    saved data/images/adepta-sororitas-penitent-engine/description/007.jpg
    saved data/images/adepta-sororitas-penitent-engine/description/008.jpg
[244/541] scraping adepta-sororitas-abbess-sanctorum-morvenn-vahl
  downloading 17 images...
    saved data/images/adepta-sororitas-abbess-sanctorum-morvenn-vahl/001.jpg
    saved data/images/adepta-sororitas-abbess-sanctorum-morvenn-vahl/002.jpg
    saved data/images/adepta-sororitas-abbess-sanctorum-morvenn-vahl/003.jpg
    saved data/images/adepta-sororitas-abbess-sanctorum-morvenn-vahl/004.jpg
    saved data/images/adepta-sororitas-abbess-sanctorum-morvenn-vahl/005.jpg
    saved data/images/adepta-sororitas-abbess-sanctorum-morvenn-vahl/006.jpg
    saved data/images/adepta-sororitas-abbess-sanctorum-morvenn-vahl/description/001.jpg
    saved data/images/adepta-sororitas-abbess-sanctorum-morvenn-vahl/description/002.jpg
    saved data/images/adepta-sororitas-abbess-sanctorum-morvenn-vahl/description/003.jpg
    saved data/images/adepta-sororitas-abbess-sanctorum-morvenn-vahl/description/004.jpg
    saved data/images/adepta-sororitas-abbess-sanctorum-morvenn-vahl/description/005.jpg
    saved data/images/adepta-sororitas-abbess-sanctorum-morvenn-vahl/description/006.jpg
    saved data/images/adepta-sororitas-abbess-sanctorum-morvenn-vahl/description/007.jpg
    saved data/images/adepta-sororitas-abbess-sanctorum-morvenn-vahl/description/008.jpg
    saved data/images/adepta-sororitas-abbess-sanctorum-morvenn-vahl/description/009.jpg
    saved data/images/adepta-sororitas-abbess-sanctorum-morvenn-vahl/description/010.jpg
    saved data/images/adepta-sororitas-abbess-sanctorum-morvenn-vahl/description/011.jpg
[245/541] scraping ultramarines-desolation-sergeant-with-vengor-launcher
  downloading 44 images...
    saved data/images/ultramarines-desolation-sergeant-with-vengor-launcher/001.jpg
    saved data/images/ultramarines-desolation-sergeant-with-vengor-launcher/002.jpg
    saved data/images/ultramarines-desolation-sergeant-with-vengor-launcher/003.jpg
    saved data/images/ultramarines-desolation-sergeant-with-vengor-launcher/004.jpg
    saved data/images/ultramarines-desolation-sergeant-with-vengor-launcher/005.jpg
    saved data/images/ultramarines-desolation-sergeant-with-vengor-launcher/006.jpg
    saved data/images/ultramarines-desolation-sergeant-with-vengor-launcher/007.jpg
    saved data/images/ultramarines-desolation-sergeant-with-vengor-launcher/008.jpg
    saved data/images/ultramarines-desolation-sergeant-with-vengor-launcher/009.jpg
    saved data/images/ultramarines-desolation-sergeant-with-vengor-launcher/010.jpg
    saved data/images/ultramarines-desolation-sergeant-with-vengor-launcher/011.jpg
    saved data/images/ultramarines-desolation-sergeant-with-vengor-launcher/012.jpg
    saved data/images/ultramarines-desolation-sergeant-with-vengor-launcher/013.jpg
    saved data/images/ultramarines-desolation-sergeant-with-vengor-launcher/014.jpg
    saved data/images/ultramarines-desolation-sergeant-with-vengor-launcher/015.jpg
    saved data/images/ultramarines-desolation-sergeant-with-vengor-launcher/016.jpg
    saved data/images/ultramarines-desolation-sergeant-with-vengor-launcher/017.jpg
    saved data/images/ultramarines-desolation-sergeant-with-vengor-launcher/018.jpg
    saved data/images/ultramarines-desolation-sergeant-with-vengor-launcher/019.jpg
    saved data/images/ultramarines-desolation-sergeant-with-vengor-launcher/020.jpg
    saved data/images/ultramarines-desolation-sergeant-with-vengor-launcher/021.jpg
    saved data/images/ultramarines-desolation-sergeant-with-vengor-launcher/description/001.jpg
    saved data/images/ultramarines-desolation-sergeant-with-vengor-launcher/description/002.jpg
    saved data/images/ultramarines-desolation-sergeant-with-vengor-launcher/description/003.jpg
    saved data/images/ultramarines-desolation-sergeant-with-vengor-launcher/description/004.jpg
    saved data/images/ultramarines-desolation-sergeant-with-vengor-launcher/description/005.jpg
    saved data/images/ultramarines-desolation-sergeant-with-vengor-launcher/description/006.jpg
    saved data/images/ultramarines-desolation-sergeant-with-vengor-launcher/description/007.jpg
    saved data/images/ultramarines-desolation-sergeant-with-vengor-launcher/description/008.jpg
    saved data/images/ultramarines-desolation-sergeant-with-vengor-launcher/description/009.jpg
    saved data/images/ultramarines-desolation-sergeant-with-vengor-launcher/description/010.jpg
    saved data/images/ultramarines-desolation-sergeant-with-vengor-launcher/description/011.jpg
    saved data/images/ultramarines-desolation-sergeant-with-vengor-launcher/description/012.jpg
    saved data/images/ultramarines-desolation-sergeant-with-vengor-launcher/description/013.jpg
    saved data/images/ultramarines-desolation-sergeant-with-vengor-launcher/description/014.jpg
    saved data/images/ultramarines-desolation-sergeant-with-vengor-launcher/description/015.jpg
    saved data/images/ultramarines-desolation-sergeant-with-vengor-launcher/description/016.jpg
    saved data/images/ultramarines-desolation-sergeant-with-vengor-launcher/description/017.jpg
    saved data/images/ultramarines-desolation-sergeant-with-vengor-launcher/description/018.jpg
    saved data/images/ultramarines-desolation-sergeant-with-vengor-launcher/description/019.jpg
    saved data/images/ultramarines-desolation-sergeant-with-vengor-launcher/description/020.jpg
    saved data/images/ultramarines-desolation-sergeant-with-vengor-launcher/description/021.jpg
    saved data/images/ultramarines-desolation-sergeant-with-vengor-launcher/description/022.jpg
    saved data/images/ultramarines-desolation-sergeant-with-vengor-launcher/description/023.jpg
[246/541] scraping astra-militarum-ordnance-team-with-malleus-rocket-launcher
  downloading 25 images...
    saved data/images/astra-militarum-ordnance-team-with-malleus-rocket-launcher/001.jpg
    saved data/images/astra-militarum-ordnance-team-with-malleus-rocket-launcher/002.jpg
    saved data/images/astra-militarum-ordnance-team-with-malleus-rocket-launcher/003.jpg
    saved data/images/astra-militarum-ordnance-team-with-malleus-rocket-launcher/004.jpg
    saved data/images/astra-militarum-ordnance-team-with-malleus-rocket-launcher/005.jpg
    saved data/images/astra-militarum-ordnance-team-with-malleus-rocket-launcher/description/001.jpg
    saved data/images/astra-militarum-ordnance-team-with-malleus-rocket-launcher/description/002.jpg
    saved data/images/astra-militarum-ordnance-team-with-malleus-rocket-launcher/description/003.jpg
    saved data/images/astra-militarum-ordnance-team-with-malleus-rocket-launcher/description/004.jpg
    saved data/images/astra-militarum-ordnance-team-with-malleus-rocket-launcher/description/005.jpg
    saved data/images/astra-militarum-ordnance-team-with-malleus-rocket-launcher/description/006.jpg
    saved data/images/astra-militarum-ordnance-team-with-malleus-rocket-launcher/description/007.jpg
    saved data/images/astra-militarum-ordnance-team-with-malleus-rocket-launcher/description/008.jpg
    saved data/images/astra-militarum-ordnance-team-with-malleus-rocket-launcher/description/009.jpg
    saved data/images/astra-militarum-ordnance-team-with-malleus-rocket-launcher/description/010.jpg
    saved data/images/astra-militarum-ordnance-team-with-malleus-rocket-launcher/description/011.jpg
    saved data/images/astra-militarum-ordnance-team-with-malleus-rocket-launcher/description/012.jpg
    saved data/images/astra-militarum-ordnance-team-with-malleus-rocket-launcher/description/013.jpg
    saved data/images/astra-militarum-ordnance-team-with-malleus-rocket-launcher/description/014.jpg
    saved data/images/astra-militarum-ordnance-team-with-malleus-rocket-launcher/description/015.jpg
    saved data/images/astra-militarum-ordnance-team-with-malleus-rocket-launcher/description/016.jpg
    saved data/images/astra-militarum-ordnance-team-with-malleus-rocket-launcher/description/017.jpg
    saved data/images/astra-militarum-ordnance-team-with-malleus-rocket-launcher/description/018.jpg
    saved data/images/astra-militarum-ordnance-team-with-malleus-rocket-launcher/description/019.jpg
    saved data/images/astra-militarum-ordnance-team-with-malleus-rocket-launcher/description/020.jpg
[247/541] scraping astra-militarum-ordnance-team-with-bombast-field-gun
  downloading 23 images...
    saved data/images/astra-militarum-ordnance-team-with-bombast-field-gun/001.jpg
    saved data/images/astra-militarum-ordnance-team-with-bombast-field-gun/002.jpg
    saved data/images/astra-militarum-ordnance-team-with-bombast-field-gun/003.jpg
    saved data/images/astra-militarum-ordnance-team-with-bombast-field-gun/004.jpg
    saved data/images/astra-militarum-ordnance-team-with-bombast-field-gun/005.jpg
    saved data/images/astra-militarum-ordnance-team-with-bombast-field-gun/description/001.jpg
    saved data/images/astra-militarum-ordnance-team-with-bombast-field-gun/description/002.jpg
    saved data/images/astra-militarum-ordnance-team-with-bombast-field-gun/description/003.jpg
    saved data/images/astra-militarum-ordnance-team-with-bombast-field-gun/description/004.jpg
    saved data/images/astra-militarum-ordnance-team-with-bombast-field-gun/description/005.jpg
    saved data/images/astra-militarum-ordnance-team-with-bombast-field-gun/description/006.jpg
    saved data/images/astra-militarum-ordnance-team-with-bombast-field-gun/description/007.jpg
    saved data/images/astra-militarum-ordnance-team-with-bombast-field-gun/description/008.jpg
    saved data/images/astra-militarum-ordnance-team-with-bombast-field-gun/description/009.jpg
    saved data/images/astra-militarum-ordnance-team-with-bombast-field-gun/description/010.jpg
    saved data/images/astra-militarum-ordnance-team-with-bombast-field-gun/description/011.jpg
    saved data/images/astra-militarum-ordnance-team-with-bombast-field-gun/description/012.jpg
    saved data/images/astra-militarum-ordnance-team-with-bombast-field-gun/description/013.jpg
    saved data/images/astra-militarum-ordnance-team-with-bombast-field-gun/description/014.jpg
    saved data/images/astra-militarum-ordnance-team-with-bombast-field-gun/description/015.jpg
    saved data/images/astra-militarum-ordnance-team-with-bombast-field-gun/description/016.jpg
    saved data/images/astra-militarum-ordnance-team-with-bombast-field-gun/description/017.jpg
    saved data/images/astra-militarum-ordnance-team-with-bombast-field-gun/description/018.jpg
[248/541] scraping black-templarsthe-emperors-champion-rolantus
  downloading 15 images...
    saved data/images/black-templarsthe-emperors-champion-rolantus/001.jpg
    saved data/images/black-templarsthe-emperors-champion-rolantus/002.jpg
    saved data/images/black-templarsthe-emperors-champion-rolantus/003.jpg
    saved data/images/black-templarsthe-emperors-champion-rolantus/004.jpg
    saved data/images/black-templarsthe-emperors-champion-rolantus/005.jpg
    saved data/images/black-templarsthe-emperors-champion-rolantus/006.jpg
    saved data/images/black-templarsthe-emperors-champion-rolantus/description/001.jpg
    saved data/images/black-templarsthe-emperors-champion-rolantus/description/002.jpg
    saved data/images/black-templarsthe-emperors-champion-rolantus/description/003.jpg
    saved data/images/black-templarsthe-emperors-champion-rolantus/description/004.jpg
    saved data/images/black-templarsthe-emperors-champion-rolantus/description/005.jpg
    saved data/images/black-templarsthe-emperors-champion-rolantus/description/006.jpg
    saved data/images/black-templarsthe-emperors-champion-rolantus/description/007.jpg
    saved data/images/black-templarsthe-emperors-champion-rolantus/description/008.jpg
    saved data/images/black-templarsthe-emperors-champion-rolantus/description/009.jpg
[249/541] scraping astra-militarum-cadian-command-squad-veteran-with-master-vox
  downloading 14 images...
    saved data/images/astra-militarum-cadian-command-squad-veteran-with-master-vox/001.jpg
    saved data/images/astra-militarum-cadian-command-squad-veteran-with-master-vox/002.jpg
    saved data/images/astra-militarum-cadian-command-squad-veteran-with-master-vox/003.jpg
    saved data/images/astra-militarum-cadian-command-squad-veteran-with-master-vox/004.jpg
    saved data/images/astra-militarum-cadian-command-squad-veteran-with-master-vox/005.jpg
    saved data/images/astra-militarum-cadian-command-squad-veteran-with-master-vox/006.jpg
    saved data/images/astra-militarum-cadian-command-squad-veteran-with-master-vox/007.jpg
    saved data/images/astra-militarum-cadian-command-squad-veteran-with-master-vox/008.jpg
    saved data/images/astra-militarum-cadian-command-squad-veteran-with-master-vox/description/001.jpg
    saved data/images/astra-militarum-cadian-command-squad-veteran-with-master-vox/description/002.jpg
    saved data/images/astra-militarum-cadian-command-squad-veteran-with-master-vox/description/003.jpg
    saved data/images/astra-militarum-cadian-command-squad-veteran-with-master-vox/description/004.jpg
    saved data/images/astra-militarum-cadian-command-squad-veteran-with-master-vox/description/005.jpg
    saved data/images/astra-militarum-cadian-command-squad-veteran-with-master-vox/description/006.jpg
[250/541] scraping ultramarines-captain-in-gravis-armour
  downloading 17 images...
    saved data/images/ultramarines-captain-in-gravis-armour/001.jpg
    saved data/images/ultramarines-captain-in-gravis-armour/002.jpg
    saved data/images/ultramarines-captain-in-gravis-armour/003.jpg
    saved data/images/ultramarines-captain-in-gravis-armour/004.jpg
    saved data/images/ultramarines-captain-in-gravis-armour/005.jpg
    saved data/images/ultramarines-captain-in-gravis-armour/006.jpg
    saved data/images/ultramarines-captain-in-gravis-armour/007.png
    saved data/images/ultramarines-captain-in-gravis-armour/description/001.jpg
    saved data/images/ultramarines-captain-in-gravis-armour/description/002.jpg
    saved data/images/ultramarines-captain-in-gravis-armour/description/003.jpg
    saved data/images/ultramarines-captain-in-gravis-armour/description/004.jpg
    saved data/images/ultramarines-captain-in-gravis-armour/description/005.jpg
    saved data/images/ultramarines-captain-in-gravis-armour/description/006.jpg
    saved data/images/ultramarines-captain-in-gravis-armour/description/007.jpg
    saved data/images/ultramarines-captain-in-gravis-armour/description/008.jpg
    saved data/images/ultramarines-captain-in-gravis-armour/description/009.jpg
    saved data/images/ultramarines-captain-in-gravis-armour/description/010.jpg
[251/541] scraping adeptus-mechanicus-kastelan-robot-with-incendine-combustor
  downloading 15 images...
    saved data/images/adeptus-mechanicus-kastelan-robot-with-incendine-combustor/001.jpg
    saved data/images/adeptus-mechanicus-kastelan-robot-with-incendine-combustor/002.jpg
    saved data/images/adeptus-mechanicus-kastelan-robot-with-incendine-combustor/003.jpg
    saved data/images/adeptus-mechanicus-kastelan-robot-with-incendine-combustor/004.jpg
    saved data/images/adeptus-mechanicus-kastelan-robot-with-incendine-combustor/005.jpg
    saved data/images/adeptus-mechanicus-kastelan-robot-with-incendine-combustor/006.jpg
    saved data/images/adeptus-mechanicus-kastelan-robot-with-incendine-combustor/007.png
    saved data/images/adeptus-mechanicus-kastelan-robot-with-incendine-combustor/description/001.jpg
    saved data/images/adeptus-mechanicus-kastelan-robot-with-incendine-combustor/description/002.jpg
    saved data/images/adeptus-mechanicus-kastelan-robot-with-incendine-combustor/description/003.jpg
    saved data/images/adeptus-mechanicus-kastelan-robot-with-incendine-combustor/description/004.jpg
    saved data/images/adeptus-mechanicus-kastelan-robot-with-incendine-combustor/description/005.jpg
    saved data/images/adeptus-mechanicus-kastelan-robot-with-incendine-combustor/description/006.jpg
    saved data/images/adeptus-mechanicus-kastelan-robot-with-incendine-combustor/description/007.jpg
    saved data/images/adeptus-mechanicus-kastelan-robot-with-incendine-combustor/description/008.jpg
[252/541] scraping dark-angels-master-with-power-fist
  downloading 14 images...
    saved data/images/dark-angels-master-with-power-fist/001.jpg
    saved data/images/dark-angels-master-with-power-fist/002.jpg
    saved data/images/dark-angels-master-with-power-fist/003.jpg
    saved data/images/dark-angels-master-with-power-fist/004.jpg
    saved data/images/dark-angels-master-with-power-fist/005.jpg
    saved data/images/dark-angels-master-with-power-fist/006.jpg
    saved data/images/dark-angels-master-with-power-fist/description/001.jpg
    saved data/images/dark-angels-master-with-power-fist/description/002.jpg
    saved data/images/dark-angels-master-with-power-fist/description/003.jpg
    saved data/images/dark-angels-master-with-power-fist/description/004.jpg
    saved data/images/dark-angels-master-with-power-fist/description/005.jpg
    saved data/images/dark-angels-master-with-power-fist/description/006.jpg
    saved data/images/dark-angels-master-with-power-fist/description/007.jpg
    saved data/images/dark-angels-master-with-power-fist/description/008.jpg
[253/541] scraping dark-angels-master-lazarus
  downloading 15 images...
    saved data/images/dark-angels-master-lazarus/001.jpg
    saved data/images/dark-angels-master-lazarus/002.jpg
    saved data/images/dark-angels-master-lazarus/003.jpg
    saved data/images/dark-angels-master-lazarus/004.jpg
    saved data/images/dark-angels-master-lazarus/005.jpg
    saved data/images/dark-angels-master-lazarus/006.jpg
    saved data/images/dark-angels-master-lazarus/description/001.jpg
    saved data/images/dark-angels-master-lazarus/description/002.jpg
    saved data/images/dark-angels-master-lazarus/description/003.jpg
    saved data/images/dark-angels-master-lazarus/description/004.jpg
    saved data/images/dark-angels-master-lazarus/description/005.jpg
    saved data/images/dark-angels-master-lazarus/description/006.jpg
    saved data/images/dark-angels-master-lazarus/description/007.jpg
    saved data/images/dark-angels-master-lazarus/description/008.jpg
    saved data/images/dark-angels-master-lazarus/description/009.jpg
[254/541] scraping grey-knights-nemesis-dreadknight-including-action-figures
  downloading 26 images...
    saved data/images/grey-knights-nemesis-dreadknight-including-action-figures/001.jpg
    saved data/images/grey-knights-nemesis-dreadknight-including-action-figures/002.jpeg
    saved data/images/grey-knights-nemesis-dreadknight-including-action-figures/003.jpeg
    saved data/images/grey-knights-nemesis-dreadknight-including-action-figures/004.jpeg
    saved data/images/grey-knights-nemesis-dreadknight-including-action-figures/005.jpeg
    saved data/images/grey-knights-nemesis-dreadknight-including-action-figures/006.jpeg
    saved data/images/grey-knights-nemesis-dreadknight-including-action-figures/007.jpeg
    saved data/images/grey-knights-nemesis-dreadknight-including-action-figures/008.jpeg
    saved data/images/grey-knights-nemesis-dreadknight-including-action-figures/009.png
    saved data/images/grey-knights-nemesis-dreadknight-including-action-figures/description/001.jpg
    saved data/images/grey-knights-nemesis-dreadknight-including-action-figures/description/002.jpg
    saved data/images/grey-knights-nemesis-dreadknight-including-action-figures/description/003.jpg
    saved data/images/grey-knights-nemesis-dreadknight-including-action-figures/description/004.jpg
    saved data/images/grey-knights-nemesis-dreadknight-including-action-figures/description/005.jpg
    saved data/images/grey-knights-nemesis-dreadknight-including-action-figures/description/006.jpg
    saved data/images/grey-knights-nemesis-dreadknight-including-action-figures/description/007.jpg
    saved data/images/grey-knights-nemesis-dreadknight-including-action-figures/description/008.jpg
    saved data/images/grey-knights-nemesis-dreadknight-including-action-figures/description/009.jpg
    saved data/images/grey-knights-nemesis-dreadknight-including-action-figures/description/010.jpg
    saved data/images/grey-knights-nemesis-dreadknight-including-action-figures/description/011.jpg
    saved data/images/grey-knights-nemesis-dreadknight-including-action-figures/description/012.jpg
    saved data/images/grey-knights-nemesis-dreadknight-including-action-figures/description/013.jpg
    saved data/images/grey-knights-nemesis-dreadknight-including-action-figures/description/014.jpg
    saved data/images/grey-knights-nemesis-dreadknight-including-action-figures/description/015.jpg
    saved data/images/grey-knights-nemesis-dreadknight-including-action-figures/description/016.jpg
    saved data/images/grey-knights-nemesis-dreadknight-including-action-figures/description/017.jpg
[255/541] scraping black-templars-emperors-champion-bayards-revenge
  downloading 16 images...
    saved data/images/black-templars-emperors-champion-bayards-revenge/001.jpg
    saved data/images/black-templars-emperors-champion-bayards-revenge/002.jpg
    saved data/images/black-templars-emperors-champion-bayards-revenge/003.jpg
    saved data/images/black-templars-emperors-champion-bayards-revenge/004.jpg
    saved data/images/black-templars-emperors-champion-bayards-revenge/005.jpg
    saved data/images/black-templars-emperors-champion-bayards-revenge/006.jpg
    saved data/images/black-templars-emperors-champion-bayards-revenge/007.png
    saved data/images/black-templars-emperors-champion-bayards-revenge/description/001.jpg
    saved data/images/black-templars-emperors-champion-bayards-revenge/description/002.jpg
    saved data/images/black-templars-emperors-champion-bayards-revenge/description/003.jpg
    saved data/images/black-templars-emperors-champion-bayards-revenge/description/004.jpg
    saved data/images/black-templars-emperors-champion-bayards-revenge/description/005.jpg
    saved data/images/black-templars-emperors-champion-bayards-revenge/description/006.jpg
    saved data/images/black-templars-emperors-champion-bayards-revenge/description/007.jpg
    saved data/images/black-templars-emperors-champion-bayards-revenge/description/008.jpg
    saved data/images/black-templars-emperors-champion-bayards-revenge/description/009.jpg
[256/541] scraping blood-angels-assault-terminators-brother-nassio
  downloading 12 images...
    saved data/images/blood-angels-assault-terminators-brother-nassio/001.jpg
    saved data/images/blood-angels-assault-terminators-brother-nassio/002.jpg
    saved data/images/blood-angels-assault-terminators-brother-nassio/003.jpg
    saved data/images/blood-angels-assault-terminators-brother-nassio/004.jpg
    saved data/images/blood-angels-assault-terminators-brother-nassio/005.jpg
    saved data/images/blood-angels-assault-terminators-brother-nassio/006.jpg
    saved data/images/blood-angels-assault-terminators-brother-nassio/007.png
    saved data/images/blood-angels-assault-terminators-brother-nassio/description/001.jpg
    saved data/images/blood-angels-assault-terminators-brother-nassio/description/002.jpg
    saved data/images/blood-angels-assault-terminators-brother-nassio/description/003.jpg
    saved data/images/blood-angels-assault-terminators-brother-nassio/description/004.jpg
    saved data/images/blood-angels-assault-terminators-brother-nassio/description/005.jpg
[257/541] scraping blood-angels-assault-terminators-sergeant-santoro
  downloading 12 images...
    saved data/images/blood-angels-assault-terminators-sergeant-santoro/001.jpg
    saved data/images/blood-angels-assault-terminators-sergeant-santoro/002.jpg
    saved data/images/blood-angels-assault-terminators-sergeant-santoro/003.jpg
    saved data/images/blood-angels-assault-terminators-sergeant-santoro/004.jpg
    saved data/images/blood-angels-assault-terminators-sergeant-santoro/005.jpg
    saved data/images/blood-angels-assault-terminators-sergeant-santoro/006.jpg
    saved data/images/blood-angels-assault-terminators-sergeant-santoro/007.png
    saved data/images/blood-angels-assault-terminators-sergeant-santoro/description/001.jpg
    saved data/images/blood-angels-assault-terminators-sergeant-santoro/description/002.jpg
    saved data/images/blood-angels-assault-terminators-sergeant-santoro/description/003.jpg
    saved data/images/blood-angels-assault-terminators-sergeant-santoro/description/004.jpg
    saved data/images/blood-angels-assault-terminators-sergeant-santoro/description/005.jpg
[258/541] scraping space-marines-white-consuls-intercessors-1
  downloading 14 images...
    saved data/images/space-marines-white-consuls-intercessors-1/001.jpg
    saved data/images/space-marines-white-consuls-intercessors-1/002.jpg
    saved data/images/space-marines-white-consuls-intercessors-1/003.jpg
    saved data/images/space-marines-white-consuls-intercessors-1/004.jpg
    saved data/images/space-marines-white-consuls-intercessors-1/005.jpg
    saved data/images/space-marines-white-consuls-intercessors-1/006.jpg
    failed image https://img.joytoy.com/u_file/2507/18/photo/2.jpg?x-oss-process=image/quality,q_100: 404 Client Error: Not Found for url: https://img.joytoy.com/u_file/2507/18/photo/2.jpg?x-oss-process=image/quality,q_100
    failed image https://img.joytoy.com/u_file/2507/18/photo/3.jpg?x-oss-process=image/quality,q_100: 404 Client Error: Not Found for url: https://img.joytoy.com/u_file/2507/18/photo/3.jpg?x-oss-process=image/quality,q_100
    failed image https://img.joytoy.com/u_file/2507/18/photo/4.jpg?x-oss-process=image/quality,q_100: 404 Client Error: Not Found for url: https://img.joytoy.com/u_file/2507/18/photo/4.jpg?x-oss-process=image/quality,q_100
    failed image https://img.joytoy.com/u_file/2507/18/photo/5.jpg?x-oss-process=image/quality,q_100: 404 Client Error: Not Found for url: https://img.joytoy.com/u_file/2507/18/photo/5.jpg?x-oss-process=image/quality,q_100
    failed image https://img.joytoy.com/u_file/2507/18/photo/6.jpg?x-oss-process=image/quality,q_100: 404 Client Error: Not Found for url: https://img.joytoy.com/u_file/2507/18/photo/6.jpg?x-oss-process=image/quality,q_100
    failed image https://img.joytoy.com/u_file/2507/18/photo/7.jpg?x-oss-process=image/quality,q_100: 404 Client Error: Not Found for url: https://img.joytoy.com/u_file/2507/18/photo/7.jpg?x-oss-process=image/quality,q_100
    failed image https://img.joytoy.com/u_file/2507/18/photo/8.jpg?x-oss-process=image/quality,q_100: 404 Client Error: Not Found for url: https://img.joytoy.com/u_file/2507/18/photo/8.jpg?x-oss-process=image/quality,q_100
    failed image https://img.joytoy.com/u_file/2507/18/photo/9.jpg?x-oss-process=image/quality,q_100: 404 Client Error: Not Found for url: https://img.joytoy.com/u_file/2507/18/photo/9.jpg?x-oss-process=image/quality,q_100
[259/541] scraping space-wolves-ragnar-blackmane
  downloading 12 images...
    saved data/images/space-wolves-ragnar-blackmane/001.png
    saved data/images/space-wolves-ragnar-blackmane/002.jpg
    saved data/images/space-wolves-ragnar-blackmane/003.jpg
    saved data/images/space-wolves-ragnar-blackmane/004.jpg
    saved data/images/space-wolves-ragnar-blackmane/description/001.jpg
    saved data/images/space-wolves-ragnar-blackmane/description/002.jpg
    saved data/images/space-wolves-ragnar-blackmane/description/003.jpg
    saved data/images/space-wolves-ragnar-blackmane/description/004.jpg
    saved data/images/space-wolves-ragnar-blackmane/description/005.jpg
    saved data/images/space-wolves-ragnar-blackmane/description/006.jpg
    saved data/images/space-wolves-ragnar-blackmane/description/007.jpg
    saved data/images/space-wolves-ragnar-blackmane/description/008.jpg
[260/541] scraping ultramarines-primaris-techmarine-brother-tybestis
  downloading 16 images...
    saved data/images/ultramarines-primaris-techmarine-brother-tybestis/001.jpg
    saved data/images/ultramarines-primaris-techmarine-brother-tybestis/002.jpg
    saved data/images/ultramarines-primaris-techmarine-brother-tybestis/003.jpg
    saved data/images/ultramarines-primaris-techmarine-brother-tybestis/004.jpg
    saved data/images/ultramarines-primaris-techmarine-brother-tybestis/005.jpg
    saved data/images/ultramarines-primaris-techmarine-brother-tybestis/006.png
    saved data/images/ultramarines-primaris-techmarine-brother-tybestis/description/001.jpg
    saved data/images/ultramarines-primaris-techmarine-brother-tybestis/description/002.jpg
    saved data/images/ultramarines-primaris-techmarine-brother-tybestis/description/003.jpg
    saved data/images/ultramarines-primaris-techmarine-brother-tybestis/description/004.jpg
    saved data/images/ultramarines-primaris-techmarine-brother-tybestis/description/005.jpg
    saved data/images/ultramarines-primaris-techmarine-brother-tybestis/description/006.jpg
    saved data/images/ultramarines-primaris-techmarine-brother-tybestis/description/007.jpg
    saved data/images/ultramarines-primaris-techmarine-brother-tybestis/description/008.jpg
    saved data/images/ultramarines-primaris-techmarine-brother-tybestis/description/009.jpg
    saved data/images/ultramarines-primaris-techmarine-brother-tybestis/description/010.jpg
[261/541] scraping ultramarines-primaris-lieutenant-argaranthe
  downloading 15 images...
    saved data/images/ultramarines-primaris-lieutenant-argaranthe/001.jpg
    saved data/images/ultramarines-primaris-lieutenant-argaranthe/002.jpg
    saved data/images/ultramarines-primaris-lieutenant-argaranthe/003.jpg
    saved data/images/ultramarines-primaris-lieutenant-argaranthe/004.jpg
    saved data/images/ultramarines-primaris-lieutenant-argaranthe/005.jpg
    saved data/images/ultramarines-primaris-lieutenant-argaranthe/006.jpg
    saved data/images/ultramarines-primaris-lieutenant-argaranthe/description/001.jpg
    saved data/images/ultramarines-primaris-lieutenant-argaranthe/description/002.jpg
    saved data/images/ultramarines-primaris-lieutenant-argaranthe/description/003.jpg
    saved data/images/ultramarines-primaris-lieutenant-argaranthe/description/004.jpg
    saved data/images/ultramarines-primaris-lieutenant-argaranthe/description/005.jpg
    saved data/images/ultramarines-primaris-lieutenant-argaranthe/description/006.jpg
    saved data/images/ultramarines-primaris-lieutenant-argaranthe/description/007.jpg
    saved data/images/ultramarines-primaris-lieutenant-argaranthe/description/008.jpg
    saved data/images/ultramarines-primaris-lieutenant-argaranthe/description/009.jpg
[262/541] scraping tau-empire-commander-shadowsun
  downloading 12 images...
    saved data/images/tau-empire-commander-shadowsun/001.jpg
    saved data/images/tau-empire-commander-shadowsun/002.jpg
    saved data/images/tau-empire-commander-shadowsun/003.jpg
    saved data/images/tau-empire-commander-shadowsun/004.jpg
    saved data/images/tau-empire-commander-shadowsun/005.jpg
    saved data/images/tau-empire-commander-shadowsun/006.jpg
    saved data/images/tau-empire-commander-shadowsun/description/001.jpg
    saved data/images/tau-empire-commander-shadowsun/description/002.jpg
    saved data/images/tau-empire-commander-shadowsun/description/003.jpg
    saved data/images/tau-empire-commander-shadowsun/description/004.jpg
    saved data/images/tau-empire-commander-shadowsun/description/005.jpg
    saved data/images/tau-empire-commander-shadowsun/description/006.jpg
[263/541] scraping raven-guard-intercessors-sergeant-rychas
  downloading 14 images...
    saved data/images/raven-guard-intercessors-sergeant-rychas/001.jpg
    saved data/images/raven-guard-intercessors-sergeant-rychas/002.jpg
    saved data/images/raven-guard-intercessors-sergeant-rychas/003.jpg
    saved data/images/raven-guard-intercessors-sergeant-rychas/004.jpg
    saved data/images/raven-guard-intercessors-sergeant-rychas/005.jpg
    saved data/images/raven-guard-intercessors-sergeant-rychas/006.png
    saved data/images/raven-guard-intercessors-sergeant-rychas/description/001.jpg
    saved data/images/raven-guard-intercessors-sergeant-rychas/description/002.jpg
    saved data/images/raven-guard-intercessors-sergeant-rychas/description/003.jpg
    saved data/images/raven-guard-intercessors-sergeant-rychas/description/004.jpg
    saved data/images/raven-guard-intercessors-sergeant-rychas/description/005.jpg
    saved data/images/raven-guard-intercessors-sergeant-rychas/description/006.jpg
    saved data/images/raven-guard-intercessors-sergeant-rychas/description/007.jpg
    saved data/images/raven-guard-intercessors-sergeant-rychas/description/008.jpg
[264/541] scraping adepta-sororitas-order-of-the-argent-shroud-paragon-warsuit-sister-collaen
  downloading 14 images...
    saved data/images/adepta-sororitas-order-of-the-argent-shroud-paragon-warsuit-sister-collaen/001.jpg
    saved data/images/adepta-sororitas-order-of-the-argent-shroud-paragon-warsuit-sister-collaen/002.jpg
    saved data/images/adepta-sororitas-order-of-the-argent-shroud-paragon-warsuit-sister-collaen/003.jpg
    saved data/images/adepta-sororitas-order-of-the-argent-shroud-paragon-warsuit-sister-collaen/004.jpg
    saved data/images/adepta-sororitas-order-of-the-argent-shroud-paragon-warsuit-sister-collaen/005.jpg
    saved data/images/adepta-sororitas-order-of-the-argent-shroud-paragon-warsuit-sister-collaen/006.jpg
    saved data/images/adepta-sororitas-order-of-the-argent-shroud-paragon-warsuit-sister-collaen/description/001.jpg
    saved data/images/adepta-sororitas-order-of-the-argent-shroud-paragon-warsuit-sister-collaen/description/002.jpg
    saved data/images/adepta-sororitas-order-of-the-argent-shroud-paragon-warsuit-sister-collaen/description/003.jpg
    saved data/images/adepta-sororitas-order-of-the-argent-shroud-paragon-warsuit-sister-collaen/description/004.jpg
    saved data/images/adepta-sororitas-order-of-the-argent-shroud-paragon-warsuit-sister-collaen/description/005.jpg
    saved data/images/adepta-sororitas-order-of-the-argent-shroud-paragon-warsuit-sister-collaen/description/006.jpg
    saved data/images/adepta-sororitas-order-of-the-argent-shroud-paragon-warsuit-sister-collaen/description/007.jpg
    saved data/images/adepta-sororitas-order-of-the-argent-shroud-paragon-warsuit-sister-collaen/description/008.jpg
[265/541] scraping astra-militarum-tempestus-scions-command-squad-55th-kappic-eagles-medic
  downloading 14 images...
    saved data/images/astra-militarum-tempestus-scions-command-squad-55th-kappic-eagles-medic/001.jpg
    saved data/images/astra-militarum-tempestus-scions-command-squad-55th-kappic-eagles-medic/002.jpg
    saved data/images/astra-militarum-tempestus-scions-command-squad-55th-kappic-eagles-medic/003.jpg
    saved data/images/astra-militarum-tempestus-scions-command-squad-55th-kappic-eagles-medic/004.jpg
    saved data/images/astra-militarum-tempestus-scions-command-squad-55th-kappic-eagles-medic/005.jpg
    saved data/images/astra-militarum-tempestus-scions-command-squad-55th-kappic-eagles-medic/006.png
    saved data/images/astra-militarum-tempestus-scions-command-squad-55th-kappic-eagles-medic/description/001.jpg
    saved data/images/astra-militarum-tempestus-scions-command-squad-55th-kappic-eagles-medic/description/002.jpg
    saved data/images/astra-militarum-tempestus-scions-command-squad-55th-kappic-eagles-medic/description/003.jpg
    saved data/images/astra-militarum-tempestus-scions-command-squad-55th-kappic-eagles-medic/description/004.jpg
    saved data/images/astra-militarum-tempestus-scions-command-squad-55th-kappic-eagles-medic/description/005.jpg
    saved data/images/astra-militarum-tempestus-scions-command-squad-55th-kappic-eagles-medic/description/006.jpg
    saved data/images/astra-militarum-tempestus-scions-command-squad-55th-kappic-eagles-medic/description/007.jpg
    saved data/images/astra-militarum-tempestus-scions-command-squad-55th-kappic-eagles-medic/description/008.jpg
[266/541] scraping astra-militarum-tempestus-scions-command-squad-55th-kappic-eagles-banner-bearer
  downloading 14 images...
    saved data/images/astra-militarum-tempestus-scions-command-squad-55th-kappic-eagles-banner-bearer/001.jpg
    saved data/images/astra-militarum-tempestus-scions-command-squad-55th-kappic-eagles-banner-bearer/002.jpg
    saved data/images/astra-militarum-tempestus-scions-command-squad-55th-kappic-eagles-banner-bearer/003.jpg
    saved data/images/astra-militarum-tempestus-scions-command-squad-55th-kappic-eagles-banner-bearer/004.jpg
    saved data/images/astra-militarum-tempestus-scions-command-squad-55th-kappic-eagles-banner-bearer/005.jpg
    saved data/images/astra-militarum-tempestus-scions-command-squad-55th-kappic-eagles-banner-bearer/006.png
    saved data/images/astra-militarum-tempestus-scions-command-squad-55th-kappic-eagles-banner-bearer/description/001.jpg
    saved data/images/astra-militarum-tempestus-scions-command-squad-55th-kappic-eagles-banner-bearer/description/002.jpg
    saved data/images/astra-militarum-tempestus-scions-command-squad-55th-kappic-eagles-banner-bearer/description/003.jpg
    saved data/images/astra-militarum-tempestus-scions-command-squad-55th-kappic-eagles-banner-bearer/description/004.jpg
    saved data/images/astra-militarum-tempestus-scions-command-squad-55th-kappic-eagles-banner-bearer/description/005.jpg
    saved data/images/astra-militarum-tempestus-scions-command-squad-55th-kappic-eagles-banner-bearer/description/006.jpg
    saved data/images/astra-militarum-tempestus-scions-command-squad-55th-kappic-eagles-banner-bearer/description/007.jpg
    saved data/images/astra-militarum-tempestus-scions-command-squad-55th-kappic-eagles-banner-bearer/description/008.jpg
[267/541] scraping astra-militarum-tempestus-scions-command-squad-55th-kappic-eagles-tempestor-prim
  downloading 13 images...
    saved data/images/astra-militarum-tempestus-scions-command-squad-55th-kappic-eagles-tempestor-prim/001.jpg
    saved data/images/astra-militarum-tempestus-scions-command-squad-55th-kappic-eagles-tempestor-prim/002.jpg
    saved data/images/astra-militarum-tempestus-scions-command-squad-55th-kappic-eagles-tempestor-prim/003.jpg
    saved data/images/astra-militarum-tempestus-scions-command-squad-55th-kappic-eagles-tempestor-prim/004.jpg
    saved data/images/astra-militarum-tempestus-scions-command-squad-55th-kappic-eagles-tempestor-prim/005.jpg
    saved data/images/astra-militarum-tempestus-scions-command-squad-55th-kappic-eagles-tempestor-prim/description/001.jpg
    saved data/images/astra-militarum-tempestus-scions-command-squad-55th-kappic-eagles-tempestor-prim/description/002.jpg
    saved data/images/astra-militarum-tempestus-scions-command-squad-55th-kappic-eagles-tempestor-prim/description/003.jpg
    saved data/images/astra-militarum-tempestus-scions-command-squad-55th-kappic-eagles-tempestor-prim/description/004.jpg
    saved data/images/astra-militarum-tempestus-scions-command-squad-55th-kappic-eagles-tempestor-prim/description/005.jpg
    saved data/images/astra-militarum-tempestus-scions-command-squad-55th-kappic-eagles-tempestor-prim/description/006.jpg
    saved data/images/astra-militarum-tempestus-scions-command-squad-55th-kappic-eagles-tempestor-prim/description/007.jpg
    saved data/images/astra-militarum-tempestus-scions-command-squad-55th-kappic-eagles-tempestor-prim/description/008.jpg
[268/541] scraping dark-angels-intercessors-brother-asharr
  downloading 14 images...
    saved data/images/dark-angels-intercessors-brother-asharr/001.jpg
    saved data/images/dark-angels-intercessors-brother-asharr/002.jpg
    saved data/images/dark-angels-intercessors-brother-asharr/003.jpg
    saved data/images/dark-angels-intercessors-brother-asharr/004.jpg
    saved data/images/dark-angels-intercessors-brother-asharr/005.jpg
    saved data/images/dark-angels-intercessors-brother-asharr/006.jpg
    saved data/images/dark-angels-intercessors-brother-asharr/description/001.jpg
    saved data/images/dark-angels-intercessors-brother-asharr/description/002.jpg
    saved data/images/dark-angels-intercessors-brother-asharr/description/003.jpg
    saved data/images/dark-angels-intercessors-brother-asharr/description/004.jpg
    saved data/images/dark-angels-intercessors-brother-asharr/description/005.jpg
    saved data/images/dark-angels-intercessors-brother-asharr/description/006.jpg
    saved data/images/dark-angels-intercessors-brother-asharr/description/007.jpg
    saved data/images/dark-angels-intercessors-brother-asharr/description/008.jpg
[269/541] scraping imperial-fists-mk-iii-tactical-legionary
  downloading 17 images...
    saved data/images/imperial-fists-mk-iii-tactical-legionary/001.jpg
    saved data/images/imperial-fists-mk-iii-tactical-legionary/002.jpg
    saved data/images/imperial-fists-mk-iii-tactical-legionary/003.jpg
    saved data/images/imperial-fists-mk-iii-tactical-legionary/004.jpg
    saved data/images/imperial-fists-mk-iii-tactical-legionary/005.jpg
    saved data/images/imperial-fists-mk-iii-tactical-legionary/006.jpg
    saved data/images/imperial-fists-mk-iii-tactical-legionary/description/001.jpg
    saved data/images/imperial-fists-mk-iii-tactical-legionary/description/002.jpg
    saved data/images/imperial-fists-mk-iii-tactical-legionary/description/003.jpg
    saved data/images/imperial-fists-mk-iii-tactical-legionary/description/004.jpg
    saved data/images/imperial-fists-mk-iii-tactical-legionary/description/005.jpg
    saved data/images/imperial-fists-mk-iii-tactical-legionary/description/006.jpg
    saved data/images/imperial-fists-mk-iii-tactical-legionary/description/007.jpg
    saved data/images/imperial-fists-mk-iii-tactical-legionary/description/008.jpg
    saved data/images/imperial-fists-mk-iii-tactical-legionary/description/009.jpg
    saved data/images/imperial-fists-mk-iii-tactical-legionary/description/010.jpg
    saved data/images/imperial-fists-mk-iii-tactical-legionary/description/011.jpg
[270/541] scraping sons-of-horus-leviathan-dreadnought-with-siege-drills
  downloading 19 images...
    saved data/images/sons-of-horus-leviathan-dreadnought-with-siege-drills/001.jpg
    saved data/images/sons-of-horus-leviathan-dreadnought-with-siege-drills/002.jpg
    saved data/images/sons-of-horus-leviathan-dreadnought-with-siege-drills/003.jpg
    saved data/images/sons-of-horus-leviathan-dreadnought-with-siege-drills/004.jpg
    saved data/images/sons-of-horus-leviathan-dreadnought-with-siege-drills/005.jpg
    saved data/images/sons-of-horus-leviathan-dreadnought-with-siege-drills/006.jpg
    saved data/images/sons-of-horus-leviathan-dreadnought-with-siege-drills/description/001.jpg
    saved data/images/sons-of-horus-leviathan-dreadnought-with-siege-drills/description/002.jpg
    saved data/images/sons-of-horus-leviathan-dreadnought-with-siege-drills/description/003.jpg
    saved data/images/sons-of-horus-leviathan-dreadnought-with-siege-drills/description/004.jpg
    saved data/images/sons-of-horus-leviathan-dreadnought-with-siege-drills/description/005.jpg
    saved data/images/sons-of-horus-leviathan-dreadnought-with-siege-drills/description/006.jpg
    saved data/images/sons-of-horus-leviathan-dreadnought-with-siege-drills/description/007.jpg
    saved data/images/sons-of-horus-leviathan-dreadnought-with-siege-drills/description/008.jpg
    saved data/images/sons-of-horus-leviathan-dreadnought-with-siege-drills/description/009.jpg
    saved data/images/sons-of-horus-leviathan-dreadnought-with-siege-drills/description/010.jpg
    saved data/images/sons-of-horus-leviathan-dreadnought-with-siege-drills/description/011.jpg
    saved data/images/sons-of-horus-leviathan-dreadnought-with-siege-drills/description/012.jpg
    saved data/images/sons-of-horus-leviathan-dreadnought-with-siege-drills/description/013.jpg
[271/541] scraping blood-angels-terminator-squad
  downloading 28 images...
    saved data/images/blood-angels-terminator-squad/001.jpg
    saved data/images/blood-angels-terminator-squad/002.jpg
    saved data/images/blood-angels-terminator-squad/003.jpg
    saved data/images/blood-angels-terminator-squad/004.jpg
    saved data/images/blood-angels-terminator-squad/005.jpg
    saved data/images/blood-angels-terminator-squad/006.jpg
    saved data/images/blood-angels-terminator-squad/007.jpg
    saved data/images/blood-angels-terminator-squad/008.jpg
    saved data/images/blood-angels-terminator-squad/009.jpg
    saved data/images/blood-angels-terminator-squad/010.jpg
    saved data/images/blood-angels-terminator-squad/011.jpg
    saved data/images/blood-angels-terminator-squad/012.jpg
    saved data/images/blood-angels-terminator-squad/013.jpg
    saved data/images/blood-angels-terminator-squad/014.jpg
    saved data/images/blood-angels-terminator-squad/description/001.jpg
    saved data/images/blood-angels-terminator-squad/description/002.jpg
    saved data/images/blood-angels-terminator-squad/description/003.jpg
    saved data/images/blood-angels-terminator-squad/description/004.jpg
    saved data/images/blood-angels-terminator-squad/description/005.jpg
    saved data/images/blood-angels-terminator-squad/description/006.jpg
    saved data/images/blood-angels-terminator-squad/description/007.jpg
    saved data/images/blood-angels-terminator-squad/description/008.jpg
    saved data/images/blood-angels-terminator-squad/description/009.jpg
    saved data/images/blood-angels-terminator-squad/description/010.jpg
    saved data/images/blood-angels-terminator-squad/description/011.jpg
    saved data/images/blood-angels-terminator-squad/description/012.jpg
    saved data/images/blood-angels-terminator-squad/description/013.jpg
    saved data/images/blood-angels-terminator-squad/description/014.jpg
[272/541] scraping adeptus-custodes-allarus-custodian-with-castellan-axe
  downloading 15 images...
    saved data/images/adeptus-custodes-allarus-custodian-with-castellan-axe/001.jpg
    saved data/images/adeptus-custodes-allarus-custodian-with-castellan-axe/002.jpg
    saved data/images/adeptus-custodes-allarus-custodian-with-castellan-axe/003.jpg
    saved data/images/adeptus-custodes-allarus-custodian-with-castellan-axe/004.jpg
    saved data/images/adeptus-custodes-allarus-custodian-with-castellan-axe/005.jpg
    saved data/images/adeptus-custodes-allarus-custodian-with-castellan-axe/006.jpg
    saved data/images/adeptus-custodes-allarus-custodian-with-castellan-axe/description/001.jpg
    saved data/images/adeptus-custodes-allarus-custodian-with-castellan-axe/description/002.jpg
    saved data/images/adeptus-custodes-allarus-custodian-with-castellan-axe/description/003.jpg
    saved data/images/adeptus-custodes-allarus-custodian-with-castellan-axe/description/004.jpg
    saved data/images/adeptus-custodes-allarus-custodian-with-castellan-axe/description/005.jpg
    saved data/images/adeptus-custodes-allarus-custodian-with-castellan-axe/description/006.jpg
    saved data/images/adeptus-custodes-allarus-custodian-with-castellan-axe/description/007.jpg
    saved data/images/adeptus-custodes-allarus-custodian-with-castellan-axe/description/008.jpg
    saved data/images/adeptus-custodes-allarus-custodian-with-castellan-axe/description/009.jpg
[273/541] scraping blood-angels-jump-pack-squad
  downloading 42 images...
    saved data/images/blood-angels-jump-pack-squad/001.jpg
    saved data/images/blood-angels-jump-pack-squad/002.jpg
    saved data/images/blood-angels-jump-pack-squad/003.jpg
    saved data/images/blood-angels-jump-pack-squad/004.jpg
    saved data/images/blood-angels-jump-pack-squad/005.jpg
    saved data/images/blood-angels-jump-pack-squad/006.jpg
    saved data/images/blood-angels-jump-pack-squad/007.jpg
    saved data/images/blood-angels-jump-pack-squad/008.jpg
    saved data/images/blood-angels-jump-pack-squad/009.jpg
    saved data/images/blood-angels-jump-pack-squad/010.jpg
    saved data/images/blood-angels-jump-pack-squad/011.jpg
    saved data/images/blood-angels-jump-pack-squad/012.jpg
    saved data/images/blood-angels-jump-pack-squad/013.jpg
    saved data/images/blood-angels-jump-pack-squad/014.jpg
    saved data/images/blood-angels-jump-pack-squad/015.jpg
    saved data/images/blood-angels-jump-pack-squad/016.jpg
    saved data/images/blood-angels-jump-pack-squad/017.jpg
    saved data/images/blood-angels-jump-pack-squad/018.jpg
    saved data/images/blood-angels-jump-pack-squad/019.jpg
    saved data/images/blood-angels-jump-pack-squad/020.jpg
    saved data/images/blood-angels-jump-pack-squad/description/001.jpg
    saved data/images/blood-angels-jump-pack-squad/description/002.jpg
    saved data/images/blood-angels-jump-pack-squad/description/003.jpg
    saved data/images/blood-angels-jump-pack-squad/description/004.jpg
    saved data/images/blood-angels-jump-pack-squad/description/005.jpg
    saved data/images/blood-angels-jump-pack-squad/description/006.jpg
    saved data/images/blood-angels-jump-pack-squad/description/007.jpg
    saved data/images/blood-angels-jump-pack-squad/description/008.jpg
    saved data/images/blood-angels-jump-pack-squad/description/009.jpg
    saved data/images/blood-angels-jump-pack-squad/description/010.jpg
    saved data/images/blood-angels-jump-pack-squad/description/011.jpg
    saved data/images/blood-angels-jump-pack-squad/description/012.jpg
    saved data/images/blood-angels-jump-pack-squad/description/013.jpg
    saved data/images/blood-angels-jump-pack-squad/description/014.jpg
    saved data/images/blood-angels-jump-pack-squad/description/015.jpg
    saved data/images/blood-angels-jump-pack-squad/description/016.jpg
    saved data/images/blood-angels-jump-pack-squad/description/017.jpg
    saved data/images/blood-angels-jump-pack-squad/description/018.jpg
    saved data/images/blood-angels-jump-pack-squad/description/019.jpg
    saved data/images/blood-angels-jump-pack-squad/description/020.jpg
    saved data/images/blood-angels-jump-pack-squad/description/021.jpg
    saved data/images/blood-angels-jump-pack-squad/description/022.jpg
[274/541] scraping space-wolves-deathsworn-pack
  downloading 63 images...
    saved data/images/space-wolves-deathsworn-pack/001.jpg
    saved data/images/space-wolves-deathsworn-pack/002.jpg
    saved data/images/space-wolves-deathsworn-pack/003.jpg
    saved data/images/space-wolves-deathsworn-pack/004.jpg
    saved data/images/space-wolves-deathsworn-pack/005.jpg
    saved data/images/space-wolves-deathsworn-pack/006.jpg
    saved data/images/space-wolves-deathsworn-pack/007.jpg
    saved data/images/space-wolves-deathsworn-pack/008.jpg
    saved data/images/space-wolves-deathsworn-pack/009.jpg
    saved data/images/space-wolves-deathsworn-pack/010.jpg
    saved data/images/space-wolves-deathsworn-pack/011.jpg
    saved data/images/space-wolves-deathsworn-pack/012.jpg
    saved data/images/space-wolves-deathsworn-pack/013.jpg
    saved data/images/space-wolves-deathsworn-pack/014.jpg
    saved data/images/space-wolves-deathsworn-pack/015.jpg
    saved data/images/space-wolves-deathsworn-pack/016.jpg
    saved data/images/space-wolves-deathsworn-pack/017.jpg
    saved data/images/space-wolves-deathsworn-pack/018.jpg
    saved data/images/space-wolves-deathsworn-pack/019.jpg
    saved data/images/space-wolves-deathsworn-pack/020.jpg
    saved data/images/space-wolves-deathsworn-pack/021.jpg
    saved data/images/space-wolves-deathsworn-pack/022.jpg
    saved data/images/space-wolves-deathsworn-pack/023.jpg
    saved data/images/space-wolves-deathsworn-pack/024.jpg
    saved data/images/space-wolves-deathsworn-pack/025.jpg
    saved data/images/space-wolves-deathsworn-pack/026.jpg
    saved data/images/space-wolves-deathsworn-pack/027.jpg
    saved data/images/space-wolves-deathsworn-pack/028.jpg
    saved data/images/space-wolves-deathsworn-pack/029.jpg
    saved data/images/space-wolves-deathsworn-pack/030.jpg
    saved data/images/space-wolves-deathsworn-pack/031.jpg
    saved data/images/space-wolves-deathsworn-pack/032.jpg
    saved data/images/space-wolves-deathsworn-pack/description/001.jpg
    saved data/images/space-wolves-deathsworn-pack/description/002.jpg
    saved data/images/space-wolves-deathsworn-pack/description/003.jpg
    saved data/images/space-wolves-deathsworn-pack/description/004.jpg
    saved data/images/space-wolves-deathsworn-pack/description/005.jpg
    saved data/images/space-wolves-deathsworn-pack/description/006.jpg
    saved data/images/space-wolves-deathsworn-pack/description/007.jpg
    saved data/images/space-wolves-deathsworn-pack/description/008.jpg
    saved data/images/space-wolves-deathsworn-pack/description/009.jpg
    saved data/images/space-wolves-deathsworn-pack/description/010.jpg
    saved data/images/space-wolves-deathsworn-pack/description/011.jpg
    saved data/images/space-wolves-deathsworn-pack/description/012.jpg
    saved data/images/space-wolves-deathsworn-pack/description/013.jpg
    saved data/images/space-wolves-deathsworn-pack/description/014.jpg
    saved data/images/space-wolves-deathsworn-pack/description/015.jpg
    saved data/images/space-wolves-deathsworn-pack/description/016.jpg
    saved data/images/space-wolves-deathsworn-pack/description/017.jpg
    saved data/images/space-wolves-deathsworn-pack/description/018.jpg
    saved data/images/space-wolves-deathsworn-pack/description/019.jpg
    saved data/images/space-wolves-deathsworn-pack/description/020.jpg
    saved data/images/space-wolves-deathsworn-pack/description/021.jpg
    saved data/images/space-wolves-deathsworn-pack/description/022.jpg
    saved data/images/space-wolves-deathsworn-pack/description/023.jpg
    saved data/images/space-wolves-deathsworn-pack/description/024.jpg
    saved data/images/space-wolves-deathsworn-pack/description/025.jpg
    saved data/images/space-wolves-deathsworn-pack/description/026.jpg
    saved data/images/space-wolves-deathsworn-pack/description/027.jpg
    saved data/images/space-wolves-deathsworn-pack/description/028.jpg
    saved data/images/space-wolves-deathsworn-pack/description/029.jpg
    saved data/images/space-wolves-deathsworn-pack/description/030.jpg
    saved data/images/space-wolves-deathsworn-pack/description/031.jpg
[275/541] scraping adeptus-custodes-allarus-terminator-01
  downloading 11 images...
    saved data/images/adeptus-custodes-allarus-terminator-01/001.jpg
    saved data/images/adeptus-custodes-allarus-terminator-01/002.jpg
    saved data/images/adeptus-custodes-allarus-terminator-01/003.jpg
    saved data/images/adeptus-custodes-allarus-terminator-01/004.jpg
    saved data/images/adeptus-custodes-allarus-terminator-01/005.jpg
    saved data/images/adeptus-custodes-allarus-terminator-01/description/001.jpg
    saved data/images/adeptus-custodes-allarus-terminator-01/description/002.jpg
    saved data/images/adeptus-custodes-allarus-terminator-01/description/003.jpg
    saved data/images/adeptus-custodes-allarus-terminator-01/description/004.jpg
    saved data/images/adeptus-custodes-allarus-terminator-01/description/005.jpg
    saved data/images/adeptus-custodes-allarus-terminator-01/description/006.jpg
[276/541] scraping blood-angels-captain-with-inferno-pistol-power-fist
  downloading 14 images...
    saved data/images/blood-angels-captain-with-inferno-pistol-power-fist/001.jpg
    saved data/images/blood-angels-captain-with-inferno-pistol-power-fist/002.jpg
    saved data/images/blood-angels-captain-with-inferno-pistol-power-fist/003.jpg
    saved data/images/blood-angels-captain-with-inferno-pistol-power-fist/004.jpg
    saved data/images/blood-angels-captain-with-inferno-pistol-power-fist/005.jpg
    saved data/images/blood-angels-captain-with-inferno-pistol-power-fist/description/001.jpg
    saved data/images/blood-angels-captain-with-inferno-pistol-power-fist/description/002.jpg
    saved data/images/blood-angels-captain-with-inferno-pistol-power-fist/description/003.jpg
    saved data/images/blood-angels-captain-with-inferno-pistol-power-fist/description/004.jpg
    saved data/images/blood-angels-captain-with-inferno-pistol-power-fist/description/005.jpg
    saved data/images/blood-angels-captain-with-inferno-pistol-power-fist/description/006.jpg
    saved data/images/blood-angels-captain-with-inferno-pistol-power-fist/description/007.jpg
    saved data/images/blood-angels-captain-with-inferno-pistol-power-fist/description/008.jpg
    saved data/images/blood-angels-captain-with-inferno-pistol-power-fist/description/009.jpg
[277/541] scraping ultramarines-mkiii-legionaries
  downloading 30 images...
    saved data/images/ultramarines-mkiii-legionaries/001.jpg
    saved data/images/ultramarines-mkiii-legionaries/002.jpg
    saved data/images/ultramarines-mkiii-legionaries/003.jpg
    saved data/images/ultramarines-mkiii-legionaries/004.jpg
    saved data/images/ultramarines-mkiii-legionaries/005.jpg
    saved data/images/ultramarines-mkiii-legionaries/006.jpg
    saved data/images/ultramarines-mkiii-legionaries/007.jpg
    saved data/images/ultramarines-mkiii-legionaries/008.jpg
    saved data/images/ultramarines-mkiii-legionaries/009.jpg
    saved data/images/ultramarines-mkiii-legionaries/010.jpg
    saved data/images/ultramarines-mkiii-legionaries/011.jpg
    saved data/images/ultramarines-mkiii-legionaries/012.jpg
    saved data/images/ultramarines-mkiii-legionaries/013.jpg
    saved data/images/ultramarines-mkiii-legionaries/014.jpg
    saved data/images/ultramarines-mkiii-legionaries/description/001.jpg
    saved data/images/ultramarines-mkiii-legionaries/description/002.jpg
    saved data/images/ultramarines-mkiii-legionaries/description/003.jpg
    saved data/images/ultramarines-mkiii-legionaries/description/004.jpg
    saved data/images/ultramarines-mkiii-legionaries/description/005.jpg
    saved data/images/ultramarines-mkiii-legionaries/description/006.jpg
    saved data/images/ultramarines-mkiii-legionaries/description/007.jpg
    saved data/images/ultramarines-mkiii-legionaries/description/008.jpg
    saved data/images/ultramarines-mkiii-legionaries/description/009.jpg
    saved data/images/ultramarines-mkiii-legionaries/description/010.jpg
    saved data/images/ultramarines-mkiii-legionaries/description/011.jpg
    saved data/images/ultramarines-mkiii-legionaries/description/012.jpg
    saved data/images/ultramarines-mkiii-legionaries/description/013.jpg
    saved data/images/ultramarines-mkiii-legionaries/description/014.jpg
    saved data/images/ultramarines-mkiii-legionaries/description/015.jpg
    saved data/images/ultramarines-mkiii-legionaries/description/016.jpg
[278/541] scraping thousand-sons-ahzek-ahriman
  downloading 16 images...
    saved data/images/thousand-sons-ahzek-ahriman/001.jpg
    saved data/images/thousand-sons-ahzek-ahriman/002.jpg
    saved data/images/thousand-sons-ahzek-ahriman/003.jpg
    saved data/images/thousand-sons-ahzek-ahriman/004.jpg
    saved data/images/thousand-sons-ahzek-ahriman/005.jpg
    saved data/images/thousand-sons-ahzek-ahriman/006.jpg
    saved data/images/thousand-sons-ahzek-ahriman/description/001.jpg
    saved data/images/thousand-sons-ahzek-ahriman/description/002.jpg
    saved data/images/thousand-sons-ahzek-ahriman/description/003.jpg
    saved data/images/thousand-sons-ahzek-ahriman/description/004.jpg
    saved data/images/thousand-sons-ahzek-ahriman/description/005.jpg
    saved data/images/thousand-sons-ahzek-ahriman/description/006.jpg
    saved data/images/thousand-sons-ahzek-ahriman/description/007.jpg
    saved data/images/thousand-sons-ahzek-ahriman/description/008.jpg
    saved data/images/thousand-sons-ahzek-ahriman/description/009.jpg
    saved data/images/thousand-sons-ahzek-ahriman/description/010.jpg
[279/541] scraping ultramarines-lieutenant-titus-collectors-edition
  downloading 22 images...
    saved data/images/ultramarines-lieutenant-titus-collectors-edition/001.jpg
    saved data/images/ultramarines-lieutenant-titus-collectors-edition/002.jpg
    saved data/images/ultramarines-lieutenant-titus-collectors-edition/003.jpg
    saved data/images/ultramarines-lieutenant-titus-collectors-edition/004.jpg
    saved data/images/ultramarines-lieutenant-titus-collectors-edition/005.jpg
    saved data/images/ultramarines-lieutenant-titus-collectors-edition/006.jpg
    saved data/images/ultramarines-lieutenant-titus-collectors-edition/description/001.jpg
    saved data/images/ultramarines-lieutenant-titus-collectors-edition/description/002.jpg
    saved data/images/ultramarines-lieutenant-titus-collectors-edition/description/003.jpg
    saved data/images/ultramarines-lieutenant-titus-collectors-edition/description/004.jpg
    saved data/images/ultramarines-lieutenant-titus-collectors-edition/description/005.jpg
    saved data/images/ultramarines-lieutenant-titus-collectors-edition/description/006.jpg
    saved data/images/ultramarines-lieutenant-titus-collectors-edition/description/007.jpg
    saved data/images/ultramarines-lieutenant-titus-collectors-edition/description/008.jpg
    saved data/images/ultramarines-lieutenant-titus-collectors-edition/description/009.jpg
    saved data/images/ultramarines-lieutenant-titus-collectors-edition/description/010.jpg
    saved data/images/ultramarines-lieutenant-titus-collectors-edition/description/011.jpg
    saved data/images/ultramarines-lieutenant-titus-collectors-edition/description/012.jpg
    saved data/images/ultramarines-lieutenant-titus-collectors-edition/description/013.jpg
    saved data/images/ultramarines-lieutenant-titus-collectors-edition/description/014.jpg
    saved data/images/ultramarines-lieutenant-titus-collectors-edition/description/015.jpg
    saved data/images/ultramarines-lieutenant-titus-collectors-edition/description/016.jpg
[280/541] scraping tyranids-hive-fleet-leviathan-hormagaunt-brood
  downloading 46 images...
    saved data/images/tyranids-hive-fleet-leviathan-hormagaunt-brood/001.jpg
    saved data/images/tyranids-hive-fleet-leviathan-hormagaunt-brood/002.jpg
    saved data/images/tyranids-hive-fleet-leviathan-hormagaunt-brood/003.jpg
    saved data/images/tyranids-hive-fleet-leviathan-hormagaunt-brood/004.jpg
    saved data/images/tyranids-hive-fleet-leviathan-hormagaunt-brood/005.jpg
    saved data/images/tyranids-hive-fleet-leviathan-hormagaunt-brood/006.jpg
    saved data/images/tyranids-hive-fleet-leviathan-hormagaunt-brood/007.jpg
    saved data/images/tyranids-hive-fleet-leviathan-hormagaunt-brood/008.jpg
    saved data/images/tyranids-hive-fleet-leviathan-hormagaunt-brood/009.jpg
    saved data/images/tyranids-hive-fleet-leviathan-hormagaunt-brood/010.jpg
    saved data/images/tyranids-hive-fleet-leviathan-hormagaunt-brood/011.jpg
    saved data/images/tyranids-hive-fleet-leviathan-hormagaunt-brood/012.jpg
    saved data/images/tyranids-hive-fleet-leviathan-hormagaunt-brood/013.jpg
    saved data/images/tyranids-hive-fleet-leviathan-hormagaunt-brood/014.jpg
    saved data/images/tyranids-hive-fleet-leviathan-hormagaunt-brood/015.jpg
    saved data/images/tyranids-hive-fleet-leviathan-hormagaunt-brood/016.jpg
    saved data/images/tyranids-hive-fleet-leviathan-hormagaunt-brood/017.jpg
    saved data/images/tyranids-hive-fleet-leviathan-hormagaunt-brood/018.jpg
    saved data/images/tyranids-hive-fleet-leviathan-hormagaunt-brood/019.jpg
    saved data/images/tyranids-hive-fleet-leviathan-hormagaunt-brood/020.jpg
    saved data/images/tyranids-hive-fleet-leviathan-hormagaunt-brood/description/001.jpg
    saved data/images/tyranids-hive-fleet-leviathan-hormagaunt-brood/description/002.jpg
    saved data/images/tyranids-hive-fleet-leviathan-hormagaunt-brood/description/003.jpg
    saved data/images/tyranids-hive-fleet-leviathan-hormagaunt-brood/description/004.jpg
    saved data/images/tyranids-hive-fleet-leviathan-hormagaunt-brood/description/005.jpg
    saved data/images/tyranids-hive-fleet-leviathan-hormagaunt-brood/description/006.jpg
    saved data/images/tyranids-hive-fleet-leviathan-hormagaunt-brood/description/007.jpg
    saved data/images/tyranids-hive-fleet-leviathan-hormagaunt-brood/description/008.jpg
    saved data/images/tyranids-hive-fleet-leviathan-hormagaunt-brood/description/009.jpg
    saved data/images/tyranids-hive-fleet-leviathan-hormagaunt-brood/description/010.jpg
    saved data/images/tyranids-hive-fleet-leviathan-hormagaunt-brood/description/011.jpg
    saved data/images/tyranids-hive-fleet-leviathan-hormagaunt-brood/description/012.jpg
    saved data/images/tyranids-hive-fleet-leviathan-hormagaunt-brood/description/013.jpg
    saved data/images/tyranids-hive-fleet-leviathan-hormagaunt-brood/description/014.jpg
    saved data/images/tyranids-hive-fleet-leviathan-hormagaunt-brood/description/015.jpg
    saved data/images/tyranids-hive-fleet-leviathan-hormagaunt-brood/description/016.jpg
    saved data/images/tyranids-hive-fleet-leviathan-hormagaunt-brood/description/017.jpg
    saved data/images/tyranids-hive-fleet-leviathan-hormagaunt-brood/description/018.jpg
    saved data/images/tyranids-hive-fleet-leviathan-hormagaunt-brood/description/019.jpg
    saved data/images/tyranids-hive-fleet-leviathan-hormagaunt-brood/description/020.jpg
    saved data/images/tyranids-hive-fleet-leviathan-hormagaunt-brood/description/021.jpg
    saved data/images/tyranids-hive-fleet-leviathan-hormagaunt-brood/description/022.jpg
    saved data/images/tyranids-hive-fleet-leviathan-hormagaunt-brood/description/023.jpg
    saved data/images/tyranids-hive-fleet-leviathan-hormagaunt-brood/description/024.jpg
    saved data/images/tyranids-hive-fleet-leviathan-hormagaunt-brood/description/025.jpg
    saved data/images/tyranids-hive-fleet-leviathan-hormagaunt-brood/description/026.jpg
[281/541] scraping sons-of-horus-legion-praetor-with-power-fist
  downloading 16 images...
    saved data/images/sons-of-horus-legion-praetor-with-power-fist/001.jpg
    saved data/images/sons-of-horus-legion-praetor-with-power-fist/002.jpg
    saved data/images/sons-of-horus-legion-praetor-with-power-fist/003.jpg
    saved data/images/sons-of-horus-legion-praetor-with-power-fist/004.jpg
    saved data/images/sons-of-horus-legion-praetor-with-power-fist/005.jpg
    saved data/images/sons-of-horus-legion-praetor-with-power-fist/006.jpg
    saved data/images/sons-of-horus-legion-praetor-with-power-fist/description/001.jpg
    saved data/images/sons-of-horus-legion-praetor-with-power-fist/description/002.jpg
    saved data/images/sons-of-horus-legion-praetor-with-power-fist/description/003.jpg
    saved data/images/sons-of-horus-legion-praetor-with-power-fist/description/004.jpg
    saved data/images/sons-of-horus-legion-praetor-with-power-fist/description/005.jpg
    saved data/images/sons-of-horus-legion-praetor-with-power-fist/description/006.jpg
    saved data/images/sons-of-horus-legion-praetor-with-power-fist/description/007.jpg
    saved data/images/sons-of-horus-legion-praetor-with-power-fist/description/008.jpg
    saved data/images/sons-of-horus-legion-praetor-with-power-fist/description/009.jpg
    saved data/images/sons-of-horus-legion-praetor-with-power-fist/description/010.jpg
[282/541] scraping tyranids-hive-fleet-leviathan-termagant-with-fleshborer-3-pack
  downloading 15 images...
    saved data/images/tyranids-hive-fleet-leviathan-termagant-with-fleshborer-3-pack/001.jpg
    saved data/images/tyranids-hive-fleet-leviathan-termagant-with-fleshborer-3-pack/002.jpg
    saved data/images/tyranids-hive-fleet-leviathan-termagant-with-fleshborer-3-pack/003.jpg
    saved data/images/tyranids-hive-fleet-leviathan-termagant-with-fleshborer-3-pack/004.jpg
    saved data/images/tyranids-hive-fleet-leviathan-termagant-with-fleshborer-3-pack/005.jpg
    saved data/images/tyranids-hive-fleet-leviathan-termagant-with-fleshborer-3-pack/006.jpg
    saved data/images/tyranids-hive-fleet-leviathan-termagant-with-fleshborer-3-pack/007.jpg
    saved data/images/tyranids-hive-fleet-leviathan-termagant-with-fleshborer-3-pack/008.jpg
    saved data/images/tyranids-hive-fleet-leviathan-termagant-with-fleshborer-3-pack/009.jpg
    saved data/images/tyranids-hive-fleet-leviathan-termagant-with-fleshborer-3-pack/description/001.jpg
    saved data/images/tyranids-hive-fleet-leviathan-termagant-with-fleshborer-3-pack/description/002.jpg
    saved data/images/tyranids-hive-fleet-leviathan-termagant-with-fleshborer-3-pack/description/003.jpg
    saved data/images/tyranids-hive-fleet-leviathan-termagant-with-fleshborer-3-pack/description/004.jpg
    saved data/images/tyranids-hive-fleet-leviathan-termagant-with-fleshborer-3-pack/description/005.jpg
    saved data/images/tyranids-hive-fleet-leviathan-termagant-with-fleshborer-3-pack/description/006.jpg
[283/541] scraping ultramarines-chaplain-in-terminator-armour
  downloading 17 images...
    saved data/images/ultramarines-chaplain-in-terminator-armour/001.jpg
    saved data/images/ultramarines-chaplain-in-terminator-armour/002.jpg
    saved data/images/ultramarines-chaplain-in-terminator-armour/003.jpg
    saved data/images/ultramarines-chaplain-in-terminator-armour/004.jpg
    saved data/images/ultramarines-chaplain-in-terminator-armour/005.jpg
    saved data/images/ultramarines-chaplain-in-terminator-armour/006.jpg
    saved data/images/ultramarines-chaplain-in-terminator-armour/description/001.jpg
    saved data/images/ultramarines-chaplain-in-terminator-armour/description/002.jpg
    saved data/images/ultramarines-chaplain-in-terminator-armour/description/003.jpg
    saved data/images/ultramarines-chaplain-in-terminator-armour/description/004.jpg
    saved data/images/ultramarines-chaplain-in-terminator-armour/description/005.jpg
    saved data/images/ultramarines-chaplain-in-terminator-armour/description/006.jpg
    saved data/images/ultramarines-chaplain-in-terminator-armour/description/007.jpg
    saved data/images/ultramarines-chaplain-in-terminator-armour/description/008.jpg
    saved data/images/ultramarines-chaplain-in-terminator-armour/description/009.jpg
    saved data/images/ultramarines-chaplain-in-terminator-armour/description/010.jpg
    saved data/images/ultramarines-chaplain-in-terminator-armour/description/011.jpg
[284/541] scraping space-wolves-contemptor-dreadnought-with-gravis-bolt-cannon
  downloading 20 images...
    saved data/images/space-wolves-contemptor-dreadnought-with-gravis-bolt-cannon/001.jpg
    saved data/images/space-wolves-contemptor-dreadnought-with-gravis-bolt-cannon/002.jpg
    saved data/images/space-wolves-contemptor-dreadnought-with-gravis-bolt-cannon/003.jpg
    saved data/images/space-wolves-contemptor-dreadnought-with-gravis-bolt-cannon/004.jpg
    saved data/images/space-wolves-contemptor-dreadnought-with-gravis-bolt-cannon/005.jpg
    saved data/images/space-wolves-contemptor-dreadnought-with-gravis-bolt-cannon/006.jpg
    saved data/images/space-wolves-contemptor-dreadnought-with-gravis-bolt-cannon/007.jpg
    saved data/images/space-wolves-contemptor-dreadnought-with-gravis-bolt-cannon/description/001.jpg
    saved data/images/space-wolves-contemptor-dreadnought-with-gravis-bolt-cannon/description/002.jpg
    saved data/images/space-wolves-contemptor-dreadnought-with-gravis-bolt-cannon/description/003.jpg
    saved data/images/space-wolves-contemptor-dreadnought-with-gravis-bolt-cannon/description/004.jpg
    saved data/images/space-wolves-contemptor-dreadnought-with-gravis-bolt-cannon/description/005.jpg
    saved data/images/space-wolves-contemptor-dreadnought-with-gravis-bolt-cannon/description/006.jpg
    saved data/images/space-wolves-contemptor-dreadnought-with-gravis-bolt-cannon/description/007.jpg
    saved data/images/space-wolves-contemptor-dreadnought-with-gravis-bolt-cannon/description/008.jpg
    saved data/images/space-wolves-contemptor-dreadnought-with-gravis-bolt-cannon/description/009.jpg
    saved data/images/space-wolves-contemptor-dreadnought-with-gravis-bolt-cannon/description/010.jpg
    saved data/images/space-wolves-contemptor-dreadnought-with-gravis-bolt-cannon/description/011.jpg
    saved data/images/space-wolves-contemptor-dreadnought-with-gravis-bolt-cannon/description/012.jpg
    saved data/images/space-wolves-contemptor-dreadnought-with-gravis-bolt-cannon/description/013.jpg
[285/541] scraping ultramarines-librarian-in-terminator-armour
  downloading 14 images...
    saved data/images/ultramarines-librarian-in-terminator-armour/001.jpg
    saved data/images/ultramarines-librarian-in-terminator-armour/002.jpg
    saved data/images/ultramarines-librarian-in-terminator-armour/003.jpg
    saved data/images/ultramarines-librarian-in-terminator-armour/004.jpg
    saved data/images/ultramarines-librarian-in-terminator-armour/005.jpg
    saved data/images/ultramarines-librarian-in-terminator-armour/description/001.jpg
    saved data/images/ultramarines-librarian-in-terminator-armour/description/002.jpg
    saved data/images/ultramarines-librarian-in-terminator-armour/description/003.jpg
    saved data/images/ultramarines-librarian-in-terminator-armour/description/004.jpg
    saved data/images/ultramarines-librarian-in-terminator-armour/description/005.jpg
    saved data/images/ultramarines-librarian-in-terminator-armour/description/006.jpg
    saved data/images/ultramarines-librarian-in-terminator-armour/description/007.jpg
    saved data/images/ultramarines-librarian-in-terminator-armour/description/008.jpg
    saved data/images/ultramarines-librarian-in-terminator-armour/description/009.jpg
[286/541] scraping tyranids-hive-fleet-leviathan-termagant
  downloading 33 images...
    saved data/images/tyranids-hive-fleet-leviathan-termagant/001.jpg
    saved data/images/tyranids-hive-fleet-leviathan-termagant/002.jpg
    saved data/images/tyranids-hive-fleet-leviathan-termagant/003.jpg
    saved data/images/tyranids-hive-fleet-leviathan-termagant/004.jpg
    saved data/images/tyranids-hive-fleet-leviathan-termagant/005.jpg
    saved data/images/tyranids-hive-fleet-leviathan-termagant/006.jpg
    saved data/images/tyranids-hive-fleet-leviathan-termagant/007.jpg
    saved data/images/tyranids-hive-fleet-leviathan-termagant/008.jpg
    saved data/images/tyranids-hive-fleet-leviathan-termagant/009.jpg
    saved data/images/tyranids-hive-fleet-leviathan-termagant/010.jpg
    saved data/images/tyranids-hive-fleet-leviathan-termagant/011.jpg
    saved data/images/tyranids-hive-fleet-leviathan-termagant/012.jpg
    saved data/images/tyranids-hive-fleet-leviathan-termagant/013.jpg
    saved data/images/tyranids-hive-fleet-leviathan-termagant/014.jpg
    saved data/images/tyranids-hive-fleet-leviathan-termagant/description/001.jpg
    saved data/images/tyranids-hive-fleet-leviathan-termagant/description/002.jpg
    saved data/images/tyranids-hive-fleet-leviathan-termagant/description/003.jpg
    saved data/images/tyranids-hive-fleet-leviathan-termagant/description/004.jpg
    saved data/images/tyranids-hive-fleet-leviathan-termagant/description/005.jpg
    saved data/images/tyranids-hive-fleet-leviathan-termagant/description/006.jpg
    saved data/images/tyranids-hive-fleet-leviathan-termagant/description/007.jpg
    saved data/images/tyranids-hive-fleet-leviathan-termagant/description/008.jpg
    saved data/images/tyranids-hive-fleet-leviathan-termagant/description/009.jpg
    saved data/images/tyranids-hive-fleet-leviathan-termagant/description/010.jpg
    saved data/images/tyranids-hive-fleet-leviathan-termagant/description/011.jpg
    saved data/images/tyranids-hive-fleet-leviathan-termagant/description/012.jpg
    saved data/images/tyranids-hive-fleet-leviathan-termagant/description/013.jpg
    saved data/images/tyranids-hive-fleet-leviathan-termagant/description/014.jpg
    saved data/images/tyranids-hive-fleet-leviathan-termagant/description/015.jpg
    saved data/images/tyranids-hive-fleet-leviathan-termagant/description/016.jpg
    saved data/images/tyranids-hive-fleet-leviathan-termagant/description/017.jpg
    saved data/images/tyranids-hive-fleet-leviathan-termagant/description/018.jpg
    saved data/images/tyranids-hive-fleet-leviathan-termagant/description/019.jpg
[287/541] scraping tyranids-hive-fleet-leviathan-ripper
  downloading 26 images...
    saved data/images/tyranids-hive-fleet-leviathan-ripper/001.jpg
    saved data/images/tyranids-hive-fleet-leviathan-ripper/002.jpg
    saved data/images/tyranids-hive-fleet-leviathan-ripper/003.jpg
    saved data/images/tyranids-hive-fleet-leviathan-ripper/004.jpg
    saved data/images/tyranids-hive-fleet-leviathan-ripper/005.jpg
    saved data/images/tyranids-hive-fleet-leviathan-ripper/006.jpg
    saved data/images/tyranids-hive-fleet-leviathan-ripper/007.jpg
    saved data/images/tyranids-hive-fleet-leviathan-ripper/008.jpg
    saved data/images/tyranids-hive-fleet-leviathan-ripper/description/001.jpg
    saved data/images/tyranids-hive-fleet-leviathan-ripper/description/002.jpg
    saved data/images/tyranids-hive-fleet-leviathan-ripper/description/003.jpg
    saved data/images/tyranids-hive-fleet-leviathan-ripper/description/004.jpg
    saved data/images/tyranids-hive-fleet-leviathan-ripper/description/005.jpg
    saved data/images/tyranids-hive-fleet-leviathan-ripper/description/006.jpg
    saved data/images/tyranids-hive-fleet-leviathan-ripper/description/007.jpg
    saved data/images/tyranids-hive-fleet-leviathan-ripper/description/008.jpg
    saved data/images/tyranids-hive-fleet-leviathan-ripper/description/009.jpg
    saved data/images/tyranids-hive-fleet-leviathan-ripper/description/010.jpg
    saved data/images/tyranids-hive-fleet-leviathan-ripper/description/011.jpg
    saved data/images/tyranids-hive-fleet-leviathan-ripper/description/012.jpg
    saved data/images/tyranids-hive-fleet-leviathan-ripper/description/013.jpg
    saved data/images/tyranids-hive-fleet-leviathan-ripper/description/014.jpg
    saved data/images/tyranids-hive-fleet-leviathan-ripper/description/015.jpg
    saved data/images/tyranids-hive-fleet-leviathan-ripper/description/016.jpg
    saved data/images/tyranids-hive-fleet-leviathan-ripper/description/017.jpg
    saved data/images/tyranids-hive-fleet-leviathan-ripper/description/018.jpg
[288/541] scraping blood-angels-crimson-paladins-squad
  downloading 68 images...
    saved data/images/blood-angels-crimson-paladins-squad/001.jpg
    saved data/images/blood-angels-crimson-paladins-squad/002.jpg
    saved data/images/blood-angels-crimson-paladins-squad/003.jpg
    saved data/images/blood-angels-crimson-paladins-squad/004.jpg
    saved data/images/blood-angels-crimson-paladins-squad/005.jpg
    saved data/images/blood-angels-crimson-paladins-squad/006.jpg
    saved data/images/blood-angels-crimson-paladins-squad/007.jpg
    saved data/images/blood-angels-crimson-paladins-squad/008.jpg
    saved data/images/blood-angels-crimson-paladins-squad/009.jpg
    saved data/images/blood-angels-crimson-paladins-squad/010.jpg
    saved data/images/blood-angels-crimson-paladins-squad/011.jpg
    saved data/images/blood-angels-crimson-paladins-squad/012.jpg
    saved data/images/blood-angels-crimson-paladins-squad/013.jpg
    saved data/images/blood-angels-crimson-paladins-squad/014.jpg
    saved data/images/blood-angels-crimson-paladins-squad/015.jpg
    saved data/images/blood-angels-crimson-paladins-squad/016.jpg
    saved data/images/blood-angels-crimson-paladins-squad/017.jpg
    saved data/images/blood-angels-crimson-paladins-squad/018.jpg
    saved data/images/blood-angels-crimson-paladins-squad/019.jpg
    saved data/images/blood-angels-crimson-paladins-squad/020.jpg
    saved data/images/blood-angels-crimson-paladins-squad/021.jpg
    saved data/images/blood-angels-crimson-paladins-squad/022.jpg
    saved data/images/blood-angels-crimson-paladins-squad/023.jpg
    saved data/images/blood-angels-crimson-paladins-squad/024.jpg
    saved data/images/blood-angels-crimson-paladins-squad/025.jpg
    saved data/images/blood-angels-crimson-paladins-squad/026.jpg
    saved data/images/blood-angels-crimson-paladins-squad/027.jpg
    saved data/images/blood-angels-crimson-paladins-squad/028.jpg
    saved data/images/blood-angels-crimson-paladins-squad/029.jpg
    saved data/images/blood-angels-crimson-paladins-squad/030.jpg
    saved data/images/blood-angels-crimson-paladins-squad/031.jpg
    saved data/images/blood-angels-crimson-paladins-squad/032.jpg
    saved data/images/blood-angels-crimson-paladins-squad/description/001.jpg
    saved data/images/blood-angels-crimson-paladins-squad/description/002.jpg
    saved data/images/blood-angels-crimson-paladins-squad/description/003.jpg
    saved data/images/blood-angels-crimson-paladins-squad/description/004.jpg
    saved data/images/blood-angels-crimson-paladins-squad/description/005.jpg
    saved data/images/blood-angels-crimson-paladins-squad/description/006.jpg
    saved data/images/blood-angels-crimson-paladins-squad/description/007.jpg
    saved data/images/blood-angels-crimson-paladins-squad/description/008.jpg
    saved data/images/blood-angels-crimson-paladins-squad/description/009.jpg
    saved data/images/blood-angels-crimson-paladins-squad/description/010.jpg
    saved data/images/blood-angels-crimson-paladins-squad/description/011.jpg
    saved data/images/blood-angels-crimson-paladins-squad/description/012.jpg
    saved data/images/blood-angels-crimson-paladins-squad/description/013.jpg
    saved data/images/blood-angels-crimson-paladins-squad/description/014.jpg
    saved data/images/blood-angels-crimson-paladins-squad/description/015.jpg
    saved data/images/blood-angels-crimson-paladins-squad/description/016.jpg
    saved data/images/blood-angels-crimson-paladins-squad/description/017.jpg
    saved data/images/blood-angels-crimson-paladins-squad/description/018.jpg
    saved data/images/blood-angels-crimson-paladins-squad/description/019.jpg
    saved data/images/blood-angels-crimson-paladins-squad/description/020.jpg
    saved data/images/blood-angels-crimson-paladins-squad/description/021.jpg
    saved data/images/blood-angels-crimson-paladins-squad/description/022.jpg
    saved data/images/blood-angels-crimson-paladins-squad/description/023.jpg
    saved data/images/blood-angels-crimson-paladins-squad/description/024.jpg
    saved data/images/blood-angels-crimson-paladins-squad/description/025.jpg
    saved data/images/blood-angels-crimson-paladins-squad/description/026.jpg
    saved data/images/blood-angels-crimson-paladins-squad/description/027.jpg
    saved data/images/blood-angels-crimson-paladins-squad/description/028.jpg
    saved data/images/blood-angels-crimson-paladins-squad/description/029.jpg
    saved data/images/blood-angels-crimson-paladins-squad/description/030.jpg
    saved data/images/blood-angels-crimson-paladins-squad/description/031.jpg
    saved data/images/blood-angels-crimson-paladins-squad/description/032.jpg
    saved data/images/blood-angels-crimson-paladins-squad/description/033.jpg
    saved data/images/blood-angels-crimson-paladins-squad/description/034.jpg
    saved data/images/blood-angels-crimson-paladins-squad/description/035.jpg
    saved data/images/blood-angels-crimson-paladins-squad/description/036.jpg
[289/541] scraping ultramarines-jump-pack-intercessors-squad
  downloading 43 images...
    saved data/images/ultramarines-jump-pack-intercessors-squad/001.jpg
    saved data/images/ultramarines-jump-pack-intercessors-squad/002.jpg
    saved data/images/ultramarines-jump-pack-intercessors-squad/003.jpg
    saved data/images/ultramarines-jump-pack-intercessors-squad/004.jpg
    saved data/images/ultramarines-jump-pack-intercessors-squad/005.jpg
    saved data/images/ultramarines-jump-pack-intercessors-squad/006.jpg
    saved data/images/ultramarines-jump-pack-intercessors-squad/007.jpg
    saved data/images/ultramarines-jump-pack-intercessors-squad/008.jpg
    saved data/images/ultramarines-jump-pack-intercessors-squad/009.jpg
    saved data/images/ultramarines-jump-pack-intercessors-squad/010.jpg
    saved data/images/ultramarines-jump-pack-intercessors-squad/011.jpg
    saved data/images/ultramarines-jump-pack-intercessors-squad/012.jpg
    saved data/images/ultramarines-jump-pack-intercessors-squad/013.jpg
    saved data/images/ultramarines-jump-pack-intercessors-squad/014.jpg
    saved data/images/ultramarines-jump-pack-intercessors-squad/015.jpg
    saved data/images/ultramarines-jump-pack-intercessors-squad/016.jpg
    saved data/images/ultramarines-jump-pack-intercessors-squad/017.jpg
    saved data/images/ultramarines-jump-pack-intercessors-squad/018.jpg
    saved data/images/ultramarines-jump-pack-intercessors-squad/019.jpg
    saved data/images/ultramarines-jump-pack-intercessors-squad/020.jpg
    saved data/images/ultramarines-jump-pack-intercessors-squad/description/001.jpg
    saved data/images/ultramarines-jump-pack-intercessors-squad/description/002.jpg
    saved data/images/ultramarines-jump-pack-intercessors-squad/description/003.jpg
    saved data/images/ultramarines-jump-pack-intercessors-squad/description/004.jpg
    saved data/images/ultramarines-jump-pack-intercessors-squad/description/005.jpg
    saved data/images/ultramarines-jump-pack-intercessors-squad/description/006.jpg
    saved data/images/ultramarines-jump-pack-intercessors-squad/description/007.jpg
    saved data/images/ultramarines-jump-pack-intercessors-squad/description/008.jpg
    saved data/images/ultramarines-jump-pack-intercessors-squad/description/009.jpg
    saved data/images/ultramarines-jump-pack-intercessors-squad/description/010.jpg
    saved data/images/ultramarines-jump-pack-intercessors-squad/description/011.jpg
    saved data/images/ultramarines-jump-pack-intercessors-squad/description/012.jpg
    saved data/images/ultramarines-jump-pack-intercessors-squad/description/013.jpg
    saved data/images/ultramarines-jump-pack-intercessors-squad/description/014.jpg
    saved data/images/ultramarines-jump-pack-intercessors-squad/description/015.jpg
    saved data/images/ultramarines-jump-pack-intercessors-squad/description/016.jpg
    saved data/images/ultramarines-jump-pack-intercessors-squad/description/017.jpg
    saved data/images/ultramarines-jump-pack-intercessors-squad/description/018.jpg
    saved data/images/ultramarines-jump-pack-intercessors-squad/description/019.jpg
    saved data/images/ultramarines-jump-pack-intercessors-squad/description/020.jpg
    saved data/images/ultramarines-jump-pack-intercessors-squad/description/021.jpg
    saved data/images/ultramarines-jump-pack-intercessors-squad/description/022.jpg
    saved data/images/ultramarines-jump-pack-intercessors-squad/description/023.jpg
[290/541] scraping ultramarines-sergeant-gadriel
  downloading 13 images...
    saved data/images/ultramarines-sergeant-gadriel/001.jpg
    saved data/images/ultramarines-sergeant-gadriel/002.jpg
    saved data/images/ultramarines-sergeant-gadriel/003.jpg
    saved data/images/ultramarines-sergeant-gadriel/004.jpg
    saved data/images/ultramarines-sergeant-gadriel/005.jpg
    saved data/images/ultramarines-sergeant-gadriel/006.jpg
    saved data/images/ultramarines-sergeant-gadriel/description/001.jpg
    saved data/images/ultramarines-sergeant-gadriel/description/002.jpg
    saved data/images/ultramarines-sergeant-gadriel/description/003.jpg
    saved data/images/ultramarines-sergeant-gadriel/description/004.jpg
    saved data/images/ultramarines-sergeant-gadriel/description/005.jpg
    saved data/images/ultramarines-sergeant-gadriel/description/006.jpg
    saved data/images/ultramarines-sergeant-gadriel/description/007.jpg
[291/541] scraping ultramarines-lieutenant-titus
  downloading 13 images...
    saved data/images/ultramarines-lieutenant-titus/001.jpg
    saved data/images/ultramarines-lieutenant-titus/002.jpg
    saved data/images/ultramarines-lieutenant-titus/003.jpg
    saved data/images/ultramarines-lieutenant-titus/004.jpg
    saved data/images/ultramarines-lieutenant-titus/005.jpg
    saved data/images/ultramarines-lieutenant-titus/006.jpg
    saved data/images/ultramarines-lieutenant-titus/description/001.jpg
    saved data/images/ultramarines-lieutenant-titus/description/002.jpg
    saved data/images/ultramarines-lieutenant-titus/description/003.jpg
    saved data/images/ultramarines-lieutenant-titus/description/004.jpg
    saved data/images/ultramarines-lieutenant-titus/description/005.jpg
    saved data/images/ultramarines-lieutenant-titus/description/006.jpg
    saved data/images/ultramarines-lieutenant-titus/description/007.jpg
[292/541] scraping tyranids-hive-fleet-leviathan-tyranid-warrior-with-boneswords-2
  downloading 17 images...
    saved data/images/tyranids-hive-fleet-leviathan-tyranid-warrior-with-boneswords-2/001.jpg
    saved data/images/tyranids-hive-fleet-leviathan-tyranid-warrior-with-boneswords-2/002.jpg
    saved data/images/tyranids-hive-fleet-leviathan-tyranid-warrior-with-boneswords-2/003.jpg
    saved data/images/tyranids-hive-fleet-leviathan-tyranid-warrior-with-boneswords-2/004.jpg
    saved data/images/tyranids-hive-fleet-leviathan-tyranid-warrior-with-boneswords-2/005.jpg
    saved data/images/tyranids-hive-fleet-leviathan-tyranid-warrior-with-boneswords-2/006.jpg
    saved data/images/tyranids-hive-fleet-leviathan-tyranid-warrior-with-boneswords-2/description/001.jpg
    saved data/images/tyranids-hive-fleet-leviathan-tyranid-warrior-with-boneswords-2/description/002.jpg
    saved data/images/tyranids-hive-fleet-leviathan-tyranid-warrior-with-boneswords-2/description/003.jpg
    saved data/images/tyranids-hive-fleet-leviathan-tyranid-warrior-with-boneswords-2/description/004.jpg
    saved data/images/tyranids-hive-fleet-leviathan-tyranid-warrior-with-boneswords-2/description/005.jpg
    saved data/images/tyranids-hive-fleet-leviathan-tyranid-warrior-with-boneswords-2/description/006.jpg
    saved data/images/tyranids-hive-fleet-leviathan-tyranid-warrior-with-boneswords-2/description/007.jpg
    saved data/images/tyranids-hive-fleet-leviathan-tyranid-warrior-with-boneswords-2/description/008.jpg
    saved data/images/tyranids-hive-fleet-leviathan-tyranid-warrior-with-boneswords-2/description/009.jpg
    saved data/images/tyranids-hive-fleet-leviathan-tyranid-warrior-with-boneswords-2/description/010.jpg
    saved data/images/tyranids-hive-fleet-leviathan-tyranid-warrior-with-boneswords-2/description/011.jpg
[293/541] scraping iron-hands-captain-in-terminator-armour
  downloading 15 images...
    saved data/images/iron-hands-captain-in-terminator-armour/001.jpg
    saved data/images/iron-hands-captain-in-terminator-armour/002.jpg
    saved data/images/iron-hands-captain-in-terminator-armour/003.jpg
    saved data/images/iron-hands-captain-in-terminator-armour/004.jpg
    saved data/images/iron-hands-captain-in-terminator-armour/005.jpg
    saved data/images/iron-hands-captain-in-terminator-armour/006.jpg
    saved data/images/iron-hands-captain-in-terminator-armour/description/001.jpg
    saved data/images/iron-hands-captain-in-terminator-armour/description/002.jpg
    saved data/images/iron-hands-captain-in-terminator-armour/description/003.jpg
    saved data/images/iron-hands-captain-in-terminator-armour/description/004.jpg
    saved data/images/iron-hands-captain-in-terminator-armour/description/005.jpg
    saved data/images/iron-hands-captain-in-terminator-armour/description/006.jpg
    saved data/images/iron-hands-captain-in-terminator-armour/description/007.jpg
    saved data/images/iron-hands-captain-in-terminator-armour/description/008.jpg
    saved data/images/iron-hands-captain-in-terminator-armour/description/009.jpg
[294/541] scraping ultramarines-captain-in-terminator-armour
  downloading 15 images...
    saved data/images/ultramarines-captain-in-terminator-armour/001.jpg
    saved data/images/ultramarines-captain-in-terminator-armour/002.jpg
    saved data/images/ultramarines-captain-in-terminator-armour/003.jpg
    saved data/images/ultramarines-captain-in-terminator-armour/004.jpg
    saved data/images/ultramarines-captain-in-terminator-armour/005.jpg
    saved data/images/ultramarines-captain-in-terminator-armour/006.jpg
    saved data/images/ultramarines-captain-in-terminator-armour/description/001.jpg
    saved data/images/ultramarines-captain-in-terminator-armour/description/002.jpg
    saved data/images/ultramarines-captain-in-terminator-armour/description/003.jpg
    saved data/images/ultramarines-captain-in-terminator-armour/description/004.jpg
    saved data/images/ultramarines-captain-in-terminator-armour/description/005.jpg
    saved data/images/ultramarines-captain-in-terminator-armour/description/006.jpg
    saved data/images/ultramarines-captain-in-terminator-armour/description/007.jpg
    saved data/images/ultramarines-captain-in-terminator-armour/description/008.jpg
    saved data/images/ultramarines-captain-in-terminator-armour/description/009.jpg
[295/541] scraping ultramarines-cataphractii-terminator-squad
  downloading 38 images...
    saved data/images/ultramarines-cataphractii-terminator-squad/001.jpg
    saved data/images/ultramarines-cataphractii-terminator-squad/002.jpg
    saved data/images/ultramarines-cataphractii-terminator-squad/003.jpg
    saved data/images/ultramarines-cataphractii-terminator-squad/004.jpg
    saved data/images/ultramarines-cataphractii-terminator-squad/005.jpg
    saved data/images/ultramarines-cataphractii-terminator-squad/006.jpg
    saved data/images/ultramarines-cataphractii-terminator-squad/007.jpg
    saved data/images/ultramarines-cataphractii-terminator-squad/008.jpg
    saved data/images/ultramarines-cataphractii-terminator-squad/009.jpg
    saved data/images/ultramarines-cataphractii-terminator-squad/010.jpg
    saved data/images/ultramarines-cataphractii-terminator-squad/011.jpg
    saved data/images/ultramarines-cataphractii-terminator-squad/012.jpg
    saved data/images/ultramarines-cataphractii-terminator-squad/013.jpg
    saved data/images/ultramarines-cataphractii-terminator-squad/014.jpg
    saved data/images/ultramarines-cataphractii-terminator-squad/015.jpg
    saved data/images/ultramarines-cataphractii-terminator-squad/016.jpg
    saved data/images/ultramarines-cataphractii-terminator-squad/017.jpg
    saved data/images/ultramarines-cataphractii-terminator-squad/018.jpg
    saved data/images/ultramarines-cataphractii-terminator-squad/019.jpg
    saved data/images/ultramarines-cataphractii-terminator-squad/020.jpg
    saved data/images/ultramarines-cataphractii-terminator-squad/description/001.jpg
    saved data/images/ultramarines-cataphractii-terminator-squad/description/002.jpg
    saved data/images/ultramarines-cataphractii-terminator-squad/description/003.jpg
    saved data/images/ultramarines-cataphractii-terminator-squad/description/004.jpg
    saved data/images/ultramarines-cataphractii-terminator-squad/description/005.jpg
    saved data/images/ultramarines-cataphractii-terminator-squad/description/006.jpg
    saved data/images/ultramarines-cataphractii-terminator-squad/description/007.jpg
    saved data/images/ultramarines-cataphractii-terminator-squad/description/008.jpg
    saved data/images/ultramarines-cataphractii-terminator-squad/description/009.jpg
    saved data/images/ultramarines-cataphractii-terminator-squad/description/010.jpg
    saved data/images/ultramarines-cataphractii-terminator-squad/description/011.jpg
    saved data/images/ultramarines-cataphractii-terminator-squad/description/012.jpg
    saved data/images/ultramarines-cataphractii-terminator-squad/description/013.jpg
    saved data/images/ultramarines-cataphractii-terminator-squad/description/014.jpg
    saved data/images/ultramarines-cataphractii-terminator-squad/description/015.jpg
    saved data/images/ultramarines-cataphractii-terminator-squad/description/016.jpg
    saved data/images/ultramarines-cataphractii-terminator-squad/description/017.jpg
    saved data/images/ultramarines-cataphractii-terminator-squad/description/018.jpg
[296/541] scraping thousand-sons-legion-librarian-consul
  downloading 15 images...
    saved data/images/thousand-sons-legion-librarian-consul/001.jpg
    saved data/images/thousand-sons-legion-librarian-consul/002.jpg
    saved data/images/thousand-sons-legion-librarian-consul/003.jpg
    saved data/images/thousand-sons-legion-librarian-consul/004.jpg
    saved data/images/thousand-sons-legion-librarian-consul/005.jpg
    saved data/images/thousand-sons-legion-librarian-consul/006.jpg
    saved data/images/thousand-sons-legion-librarian-consul/description/001.jpg
    saved data/images/thousand-sons-legion-librarian-consul/description/002.jpg
    saved data/images/thousand-sons-legion-librarian-consul/description/003.jpg
    saved data/images/thousand-sons-legion-librarian-consul/description/004.jpg
    saved data/images/thousand-sons-legion-librarian-consul/description/005.jpg
    saved data/images/thousand-sons-legion-librarian-consul/description/006.jpg
    saved data/images/thousand-sons-legion-librarian-consul/description/007.jpg
    saved data/images/thousand-sons-legion-librarian-consul/description/008.jpg
    saved data/images/thousand-sons-legion-librarian-consul/description/009.jpg
[297/541] scraping ultramarines-mkvi-tactical-squad
  downloading 32 images...
    saved data/images/ultramarines-mkvi-tactical-squad/001.jpg
    saved data/images/ultramarines-mkvi-tactical-squad/002.jpg
    saved data/images/ultramarines-mkvi-tactical-squad/003.jpg
    saved data/images/ultramarines-mkvi-tactical-squad/004.jpg
    saved data/images/ultramarines-mkvi-tactical-squad/005.jpg
    saved data/images/ultramarines-mkvi-tactical-squad/006.jpg
    saved data/images/ultramarines-mkvi-tactical-squad/007.jpg
    saved data/images/ultramarines-mkvi-tactical-squad/008.jpg
    saved data/images/ultramarines-mkvi-tactical-squad/009.jpg
    saved data/images/ultramarines-mkvi-tactical-squad/010.jpg
    saved data/images/ultramarines-mkvi-tactical-squad/011.jpg
    saved data/images/ultramarines-mkvi-tactical-squad/012.jpg
    saved data/images/ultramarines-mkvi-tactical-squad/013.jpg
    saved data/images/ultramarines-mkvi-tactical-squad/014.jpg
    saved data/images/ultramarines-mkvi-tactical-squad/description/001.jpg
    saved data/images/ultramarines-mkvi-tactical-squad/description/002.jpg
    saved data/images/ultramarines-mkvi-tactical-squad/description/003.jpg
    saved data/images/ultramarines-mkvi-tactical-squad/description/004.jpg
    saved data/images/ultramarines-mkvi-tactical-squad/description/005.jpg
    saved data/images/ultramarines-mkvi-tactical-squad/description/006.jpg
    saved data/images/ultramarines-mkvi-tactical-squad/description/007.jpg
    saved data/images/ultramarines-mkvi-tactical-squad/description/008.jpg
    saved data/images/ultramarines-mkvi-tactical-squad/description/009.jpg
    saved data/images/ultramarines-mkvi-tactical-squad/description/010.jpg
    saved data/images/ultramarines-mkvi-tactical-squad/description/011.jpg
    saved data/images/ultramarines-mkvi-tactical-squad/description/012.jpg
    saved data/images/ultramarines-mkvi-tactical-squad/description/013.jpg
    saved data/images/ultramarines-mkvi-tactical-squad/description/014.jpg
    saved data/images/ultramarines-mkvi-tactical-squad/description/015.jpg
    saved data/images/ultramarines-mkvi-tactical-squad/description/016.jpg
    saved data/images/ultramarines-mkvi-tactical-squad/description/017.jpg
    saved data/images/ultramarines-mkvi-tactical-squad/description/018.jpg
[298/541] scraping ultramarines-terminator-captain-severus-agemman
  downloading 16 images...
    saved data/images/ultramarines-terminator-captain-severus-agemman/001.jpg
    saved data/images/ultramarines-terminator-captain-severus-agemman/002.jpg
    saved data/images/ultramarines-terminator-captain-severus-agemman/003.jpg
    saved data/images/ultramarines-terminator-captain-severus-agemman/004.jpg
    saved data/images/ultramarines-terminator-captain-severus-agemman/005.jpg
    saved data/images/ultramarines-terminator-captain-severus-agemman/006.jpg
    saved data/images/ultramarines-terminator-captain-severus-agemman/007.jpg
    saved data/images/ultramarines-terminator-captain-severus-agemman/description/001.jpg
    saved data/images/ultramarines-terminator-captain-severus-agemman/description/002.jpg
    saved data/images/ultramarines-terminator-captain-severus-agemman/description/003.jpg
    saved data/images/ultramarines-terminator-captain-severus-agemman/description/004.jpg
    saved data/images/ultramarines-terminator-captain-severus-agemman/description/005.jpg
    saved data/images/ultramarines-terminator-captain-severus-agemman/description/006.jpg
    saved data/images/ultramarines-terminator-captain-severus-agemman/description/007.jpg
    saved data/images/ultramarines-terminator-captain-severus-agemman/description/008.jpg
    saved data/images/ultramarines-terminator-captain-severus-agemman/description/009.jpg
[299/541] scraping blood-angels-veteran
  downloading 43 images...
    saved data/images/blood-angels-veteran/001.jpg
    saved data/images/blood-angels-veteran/002.jpg
    saved data/images/blood-angels-veteran/003.jpg
    saved data/images/blood-angels-veteran/004.jpg
    saved data/images/blood-angels-veteran/005.jpg
    saved data/images/blood-angels-veteran/006.jpg
    saved data/images/blood-angels-veteran/007.jpg
    saved data/images/blood-angels-veteran/008.jpg
    saved data/images/blood-angels-veteran/009.jpg
    saved data/images/blood-angels-veteran/010.jpg
    saved data/images/blood-angels-veteran/011.jpg
    saved data/images/blood-angels-veteran/012.jpg
    saved data/images/blood-angels-veteran/013.jpg
    saved data/images/blood-angels-veteran/014.jpg
    saved data/images/blood-angels-veteran/015.jpg
    saved data/images/blood-angels-veteran/016.jpg
    saved data/images/blood-angels-veteran/017.jpg
    saved data/images/blood-angels-veteran/018.jpg
    saved data/images/blood-angels-veteran/019.jpg
    saved data/images/blood-angels-veteran/020.jpg
    saved data/images/blood-angels-veteran/021.jpg
    saved data/images/blood-angels-veteran/022.jpg
    saved data/images/blood-angels-veteran/description/001.jpg
    saved data/images/blood-angels-veteran/description/002.jpg
    saved data/images/blood-angels-veteran/description/003.jpg
    saved data/images/blood-angels-veteran/description/004.jpg
    saved data/images/blood-angels-veteran/description/005.jpg
    saved data/images/blood-angels-veteran/description/006.jpg
    saved data/images/blood-angels-veteran/description/007.jpg
    saved data/images/blood-angels-veteran/description/008.jpg
    saved data/images/blood-angels-veteran/description/009.jpg
    saved data/images/blood-angels-veteran/description/010.jpg
    saved data/images/blood-angels-veteran/description/011.jpg
    saved data/images/blood-angels-veteran/description/012.jpg
    saved data/images/blood-angels-veteran/description/013.jpg
    saved data/images/blood-angels-veteran/description/014.jpg
    saved data/images/blood-angels-veteran/description/015.jpg
    saved data/images/blood-angels-veteran/description/016.jpg
    saved data/images/blood-angels-veteran/description/017.jpg
    saved data/images/blood-angels-veteran/description/018.jpg
    saved data/images/blood-angels-veteran/description/019.jpg
    saved data/images/blood-angels-veteran/description/020.jpg
    saved data/images/blood-angels-veteran/description/021.jpg
[300/541] scraping space-marines-space-wolves-claw-pack
  downloading 46 images...
    saved data/images/space-marines-space-wolves-claw-pack/001.jpg
    saved data/images/space-marines-space-wolves-claw-pack/002.jpg
    saved data/images/space-marines-space-wolves-claw-pack/003.jpg
    saved data/images/space-marines-space-wolves-claw-pack/004.jpg
    saved data/images/space-marines-space-wolves-claw-pack/005.jpg
    saved data/images/space-marines-space-wolves-claw-pack/006.jpg
    saved data/images/space-marines-space-wolves-claw-pack/007.jpg
    saved data/images/space-marines-space-wolves-claw-pack/008.jpg
    saved data/images/space-marines-space-wolves-claw-pack/009.jpg
    saved data/images/space-marines-space-wolves-claw-pack/010.jpg
    saved data/images/space-marines-space-wolves-claw-pack/011.jpg
    saved data/images/space-marines-space-wolves-claw-pack/012.jpg
    saved data/images/space-marines-space-wolves-claw-pack/013.jpg
    saved data/images/space-marines-space-wolves-claw-pack/014.jpg
    saved data/images/space-marines-space-wolves-claw-pack/015.jpg
    saved data/images/space-marines-space-wolves-claw-pack/016.jpg
    saved data/images/space-marines-space-wolves-claw-pack/017.jpg
    saved data/images/space-marines-space-wolves-claw-pack/018.jpg
    saved data/images/space-marines-space-wolves-claw-pack/019.jpg
    saved data/images/space-marines-space-wolves-claw-pack/020.jpg
    saved data/images/space-marines-space-wolves-claw-pack/021.jpg
    saved data/images/space-marines-space-wolves-claw-pack/022.jpg
    saved data/images/space-marines-space-wolves-claw-pack/description/001.jpg
    saved data/images/space-marines-space-wolves-claw-pack/description/002.jpg
    saved data/images/space-marines-space-wolves-claw-pack/description/003.jpg
    saved data/images/space-marines-space-wolves-claw-pack/description/004.jpg
    saved data/images/space-marines-space-wolves-claw-pack/description/005.jpg
    saved data/images/space-marines-space-wolves-claw-pack/description/006.jpg
    saved data/images/space-marines-space-wolves-claw-pack/description/007.jpg
    saved data/images/space-marines-space-wolves-claw-pack/description/008.jpg
    saved data/images/space-marines-space-wolves-claw-pack/description/009.jpg
    saved data/images/space-marines-space-wolves-claw-pack/description/010.jpg
    saved data/images/space-marines-space-wolves-claw-pack/description/011.jpg
    saved data/images/space-marines-space-wolves-claw-pack/description/012.jpg
    saved data/images/space-marines-space-wolves-claw-pack/description/013.jpg
    saved data/images/space-marines-space-wolves-claw-pack/description/014.jpg
    saved data/images/space-marines-space-wolves-claw-pack/description/015.jpg
    saved data/images/space-marines-space-wolves-claw-pack/description/016.jpg
    saved data/images/space-marines-space-wolves-claw-pack/description/017.jpg
    saved data/images/space-marines-space-wolves-claw-pack/description/018.jpg
    saved data/images/space-marines-space-wolves-claw-pack/description/019.jpg
    saved data/images/space-marines-space-wolves-claw-pack/description/020.jpg
    saved data/images/space-marines-space-wolves-claw-pack/description/021.jpg
    saved data/images/space-marines-space-wolves-claw-pack/description/022.jpg
    saved data/images/space-marines-space-wolves-claw-pack/description/023.jpg
    saved data/images/space-marines-space-wolves-claw-pack/description/024.jpg
[301/541] scraping ezekyle-abaddon-first-captain-of-the-xvith-legion
  downloading 16 images...
    saved data/images/ezekyle-abaddon-first-captain-of-the-xvith-legion/001.jpg
    saved data/images/ezekyle-abaddon-first-captain-of-the-xvith-legion/002.jpg
    saved data/images/ezekyle-abaddon-first-captain-of-the-xvith-legion/003.jpg
    saved data/images/ezekyle-abaddon-first-captain-of-the-xvith-legion/004.jpg
    saved data/images/ezekyle-abaddon-first-captain-of-the-xvith-legion/005.jpg
    saved data/images/ezekyle-abaddon-first-captain-of-the-xvith-legion/006.jpg
    saved data/images/ezekyle-abaddon-first-captain-of-the-xvith-legion/description/001.jpg
    saved data/images/ezekyle-abaddon-first-captain-of-the-xvith-legion/description/002.jpg
    saved data/images/ezekyle-abaddon-first-captain-of-the-xvith-legion/description/003.jpg
    saved data/images/ezekyle-abaddon-first-captain-of-the-xvith-legion/description/004.jpg
    saved data/images/ezekyle-abaddon-first-captain-of-the-xvith-legion/description/005.jpg
    saved data/images/ezekyle-abaddon-first-captain-of-the-xvith-legion/description/006.jpg
    saved data/images/ezekyle-abaddon-first-captain-of-the-xvith-legion/description/007.jpg
    saved data/images/ezekyle-abaddon-first-captain-of-the-xvith-legion/description/008.jpg
    saved data/images/ezekyle-abaddon-first-captain-of-the-xvith-legion/description/009.jpg
    saved data/images/ezekyle-abaddon-first-captain-of-the-xvith-legion/description/010.jpg
[302/541] scraping sons-of-horus-contemptor-dreadnought-with-gravis-autocannon
  downloading 19 images...
    saved data/images/sons-of-horus-contemptor-dreadnought-with-gravis-autocannon/001.jpg
    saved data/images/sons-of-horus-contemptor-dreadnought-with-gravis-autocannon/002.jpg
    saved data/images/sons-of-horus-contemptor-dreadnought-with-gravis-autocannon/003.jpg
    saved data/images/sons-of-horus-contemptor-dreadnought-with-gravis-autocannon/004.jpg
    saved data/images/sons-of-horus-contemptor-dreadnought-with-gravis-autocannon/005.jpg
    saved data/images/sons-of-horus-contemptor-dreadnought-with-gravis-autocannon/006.jpg
    saved data/images/sons-of-horus-contemptor-dreadnought-with-gravis-autocannon/007.jpg
    saved data/images/sons-of-horus-contemptor-dreadnought-with-gravis-autocannon/description/001.jpg
    saved data/images/sons-of-horus-contemptor-dreadnought-with-gravis-autocannon/description/002.jpg
    saved data/images/sons-of-horus-contemptor-dreadnought-with-gravis-autocannon/description/003.jpg
    saved data/images/sons-of-horus-contemptor-dreadnought-with-gravis-autocannon/description/004.jpg
    saved data/images/sons-of-horus-contemptor-dreadnought-with-gravis-autocannon/description/005.jpg
    saved data/images/sons-of-horus-contemptor-dreadnought-with-gravis-autocannon/description/006.jpg
    saved data/images/sons-of-horus-contemptor-dreadnought-with-gravis-autocannon/description/007.jpg
    saved data/images/sons-of-horus-contemptor-dreadnought-with-gravis-autocannon/description/008.jpg
    saved data/images/sons-of-horus-contemptor-dreadnought-with-gravis-autocannon/description/009.jpg
    saved data/images/sons-of-horus-contemptor-dreadnought-with-gravis-autocannon/description/010.jpg
    saved data/images/sons-of-horus-contemptor-dreadnought-with-gravis-autocannon/description/011.jpg
    saved data/images/sons-of-horus-contemptor-dreadnought-with-gravis-autocannon/description/012.jpg
[303/541] scraping adeptus-custodes-vexilus-praetor-in-allarus-terminator-armour-phelam-tolguror
  downloading 12 images...
    saved data/images/adeptus-custodes-vexilus-praetor-in-allarus-terminator-armour-phelam-tolguror/001.jpg
    saved data/images/adeptus-custodes-vexilus-praetor-in-allarus-terminator-armour-phelam-tolguror/002.jpg
    saved data/images/adeptus-custodes-vexilus-praetor-in-allarus-terminator-armour-phelam-tolguror/003.jpg
    saved data/images/adeptus-custodes-vexilus-praetor-in-allarus-terminator-armour-phelam-tolguror/004.jpg
    saved data/images/adeptus-custodes-vexilus-praetor-in-allarus-terminator-armour-phelam-tolguror/005.jpg
    saved data/images/adeptus-custodes-vexilus-praetor-in-allarus-terminator-armour-phelam-tolguror/description/001.jpg
    saved data/images/adeptus-custodes-vexilus-praetor-in-allarus-terminator-armour-phelam-tolguror/description/002.jpg
    saved data/images/adeptus-custodes-vexilus-praetor-in-allarus-terminator-armour-phelam-tolguror/description/003.jpg
    saved data/images/adeptus-custodes-vexilus-praetor-in-allarus-terminator-armour-phelam-tolguror/description/004.jpg
    saved data/images/adeptus-custodes-vexilus-praetor-in-allarus-terminator-armour-phelam-tolguror/description/005.jpg
    saved data/images/adeptus-custodes-vexilus-praetor-in-allarus-terminator-armour-phelam-tolguror/description/006.jpg
    saved data/images/adeptus-custodes-vexilus-praetor-in-allarus-terminator-armour-phelam-tolguror/description/007.jpg
[304/541] scraping sons-of-horus-mkvi-tactical-squad
  downloading 52 images...
    saved data/images/sons-of-horus-mkvi-tactical-squad/001.jpg
    saved data/images/sons-of-horus-mkvi-tactical-squad/002.jpg
    saved data/images/sons-of-horus-mkvi-tactical-squad/003.jpg
    saved data/images/sons-of-horus-mkvi-tactical-squad/004.jpg
    saved data/images/sons-of-horus-mkvi-tactical-squad/005.jpg
    saved data/images/sons-of-horus-mkvi-tactical-squad/006.jpg
    saved data/images/sons-of-horus-mkvi-tactical-squad/007.jpg
    saved data/images/sons-of-horus-mkvi-tactical-squad/008.jpg
    saved data/images/sons-of-horus-mkvi-tactical-squad/009.jpg
    saved data/images/sons-of-horus-mkvi-tactical-squad/010.jpg
    saved data/images/sons-of-horus-mkvi-tactical-squad/011.jpg
    saved data/images/sons-of-horus-mkvi-tactical-squad/012.jpg
    saved data/images/sons-of-horus-mkvi-tactical-squad/013.jpg
    saved data/images/sons-of-horus-mkvi-tactical-squad/014.jpg
    saved data/images/sons-of-horus-mkvi-tactical-squad/015.jpg
    saved data/images/sons-of-horus-mkvi-tactical-squad/016.jpg
    saved data/images/sons-of-horus-mkvi-tactical-squad/017.jpg
    saved data/images/sons-of-horus-mkvi-tactical-squad/018.jpg
    saved data/images/sons-of-horus-mkvi-tactical-squad/019.jpg
    saved data/images/sons-of-horus-mkvi-tactical-squad/020.jpg
    saved data/images/sons-of-horus-mkvi-tactical-squad/021.jpg
    saved data/images/sons-of-horus-mkvi-tactical-squad/022.jpg
    saved data/images/sons-of-horus-mkvi-tactical-squad/023.jpg
    saved data/images/sons-of-horus-mkvi-tactical-squad/024.jpg
    saved data/images/sons-of-horus-mkvi-tactical-squad/025.jpg
    saved data/images/sons-of-horus-mkvi-tactical-squad/026.jpg
    saved data/images/sons-of-horus-mkvi-tactical-squad/description/001.jpg
    saved data/images/sons-of-horus-mkvi-tactical-squad/description/002.jpg
    saved data/images/sons-of-horus-mkvi-tactical-squad/description/003.jpg
    saved data/images/sons-of-horus-mkvi-tactical-squad/description/004.jpg
    saved data/images/sons-of-horus-mkvi-tactical-squad/description/005.jpg
    saved data/images/sons-of-horus-mkvi-tactical-squad/description/006.jpg
    saved data/images/sons-of-horus-mkvi-tactical-squad/description/007.jpg
    saved data/images/sons-of-horus-mkvi-tactical-squad/description/008.jpg
    saved data/images/sons-of-horus-mkvi-tactical-squad/description/009.jpg
    saved data/images/sons-of-horus-mkvi-tactical-squad/description/010.jpg
    saved data/images/sons-of-horus-mkvi-tactical-squad/description/011.jpg
    saved data/images/sons-of-horus-mkvi-tactical-squad/description/012.jpg
    saved data/images/sons-of-horus-mkvi-tactical-squad/description/013.jpg
    saved data/images/sons-of-horus-mkvi-tactical-squad/description/014.jpg
    saved data/images/sons-of-horus-mkvi-tactical-squad/description/015.jpg
    saved data/images/sons-of-horus-mkvi-tactical-squad/description/016.jpg
    saved data/images/sons-of-horus-mkvi-tactical-squad/description/017.jpg
    saved data/images/sons-of-horus-mkvi-tactical-squad/description/018.jpg
    saved data/images/sons-of-horus-mkvi-tactical-squad/description/019.jpg
    saved data/images/sons-of-horus-mkvi-tactical-squad/description/020.jpg
    saved data/images/sons-of-horus-mkvi-tactical-squad/description/021.jpg
    saved data/images/sons-of-horus-mkvi-tactical-squad/description/022.jpg
    saved data/images/sons-of-horus-mkvi-tactical-squad/description/023.jpg
    saved data/images/sons-of-horus-mkvi-tactical-squad/description/024.jpg
    saved data/images/sons-of-horus-mkvi-tactical-squad/description/025.jpg
    saved data/images/sons-of-horus-mkvi-tactical-squad/description/026.jpg
[305/541] scraping imperial-fists-contemptor-dreadnought
  downloading 18 images...
    saved data/images/imperial-fists-contemptor-dreadnought/001.jpg
    saved data/images/imperial-fists-contemptor-dreadnought/002.jpg
    saved data/images/imperial-fists-contemptor-dreadnought/003.jpg
    saved data/images/imperial-fists-contemptor-dreadnought/004.jpg
    saved data/images/imperial-fists-contemptor-dreadnought/005.jpg
    saved data/images/imperial-fists-contemptor-dreadnought/006.jpg
    failed image https://img.joytoy.com/u_file/2402/01/products/aa7740a32b.jpg?x-oss-process=image/quality,q_100: 404 Client Error: Not Found for url: https://img.joytoy.com/u_file/2402/01/products/aa7740a32b.jpg?x-oss-process=image/quality,q_100
    saved data/images/imperial-fists-contemptor-dreadnought/description/001.jpg
    saved data/images/imperial-fists-contemptor-dreadnought/description/002.jpg
    saved data/images/imperial-fists-contemptor-dreadnought/description/003.jpg
    saved data/images/imperial-fists-contemptor-dreadnought/description/004.jpg
    saved data/images/imperial-fists-contemptor-dreadnought/description/005.jpg
    saved data/images/imperial-fists-contemptor-dreadnought/description/006.jpg
    saved data/images/imperial-fists-contemptor-dreadnought/description/007.jpg
    saved data/images/imperial-fists-contemptor-dreadnought/description/008.jpg
    saved data/images/imperial-fists-contemptor-dreadnought/description/009.jpg
    saved data/images/imperial-fists-contemptor-dreadnought/description/010.jpg
    saved data/images/imperial-fists-contemptor-dreadnought/description/011.jpg
[306/541] scraping imperial-fists-legion-cataphractii-terminator-squad
  downloading 34 images...
    saved data/images/imperial-fists-legion-cataphractii-terminator-squad/001.jpg
    saved data/images/imperial-fists-legion-cataphractii-terminator-squad/002.jpg
    saved data/images/imperial-fists-legion-cataphractii-terminator-squad/003.jpg
    saved data/images/imperial-fists-legion-cataphractii-terminator-squad/004.jpg
    saved data/images/imperial-fists-legion-cataphractii-terminator-squad/005.jpg
    saved data/images/imperial-fists-legion-cataphractii-terminator-squad/006.jpg
    saved data/images/imperial-fists-legion-cataphractii-terminator-squad/007.jpg
    saved data/images/imperial-fists-legion-cataphractii-terminator-squad/008.jpg
    saved data/images/imperial-fists-legion-cataphractii-terminator-squad/009.jpg
    saved data/images/imperial-fists-legion-cataphractii-terminator-squad/010.jpg
    saved data/images/imperial-fists-legion-cataphractii-terminator-squad/011.jpg
    saved data/images/imperial-fists-legion-cataphractii-terminator-squad/012.jpg
    saved data/images/imperial-fists-legion-cataphractii-terminator-squad/013.jpg
    saved data/images/imperial-fists-legion-cataphractii-terminator-squad/014.jpg
    saved data/images/imperial-fists-legion-cataphractii-terminator-squad/description/001.jpg
    saved data/images/imperial-fists-legion-cataphractii-terminator-squad/description/002.jpg
    saved data/images/imperial-fists-legion-cataphractii-terminator-squad/description/003.jpg
    saved data/images/imperial-fists-legion-cataphractii-terminator-squad/description/004.jpg
    saved data/images/imperial-fists-legion-cataphractii-terminator-squad/description/005.jpg
    saved data/images/imperial-fists-legion-cataphractii-terminator-squad/description/006.jpg
    saved data/images/imperial-fists-legion-cataphractii-terminator-squad/description/007.jpg
    saved data/images/imperial-fists-legion-cataphractii-terminator-squad/description/008.jpg
    saved data/images/imperial-fists-legion-cataphractii-terminator-squad/description/009.jpg
    saved data/images/imperial-fists-legion-cataphractii-terminator-squad/description/010.jpg
    saved data/images/imperial-fists-legion-cataphractii-terminator-squad/description/011.jpg
    saved data/images/imperial-fists-legion-cataphractii-terminator-squad/description/012.jpg
    saved data/images/imperial-fists-legion-cataphractii-terminator-squad/description/013.jpg
    saved data/images/imperial-fists-legion-cataphractii-terminator-squad/description/014.jpg
    saved data/images/imperial-fists-legion-cataphractii-terminator-squad/description/015.jpg
    saved data/images/imperial-fists-legion-cataphractii-terminator-squad/description/016.jpg
    saved data/images/imperial-fists-legion-cataphractii-terminator-squad/description/017.jpg
    saved data/images/imperial-fists-legion-cataphractii-terminator-squad/description/018.jpg
    saved data/images/imperial-fists-legion-cataphractii-terminator-squad/description/019.jpg
    saved data/images/imperial-fists-legion-cataphractii-terminator-squad/description/020.jpg
[307/541] scraping adeptus-custodes-solar-watch-custodian-guard
  downloading 33 images...
    saved data/images/adeptus-custodes-solar-watch-custodian-guard/001.jpg
    saved data/images/adeptus-custodes-solar-watch-custodian-guard/002.jpg
    saved data/images/adeptus-custodes-solar-watch-custodian-guard/003.jpg
    saved data/images/adeptus-custodes-solar-watch-custodian-guard/004.jpg
    saved data/images/adeptus-custodes-solar-watch-custodian-guard/005.jpg
    saved data/images/adeptus-custodes-solar-watch-custodian-guard/006.jpg
    saved data/images/adeptus-custodes-solar-watch-custodian-guard/007.jpg
    saved data/images/adeptus-custodes-solar-watch-custodian-guard/008.jpg
    saved data/images/adeptus-custodes-solar-watch-custodian-guard/009.jpg
    saved data/images/adeptus-custodes-solar-watch-custodian-guard/010.jpg
    saved data/images/adeptus-custodes-solar-watch-custodian-guard/011.jpg
    saved data/images/adeptus-custodes-solar-watch-custodian-guard/012.jpg
    saved data/images/adeptus-custodes-solar-watch-custodian-guard/013.jpg
    saved data/images/adeptus-custodes-solar-watch-custodian-guard/014.jpg
    saved data/images/adeptus-custodes-solar-watch-custodian-guard/description/001.jpg
    saved data/images/adeptus-custodes-solar-watch-custodian-guard/description/002.jpg
    saved data/images/adeptus-custodes-solar-watch-custodian-guard/description/003.jpg
    saved data/images/adeptus-custodes-solar-watch-custodian-guard/description/004.jpg
    saved data/images/adeptus-custodes-solar-watch-custodian-guard/description/005.jpg
    saved data/images/adeptus-custodes-solar-watch-custodian-guard/description/006.jpg
    saved data/images/adeptus-custodes-solar-watch-custodian-guard/description/007.jpg
    saved data/images/adeptus-custodes-solar-watch-custodian-guard/description/008.jpg
    saved data/images/adeptus-custodes-solar-watch-custodian-guard/description/009.jpg
    saved data/images/adeptus-custodes-solar-watch-custodian-guard/description/010.jpg
    saved data/images/adeptus-custodes-solar-watch-custodian-guard/description/011.jpg
    saved data/images/adeptus-custodes-solar-watch-custodian-guard/description/012.jpg
    saved data/images/adeptus-custodes-solar-watch-custodian-guard/description/013.jpg
    saved data/images/adeptus-custodes-solar-watch-custodian-guard/description/014.jpg
    saved data/images/adeptus-custodes-solar-watch-custodian-guard/description/015.jpg
    saved data/images/adeptus-custodes-solar-watch-custodian-guard/description/016.jpg
    saved data/images/adeptus-custodes-solar-watch-custodian-guard/description/017.jpg
    saved data/images/adeptus-custodes-solar-watch-custodian-guard/description/018.jpg
    saved data/images/adeptus-custodes-solar-watch-custodian-guard/description/019.jpg
[308/541] scraping imperial-fists-intercessors
  downloading 16 images...
    saved data/images/imperial-fists-intercessors/001.jpg
    saved data/images/imperial-fists-intercessors/002.jpg
    saved data/images/imperial-fists-intercessors/003.jpg
    saved data/images/imperial-fists-intercessors/004.jpg
    saved data/images/imperial-fists-intercessors/005.jpg
    saved data/images/imperial-fists-intercessors/006.jpg
    saved data/images/imperial-fists-intercessors/description/001.jpg
    saved data/images/imperial-fists-intercessors/description/002.jpg
    saved data/images/imperial-fists-intercessors/description/003.jpg
    saved data/images/imperial-fists-intercessors/description/004.jpg
    saved data/images/imperial-fists-intercessors/description/005.jpg
    saved data/images/imperial-fists-intercessors/description/006.jpg
    saved data/images/imperial-fists-intercessors/description/007.jpg
    saved data/images/imperial-fists-intercessors/description/008.jpg
    saved data/images/imperial-fists-intercessors/description/009.jpg
    saved data/images/imperial-fists-intercessors/description/010.jpg
[309/541] scraping blood-angels-intercessors
  downloading 15 images...
    saved data/images/blood-angels-intercessors/001.jpg
    saved data/images/blood-angels-intercessors/002.jpg
    saved data/images/blood-angels-intercessors/003.jpg
    saved data/images/blood-angels-intercessors/004.jpg
    saved data/images/blood-angels-intercessors/005.jpg
    saved data/images/blood-angels-intercessors/006.jpg
    saved data/images/blood-angels-intercessors/description/001.jpg
    saved data/images/blood-angels-intercessors/description/002.jpg
    saved data/images/blood-angels-intercessors/description/003.jpg
    saved data/images/blood-angels-intercessors/description/004.jpg
    saved data/images/blood-angels-intercessors/description/005.jpg
    saved data/images/blood-angels-intercessors/description/006.jpg
    saved data/images/blood-angels-intercessors/description/007.jpg
    saved data/images/blood-angels-intercessors/description/008.jpg
    saved data/images/blood-angels-intercessors/description/009.jpg
[310/541] scraping ultramarines-intercessors
  downloading 15 images...
    saved data/images/ultramarines-intercessors/001.jpg
    saved data/images/ultramarines-intercessors/002.jpg
    saved data/images/ultramarines-intercessors/003.jpg
    saved data/images/ultramarines-intercessors/004.jpg
    saved data/images/ultramarines-intercessors/005.jpg
    saved data/images/ultramarines-intercessors/006.jpg
    saved data/images/ultramarines-intercessors/description/001.jpg
    saved data/images/ultramarines-intercessors/description/002.jpg
    saved data/images/ultramarines-intercessors/description/003.jpg
    saved data/images/ultramarines-intercessors/description/004.jpg
    saved data/images/ultramarines-intercessors/description/005.jpg
    saved data/images/ultramarines-intercessors/description/006.jpg
    saved data/images/ultramarines-intercessors/description/007.jpg
    saved data/images/ultramarines-intercessors/description/008.jpg
    saved data/images/ultramarines-intercessors/description/009.jpg
[311/541] scraping space-wolves-intercessors
  downloading 14 images...
    saved data/images/space-wolves-intercessors/001.jpg
    saved data/images/space-wolves-intercessors/002.jpg
    saved data/images/space-wolves-intercessors/003.jpg
    saved data/images/space-wolves-intercessors/004.jpg
    saved data/images/space-wolves-intercessors/005.jpg
    saved data/images/space-wolves-intercessors/006.jpg
    saved data/images/space-wolves-intercessors/description/001.jpg
    saved data/images/space-wolves-intercessors/description/002.jpg
    saved data/images/space-wolves-intercessors/description/003.jpg
    saved data/images/space-wolves-intercessors/description/004.jpg
    saved data/images/space-wolves-intercessors/description/005.jpg
    saved data/images/space-wolves-intercessors/description/006.jpg
    saved data/images/space-wolves-intercessors/description/007.jpg
    saved data/images/space-wolves-intercessors/description/008.jpg
[312/541] scraping imperial-fists-sigismund
  downloading 16 images...
    saved data/images/imperial-fists-sigismund/001.jpg
    saved data/images/imperial-fists-sigismund/002.jpg
    saved data/images/imperial-fists-sigismund/003.jpg
    saved data/images/imperial-fists-sigismund/004.jpg
    saved data/images/imperial-fists-sigismund/005.jpg
    saved data/images/imperial-fists-sigismund/006.jpg
    saved data/images/imperial-fists-sigismund/007.jpg
    saved data/images/imperial-fists-sigismund/description/001.jpg
    saved data/images/imperial-fists-sigismund/description/002.jpg
    saved data/images/imperial-fists-sigismund/description/003.jpg
    saved data/images/imperial-fists-sigismund/description/004.jpg
    saved data/images/imperial-fists-sigismund/description/005.jpg
    saved data/images/imperial-fists-sigismund/description/006.jpg
    saved data/images/imperial-fists-sigismund/description/007.jpg
    saved data/images/imperial-fists-sigismund/description/008.jpg
    saved data/images/imperial-fists-sigismund/description/009.jpg
[313/541] scraping imperial-fists-mklll-breacher-legionaries
  downloading 40 images...
    saved data/images/imperial-fists-mklll-breacher-legionaries/001.jpg
    saved data/images/imperial-fists-mklll-breacher-legionaries/002.jpg
    saved data/images/imperial-fists-mklll-breacher-legionaries/003.jpg
    saved data/images/imperial-fists-mklll-breacher-legionaries/004.jpg
    saved data/images/imperial-fists-mklll-breacher-legionaries/005.jpg
    saved data/images/imperial-fists-mklll-breacher-legionaries/006.jpg
    saved data/images/imperial-fists-mklll-breacher-legionaries/007.jpg
    saved data/images/imperial-fists-mklll-breacher-legionaries/008.jpg
    saved data/images/imperial-fists-mklll-breacher-legionaries/009.jpg
    saved data/images/imperial-fists-mklll-breacher-legionaries/010.jpg
    saved data/images/imperial-fists-mklll-breacher-legionaries/011.jpg
    saved data/images/imperial-fists-mklll-breacher-legionaries/012.jpg
    saved data/images/imperial-fists-mklll-breacher-legionaries/013.jpg
    saved data/images/imperial-fists-mklll-breacher-legionaries/014.jpg
    saved data/images/imperial-fists-mklll-breacher-legionaries/015.jpg
    saved data/images/imperial-fists-mklll-breacher-legionaries/016.jpg
    saved data/images/imperial-fists-mklll-breacher-legionaries/017.jpg
    saved data/images/imperial-fists-mklll-breacher-legionaries/018.jpg
    saved data/images/imperial-fists-mklll-breacher-legionaries/019.jpg
    saved data/images/imperial-fists-mklll-breacher-legionaries/020.jpg
    saved data/images/imperial-fists-mklll-breacher-legionaries/description/001.jpg
    saved data/images/imperial-fists-mklll-breacher-legionaries/description/002.jpg
    saved data/images/imperial-fists-mklll-breacher-legionaries/description/003.jpg
    saved data/images/imperial-fists-mklll-breacher-legionaries/description/004.jpg
    saved data/images/imperial-fists-mklll-breacher-legionaries/description/005.jpg
    saved data/images/imperial-fists-mklll-breacher-legionaries/description/006.jpg
    saved data/images/imperial-fists-mklll-breacher-legionaries/description/007.jpg
    saved data/images/imperial-fists-mklll-breacher-legionaries/description/008.jpg
    saved data/images/imperial-fists-mklll-breacher-legionaries/description/009.jpg
    saved data/images/imperial-fists-mklll-breacher-legionaries/description/010.jpg
    saved data/images/imperial-fists-mklll-breacher-legionaries/description/011.jpg
    saved data/images/imperial-fists-mklll-breacher-legionaries/description/012.jpg
    saved data/images/imperial-fists-mklll-breacher-legionaries/description/013.jpg
    saved data/images/imperial-fists-mklll-breacher-legionaries/description/014.jpg
    saved data/images/imperial-fists-mklll-breacher-legionaries/description/015.jpg
    saved data/images/imperial-fists-mklll-breacher-legionaries/description/016.jpg
    saved data/images/imperial-fists-mklll-breacher-legionaries/description/017.jpg
    saved data/images/imperial-fists-mklll-breacher-legionaries/description/018.jpg
    saved data/images/imperial-fists-mklll-breacher-legionaries/description/019.jpg
    saved data/images/imperial-fists-mklll-breacher-legionaries/description/020.jpg
[314/541] scraping grey-knights-kaldor-draigo
  downloading 17 images...
    saved data/images/grey-knights-kaldor-draigo/001.jpg
    saved data/images/grey-knights-kaldor-draigo/002.jpg
    saved data/images/grey-knights-kaldor-draigo/003.jpg
    saved data/images/grey-knights-kaldor-draigo/004.jpg
    saved data/images/grey-knights-kaldor-draigo/005.jpg
    saved data/images/grey-knights-kaldor-draigo/006.jpg
    saved data/images/grey-knights-kaldor-draigo/description/001.jpg
    saved data/images/grey-knights-kaldor-draigo/description/002.jpg
    saved data/images/grey-knights-kaldor-draigo/description/003.jpg
    saved data/images/grey-knights-kaldor-draigo/description/004.jpg
    saved data/images/grey-knights-kaldor-draigo/description/005.jpg
    saved data/images/grey-knights-kaldor-draigo/description/006.jpg
    saved data/images/grey-knights-kaldor-draigo/description/007.jpg
    saved data/images/grey-knights-kaldor-draigo/description/008.jpg
    saved data/images/grey-knights-kaldor-draigo/description/009.jpg
    saved data/images/grey-knights-kaldor-draigo/description/010.jpg
    saved data/images/grey-knights-kaldor-draigo/description/011.jpg
[315/541] scraping dark-angels-deathwing-knight-squad
  downloading 37 images...
    saved data/images/dark-angels-deathwing-knight-squad/001.jpg
    saved data/images/dark-angels-deathwing-knight-squad/002.jpg
    saved data/images/dark-angels-deathwing-knight-squad/003.jpg
    saved data/images/dark-angels-deathwing-knight-squad/004.jpg
    saved data/images/dark-angels-deathwing-knight-squad/005.jpg
    saved data/images/dark-angels-deathwing-knight-squad/006.jpg
    saved data/images/dark-angels-deathwing-knight-squad/007.jpg
    saved data/images/dark-angels-deathwing-knight-squad/008.jpg
    saved data/images/dark-angels-deathwing-knight-squad/009.jpg
    saved data/images/dark-angels-deathwing-knight-squad/010.jpg
    saved data/images/dark-angels-deathwing-knight-squad/011.jpg
    saved data/images/dark-angels-deathwing-knight-squad/012.jpg
    saved data/images/dark-angels-deathwing-knight-squad/013.jpg
    saved data/images/dark-angels-deathwing-knight-squad/014.jpg
    saved data/images/dark-angels-deathwing-knight-squad/015.jpg
    saved data/images/dark-angels-deathwing-knight-squad/016.jpg
    saved data/images/dark-angels-deathwing-knight-squad/017.jpg
    saved data/images/dark-angels-deathwing-knight-squad/018.jpg
    saved data/images/dark-angels-deathwing-knight-squad/019.jpg
    saved data/images/dark-angels-deathwing-knight-squad/020.jpg
    saved data/images/dark-angels-deathwing-knight-squad/description/001.jpg
    saved data/images/dark-angels-deathwing-knight-squad/description/002.jpg
    saved data/images/dark-angels-deathwing-knight-squad/description/003.jpg
    saved data/images/dark-angels-deathwing-knight-squad/description/004.jpg
    saved data/images/dark-angels-deathwing-knight-squad/description/005.jpg
    saved data/images/dark-angels-deathwing-knight-squad/description/006.jpg
    saved data/images/dark-angels-deathwing-knight-squad/description/007.jpg
    saved data/images/dark-angels-deathwing-knight-squad/description/008.jpg
    saved data/images/dark-angels-deathwing-knight-squad/description/009.jpg
    saved data/images/dark-angels-deathwing-knight-squad/description/010.jpg
    saved data/images/dark-angels-deathwing-knight-squad/description/011.jpg
    saved data/images/dark-angels-deathwing-knight-squad/description/012.jpg
    saved data/images/dark-angels-deathwing-knight-squad/description/013.jpg
    saved data/images/dark-angels-deathwing-knight-squad/description/014.jpg
    saved data/images/dark-angels-deathwing-knight-squad/description/015.jpg
    saved data/images/dark-angels-deathwing-knight-squad/description/016.jpg
    saved data/images/dark-angels-deathwing-knight-squad/description/017.jpg
[316/541] scraping dark-angels-deathwing-action-figure
  downloading 31 images...
    saved data/images/dark-angels-deathwing-action-figure/001.jpg
    saved data/images/dark-angels-deathwing-action-figure/002.jpg
    saved data/images/dark-angels-deathwing-action-figure/003.jpg
    saved data/images/dark-angels-deathwing-action-figure/004.jpg
    saved data/images/dark-angels-deathwing-action-figure/005.jpg
    saved data/images/dark-angels-deathwing-action-figure/006.jpg
    saved data/images/dark-angels-deathwing-action-figure/007.jpg
    saved data/images/dark-angels-deathwing-action-figure/008.jpg
    saved data/images/dark-angels-deathwing-action-figure/009.jpg
    saved data/images/dark-angels-deathwing-action-figure/010.jpg
    saved data/images/dark-angels-deathwing-action-figure/011.jpg
    saved data/images/dark-angels-deathwing-action-figure/012.jpg
    saved data/images/dark-angels-deathwing-action-figure/013.jpg
    saved data/images/dark-angels-deathwing-action-figure/014.jpg
    saved data/images/dark-angels-deathwing-action-figure/description/001.jpg
    saved data/images/dark-angels-deathwing-action-figure/description/002.jpg
    saved data/images/dark-angels-deathwing-action-figure/description/003.jpg
    saved data/images/dark-angels-deathwing-action-figure/description/004.jpg
    saved data/images/dark-angels-deathwing-action-figure/description/005.jpg
    saved data/images/dark-angels-deathwing-action-figure/description/006.jpg
    saved data/images/dark-angels-deathwing-action-figure/description/007.jpg
    saved data/images/dark-angels-deathwing-action-figure/description/008.jpg
    saved data/images/dark-angels-deathwing-action-figure/description/009.jpg
    saved data/images/dark-angels-deathwing-action-figure/description/010.jpg
    saved data/images/dark-angels-deathwing-action-figure/description/011.jpg
    saved data/images/dark-angels-deathwing-action-figure/description/012.jpg
    saved data/images/dark-angels-deathwing-action-figure/description/013.jpg
    saved data/images/dark-angels-deathwing-action-figure/description/014.jpg
    saved data/images/dark-angels-deathwing-action-figure/description/015.jpg
    saved data/images/dark-angels-deathwing-action-figure/description/016.jpg
    saved data/images/dark-angels-deathwing-action-figure/description/017.jpg
[317/541] scraping imperial-fists-legion-praetor-with-power-sword
  downloading 17 images...
    saved data/images/imperial-fists-legion-praetor-with-power-sword/001.jpg
    saved data/images/imperial-fists-legion-praetor-with-power-sword/002.jpg
    saved data/images/imperial-fists-legion-praetor-with-power-sword/003.jpg
    saved data/images/imperial-fists-legion-praetor-with-power-sword/004.jpg
    saved data/images/imperial-fists-legion-praetor-with-power-sword/005.jpg
    saved data/images/imperial-fists-legion-praetor-with-power-sword/006.jpg
    saved data/images/imperial-fists-legion-praetor-with-power-sword/description/001.jpg
    saved data/images/imperial-fists-legion-praetor-with-power-sword/description/002.jpg
    saved data/images/imperial-fists-legion-praetor-with-power-sword/description/003.jpg
    saved data/images/imperial-fists-legion-praetor-with-power-sword/description/004.jpg
    saved data/images/imperial-fists-legion-praetor-with-power-sword/description/005.jpg
    saved data/images/imperial-fists-legion-praetor-with-power-sword/description/006.jpg
    saved data/images/imperial-fists-legion-praetor-with-power-sword/description/007.jpg
    saved data/images/imperial-fists-legion-praetor-with-power-sword/description/008.jpg
    saved data/images/imperial-fists-legion-praetor-with-power-sword/description/009.jpg
    saved data/images/imperial-fists-legion-praetor-with-power-sword/description/010.jpg
    saved data/images/imperial-fists-legion-praetor-with-power-sword/description/011.jpg
[318/541] scraping imperial-fists-mklll-despoiler-legionaries
  downloading 34 images...
    saved data/images/imperial-fists-mklll-despoiler-legionaries/001.jpg
    saved data/images/imperial-fists-mklll-despoiler-legionaries/002.jpg
    saved data/images/imperial-fists-mklll-despoiler-legionaries/003.jpg
    saved data/images/imperial-fists-mklll-despoiler-legionaries/004.jpg
    saved data/images/imperial-fists-mklll-despoiler-legionaries/005.jpg
    saved data/images/imperial-fists-mklll-despoiler-legionaries/006.jpg
    saved data/images/imperial-fists-mklll-despoiler-legionaries/007.jpg
    saved data/images/imperial-fists-mklll-despoiler-legionaries/008.jpg
    saved data/images/imperial-fists-mklll-despoiler-legionaries/009.jpg
    saved data/images/imperial-fists-mklll-despoiler-legionaries/010.jpg
    saved data/images/imperial-fists-mklll-despoiler-legionaries/011.jpg
    saved data/images/imperial-fists-mklll-despoiler-legionaries/012.jpg
    saved data/images/imperial-fists-mklll-despoiler-legionaries/013.jpg
    saved data/images/imperial-fists-mklll-despoiler-legionaries/014.jpg
    saved data/images/imperial-fists-mklll-despoiler-legionaries/015.jpg
    saved data/images/imperial-fists-mklll-despoiler-legionaries/description/001.jpg
    saved data/images/imperial-fists-mklll-despoiler-legionaries/description/002.jpg
    saved data/images/imperial-fists-mklll-despoiler-legionaries/description/003.jpg
    saved data/images/imperial-fists-mklll-despoiler-legionaries/description/004.jpg
    saved data/images/imperial-fists-mklll-despoiler-legionaries/description/005.jpg
    saved data/images/imperial-fists-mklll-despoiler-legionaries/description/006.jpg
    saved data/images/imperial-fists-mklll-despoiler-legionaries/description/007.jpg
    saved data/images/imperial-fists-mklll-despoiler-legionaries/description/008.jpg
    saved data/images/imperial-fists-mklll-despoiler-legionaries/description/009.jpg
    saved data/images/imperial-fists-mklll-despoiler-legionaries/description/010.jpg
    saved data/images/imperial-fists-mklll-despoiler-legionaries/description/011.jpg
    saved data/images/imperial-fists-mklll-despoiler-legionaries/description/012.jpg
    saved data/images/imperial-fists-mklll-despoiler-legionaries/description/013.jpg
    saved data/images/imperial-fists-mklll-despoiler-legionaries/description/014.jpg
    saved data/images/imperial-fists-mklll-despoiler-legionaries/description/015.jpg
    saved data/images/imperial-fists-mklll-despoiler-legionaries/description/016.jpg
    saved data/images/imperial-fists-mklll-despoiler-legionaries/description/017.jpg
    saved data/images/imperial-fists-mklll-despoiler-legionaries/description/018.jpg
    saved data/images/imperial-fists-mklll-despoiler-legionaries/description/019.jpg
[319/541] scraping imperial-fists-legion-chaplain-consul
  downloading 19 images...
    saved data/images/imperial-fists-legion-chaplain-consul/001.jpg
    saved data/images/imperial-fists-legion-chaplain-consul/002.jpg
    saved data/images/imperial-fists-legion-chaplain-consul/003.jpg
    saved data/images/imperial-fists-legion-chaplain-consul/004.jpg
    saved data/images/imperial-fists-legion-chaplain-consul/005.jpg
    saved data/images/imperial-fists-legion-chaplain-consul/006.jpg
    saved data/images/imperial-fists-legion-chaplain-consul/007.jpg
    saved data/images/imperial-fists-legion-chaplain-consul/description/001.jpg
    saved data/images/imperial-fists-legion-chaplain-consul/description/002.jpg
    saved data/images/imperial-fists-legion-chaplain-consul/description/003.jpg
    saved data/images/imperial-fists-legion-chaplain-consul/description/004.jpg
    saved data/images/imperial-fists-legion-chaplain-consul/description/005.jpg
    saved data/images/imperial-fists-legion-chaplain-consul/description/006.jpg
    saved data/images/imperial-fists-legion-chaplain-consul/description/007.jpg
    saved data/images/imperial-fists-legion-chaplain-consul/description/008.jpg
    saved data/images/imperial-fists-legion-chaplain-consul/description/009.jpg
    saved data/images/imperial-fists-legion-chaplain-consul/description/010.jpg
    saved data/images/imperial-fists-legion-chaplain-consul/description/011.jpg
    saved data/images/imperial-fists-legion-chaplain-consul/description/012.jpg
[320/541] scraping grey-knights-strike-squad
  downloading 38 images...
    saved data/images/grey-knights-strike-squad/001.jpg
    saved data/images/grey-knights-strike-squad/002.jpg
    saved data/images/grey-knights-strike-squad/003.jpg
    saved data/images/grey-knights-strike-squad/004.jpg
    saved data/images/grey-knights-strike-squad/005.jpg
    saved data/images/grey-knights-strike-squad/006.jpg
    saved data/images/grey-knights-strike-squad/007.jpg
    saved data/images/grey-knights-strike-squad/008.jpg
    saved data/images/grey-knights-strike-squad/009.jpg
    saved data/images/grey-knights-strike-squad/010.jpg
    saved data/images/grey-knights-strike-squad/011.jpg
    saved data/images/grey-knights-strike-squad/012.jpg
    saved data/images/grey-knights-strike-squad/013.jpg
    saved data/images/grey-knights-strike-squad/014.jpg
    saved data/images/grey-knights-strike-squad/015.jpg
    saved data/images/grey-knights-strike-squad/016.jpg
    saved data/images/grey-knights-strike-squad/017.jpg
    saved data/images/grey-knights-strike-squad/018.jpg
    saved data/images/grey-knights-strike-squad/019.jpg
    saved data/images/grey-knights-strike-squad/020.jpg
    saved data/images/grey-knights-strike-squad/description/001.jpg
    saved data/images/grey-knights-strike-squad/description/002.jpg
    saved data/images/grey-knights-strike-squad/description/003.jpg
    saved data/images/grey-knights-strike-squad/description/004.jpg
    saved data/images/grey-knights-strike-squad/description/005.jpg
    saved data/images/grey-knights-strike-squad/description/006.jpg
    saved data/images/grey-knights-strike-squad/description/007.jpg
    saved data/images/grey-knights-strike-squad/description/008.jpg
    saved data/images/grey-knights-strike-squad/description/009.jpg
    saved data/images/grey-knights-strike-squad/description/010.jpg
    saved data/images/grey-knights-strike-squad/description/011.jpg
    saved data/images/grey-knights-strike-squad/description/012.jpg
    saved data/images/grey-knights-strike-squad/description/013.jpg
    saved data/images/grey-knights-strike-squad/description/014.jpg
    saved data/images/grey-knights-strike-squad/description/015.jpg
    saved data/images/grey-knights-strike-squad/description/016.jpg
    saved data/images/grey-knights-strike-squad/description/017.jpg
    saved data/images/grey-knights-strike-squad/description/018.jpg
[321/541] scraping adeptus-custodes-blade-champion
  downloading 18 images...
    saved data/images/adeptus-custodes-blade-champion/001.jpg
    saved data/images/adeptus-custodes-blade-champion/002.jpg
    saved data/images/adeptus-custodes-blade-champion/003.jpg
    saved data/images/adeptus-custodes-blade-champion/004.jpg
    saved data/images/adeptus-custodes-blade-champion/005.jpg
    saved data/images/adeptus-custodes-blade-champion/006.jpg
    saved data/images/adeptus-custodes-blade-champion/007.jpg
    saved data/images/adeptus-custodes-blade-champion/description/001.jpg
    saved data/images/adeptus-custodes-blade-champion/description/002.jpg
    saved data/images/adeptus-custodes-blade-champion/description/003.jpg
    saved data/images/adeptus-custodes-blade-champion/description/004.jpg
    saved data/images/adeptus-custodes-blade-champion/description/005.jpg
    saved data/images/adeptus-custodes-blade-champion/description/006.jpg
    saved data/images/adeptus-custodes-blade-champion/description/007.jpg
    saved data/images/adeptus-custodes-blade-champion/description/008.jpg
    saved data/images/adeptus-custodes-blade-champion/description/009.jpg
    saved data/images/adeptus-custodes-blade-champion/description/010.jpg
    saved data/images/adeptus-custodes-blade-champion/description/011.jpg
[322/541] scraping astra-militarum-cadian-armoured-sentinel
  downloading 33 images...
    saved data/images/astra-militarum-cadian-armoured-sentinel/001.jpg
    saved data/images/astra-militarum-cadian-armoured-sentinel/002.jpg
    saved data/images/astra-militarum-cadian-armoured-sentinel/003.jpg
    saved data/images/astra-militarum-cadian-armoured-sentinel/004.jpg
    saved data/images/astra-militarum-cadian-armoured-sentinel/005.jpg
    saved data/images/astra-militarum-cadian-armoured-sentinel/006.jpg
    saved data/images/astra-militarum-cadian-armoured-sentinel/007.jpg
    saved data/images/astra-militarum-cadian-armoured-sentinel/008.jpg
    saved data/images/astra-militarum-cadian-armoured-sentinel/009.jpg
    saved data/images/astra-militarum-cadian-armoured-sentinel/description/001.jpg
    saved data/images/astra-militarum-cadian-armoured-sentinel/description/002.jpg
    saved data/images/astra-militarum-cadian-armoured-sentinel/description/003.jpg
    saved data/images/astra-militarum-cadian-armoured-sentinel/description/004.jpg
    saved data/images/astra-militarum-cadian-armoured-sentinel/description/005.jpg
    saved data/images/astra-militarum-cadian-armoured-sentinel/description/006.jpg
    saved data/images/astra-militarum-cadian-armoured-sentinel/description/007.jpg
    saved data/images/astra-militarum-cadian-armoured-sentinel/description/008.jpg
    saved data/images/astra-militarum-cadian-armoured-sentinel/description/009.jpg
    saved data/images/astra-militarum-cadian-armoured-sentinel/description/010.jpg
    saved data/images/astra-militarum-cadian-armoured-sentinel/description/011.jpg
    saved data/images/astra-militarum-cadian-armoured-sentinel/description/012.jpg
    saved data/images/astra-militarum-cadian-armoured-sentinel/description/013.jpg
    saved data/images/astra-militarum-cadian-armoured-sentinel/description/014.jpg
    saved data/images/astra-militarum-cadian-armoured-sentinel/description/015.jpg
    saved data/images/astra-militarum-cadian-armoured-sentinel/description/016.jpg
    saved data/images/astra-militarum-cadian-armoured-sentinel/description/017.jpg
    saved data/images/astra-militarum-cadian-armoured-sentinel/description/018.jpg
    saved data/images/astra-militarum-cadian-armoured-sentinel/description/019.jpg
    saved data/images/astra-militarum-cadian-armoured-sentinel/description/020.jpg
    saved data/images/astra-militarum-cadian-armoured-sentinel/description/021.jpg
    saved data/images/astra-militarum-cadian-armoured-sentinel/description/022.jpg
    saved data/images/astra-militarum-cadian-armoured-sentinel/description/023.jpg
    saved data/images/astra-militarum-cadian-armoured-sentinel/description/024.jpg
[323/541] scraping ultramarines-bladeguard-ancient
  downloading 15 images...
    saved data/images/ultramarines-bladeguard-ancient/001.jpg
    saved data/images/ultramarines-bladeguard-ancient/002.jpg
    saved data/images/ultramarines-bladeguard-ancient/003.jpg
    saved data/images/ultramarines-bladeguard-ancient/004.jpg
    saved data/images/ultramarines-bladeguard-ancient/005.jpg
    saved data/images/ultramarines-bladeguard-ancient/006.jpg
    saved data/images/ultramarines-bladeguard-ancient/007.jpg
    saved data/images/ultramarines-bladeguard-ancient/description/001.jpg
    saved data/images/ultramarines-bladeguard-ancient/description/002.jpg
    saved data/images/ultramarines-bladeguard-ancient/description/003.jpg
    saved data/images/ultramarines-bladeguard-ancient/description/004.jpg
    saved data/images/ultramarines-bladeguard-ancient/description/005.jpg
    saved data/images/ultramarines-bladeguard-ancient/description/006.jpg
    saved data/images/ultramarines-bladeguard-ancient/description/007.jpg
    saved data/images/ultramarines-bladeguard-ancient/description/008.jpg
[324/541] scraping primaris-space-marines-bladeguard-veteran
  downloading 42 images...
    saved data/images/primaris-space-marines-bladeguard-veteran/001.jpg
    saved data/images/primaris-space-marines-bladeguard-veteran/002.jpg
    saved data/images/primaris-space-marines-bladeguard-veteran/003.jpg
    saved data/images/primaris-space-marines-bladeguard-veteran/004.jpg
    saved data/images/primaris-space-marines-bladeguard-veteran/005.jpg
    saved data/images/primaris-space-marines-bladeguard-veteran/006.jpg
    saved data/images/primaris-space-marines-bladeguard-veteran/007.jpg
    saved data/images/primaris-space-marines-bladeguard-veteran/008.jpg
    saved data/images/primaris-space-marines-bladeguard-veteran/009.jpg
    saved data/images/primaris-space-marines-bladeguard-veteran/010.jpg
    saved data/images/primaris-space-marines-bladeguard-veteran/011.jpg
    saved data/images/primaris-space-marines-bladeguard-veteran/012.jpg
    saved data/images/primaris-space-marines-bladeguard-veteran/013.jpg
    saved data/images/primaris-space-marines-bladeguard-veteran/014.jpg
    saved data/images/primaris-space-marines-bladeguard-veteran/015.jpg
    saved data/images/primaris-space-marines-bladeguard-veteran/016.jpg
    saved data/images/primaris-space-marines-bladeguard-veteran/017.jpg
    saved data/images/primaris-space-marines-bladeguard-veteran/018.jpg
    saved data/images/primaris-space-marines-bladeguard-veteran/019.jpg
    saved data/images/primaris-space-marines-bladeguard-veteran/020.jpg
    saved data/images/primaris-space-marines-bladeguard-veteran/021.jpg
    saved data/images/primaris-space-marines-bladeguard-veteran/022.jpg
    saved data/images/primaris-space-marines-bladeguard-veteran/023.jpg
    saved data/images/primaris-space-marines-bladeguard-veteran/024.jpg
    saved data/images/primaris-space-marines-bladeguard-veteran/025.jpg
    saved data/images/primaris-space-marines-bladeguard-veteran/026.jpg
    saved data/images/primaris-space-marines-bladeguard-veteran/description/001.jpg
    saved data/images/primaris-space-marines-bladeguard-veteran/description/002.jpg
    saved data/images/primaris-space-marines-bladeguard-veteran/description/003.jpg
    saved data/images/primaris-space-marines-bladeguard-veteran/description/004.jpg
    saved data/images/primaris-space-marines-bladeguard-veteran/description/005.jpg
    saved data/images/primaris-space-marines-bladeguard-veteran/description/006.jpg
    saved data/images/primaris-space-marines-bladeguard-veteran/description/007.jpg
    saved data/images/primaris-space-marines-bladeguard-veteran/description/008.jpg
    saved data/images/primaris-space-marines-bladeguard-veteran/description/009.jpg
    saved data/images/primaris-space-marines-bladeguard-veteran/description/010.jpg
    saved data/images/primaris-space-marines-bladeguard-veteran/description/011.jpg
    saved data/images/primaris-space-marines-bladeguard-veteran/description/012.jpg
    saved data/images/primaris-space-marines-bladeguard-veteran/description/013.jpg
    saved data/images/primaris-space-marines-bladeguard-veteran/description/014.jpg
    saved data/images/primaris-space-marines-bladeguard-veteran/description/015.jpg
    saved data/images/primaris-space-marines-bladeguard-veteran/description/016.jpg
[325/541] scraping ultramarines-vanguard-veteran-with-thunder-hammer-and-storm-shield
  downloading 15 images...
    saved data/images/ultramarines-vanguard-veteran-with-thunder-hammer-and-storm-shield/001.jpg
    saved data/images/ultramarines-vanguard-veteran-with-thunder-hammer-and-storm-shield/002.jpg
    saved data/images/ultramarines-vanguard-veteran-with-thunder-hammer-and-storm-shield/003.jpg
    saved data/images/ultramarines-vanguard-veteran-with-thunder-hammer-and-storm-shield/004.jpg
    saved data/images/ultramarines-vanguard-veteran-with-thunder-hammer-and-storm-shield/005.jpg
    saved data/images/ultramarines-vanguard-veteran-with-thunder-hammer-and-storm-shield/006.jpg
    saved data/images/ultramarines-vanguard-veteran-with-thunder-hammer-and-storm-shield/007.jpg
    saved data/images/ultramarines-vanguard-veteran-with-thunder-hammer-and-storm-shield/description/001.jpg
    saved data/images/ultramarines-vanguard-veteran-with-thunder-hammer-and-storm-shield/description/002.jpg
    saved data/images/ultramarines-vanguard-veteran-with-thunder-hammer-and-storm-shield/description/003.jpg
    saved data/images/ultramarines-vanguard-veteran-with-thunder-hammer-and-storm-shield/description/004.jpg
    saved data/images/ultramarines-vanguard-veteran-with-thunder-hammer-and-storm-shield/description/005.jpg
    saved data/images/ultramarines-vanguard-veteran-with-thunder-hammer-and-storm-shield/description/006.jpg
    saved data/images/ultramarines-vanguard-veteran-with-thunder-hammer-and-storm-shield/description/007.jpg
    saved data/images/ultramarines-vanguard-veteran-with-thunder-hammer-and-storm-shield/description/008.jpg
[326/541] scraping ultramarines-vanguard-veteran-with-chainsword-and-bolt-pistol
  downloading 16 images...
    saved data/images/ultramarines-vanguard-veteran-with-chainsword-and-bolt-pistol/001.jpg
    saved data/images/ultramarines-vanguard-veteran-with-chainsword-and-bolt-pistol/002.jpg
    saved data/images/ultramarines-vanguard-veteran-with-chainsword-and-bolt-pistol/003.jpg
    saved data/images/ultramarines-vanguard-veteran-with-chainsword-and-bolt-pistol/004.jpg
    saved data/images/ultramarines-vanguard-veteran-with-chainsword-and-bolt-pistol/005.jpg
    saved data/images/ultramarines-vanguard-veteran-with-chainsword-and-bolt-pistol/006.jpg
    saved data/images/ultramarines-vanguard-veteran-with-chainsword-and-bolt-pistol/007.jpg
    saved data/images/ultramarines-vanguard-veteran-with-chainsword-and-bolt-pistol/description/001.jpg
    saved data/images/ultramarines-vanguard-veteran-with-chainsword-and-bolt-pistol/description/002.jpg
    saved data/images/ultramarines-vanguard-veteran-with-chainsword-and-bolt-pistol/description/003.jpg
    saved data/images/ultramarines-vanguard-veteran-with-chainsword-and-bolt-pistol/description/004.jpg
    saved data/images/ultramarines-vanguard-veteran-with-chainsword-and-bolt-pistol/description/005.jpg
    saved data/images/ultramarines-vanguard-veteran-with-chainsword-and-bolt-pistol/description/006.jpg
    saved data/images/ultramarines-vanguard-veteran-with-chainsword-and-bolt-pistol/description/007.jpg
    saved data/images/ultramarines-vanguard-veteran-with-chainsword-and-bolt-pistol/description/008.jpg
    saved data/images/ultramarines-vanguard-veteran-with-chainsword-and-bolt-pistol/description/009.jpg
[327/541] scraping ultramarines-vanguard-veteran-sergeant
  downloading 15 images...
    saved data/images/ultramarines-vanguard-veteran-sergeant/001.jpg
    saved data/images/ultramarines-vanguard-veteran-sergeant/002.jpg
    saved data/images/ultramarines-vanguard-veteran-sergeant/003.jpg
    saved data/images/ultramarines-vanguard-veteran-sergeant/004.jpg
    saved data/images/ultramarines-vanguard-veteran-sergeant/005.jpg
    saved data/images/ultramarines-vanguard-veteran-sergeant/006.jpg
    saved data/images/ultramarines-vanguard-veteran-sergeant/007.jpg
    saved data/images/ultramarines-vanguard-veteran-sergeant/description/001.jpg
    saved data/images/ultramarines-vanguard-veteran-sergeant/description/002.jpg
    saved data/images/ultramarines-vanguard-veteran-sergeant/description/003.jpg
    saved data/images/ultramarines-vanguard-veteran-sergeant/description/004.jpg
    saved data/images/ultramarines-vanguard-veteran-sergeant/description/005.jpg
    saved data/images/ultramarines-vanguard-veteran-sergeant/description/006.jpg
    saved data/images/ultramarines-vanguard-veteran-sergeant/description/007.jpg
    saved data/images/ultramarines-vanguard-veteran-sergeant/description/008.jpg
[328/541] scraping adepta-sororitas-retributor-with-heavy-bolter
  downloading 15 images...
    saved data/images/adepta-sororitas-retributor-with-heavy-bolter/001.jpg
    saved data/images/adepta-sororitas-retributor-with-heavy-bolter/002.jpg
    saved data/images/adepta-sororitas-retributor-with-heavy-bolter/003.jpg
    saved data/images/adepta-sororitas-retributor-with-heavy-bolter/004.jpg
    saved data/images/adepta-sororitas-retributor-with-heavy-bolter/005.jpg
    saved data/images/adepta-sororitas-retributor-with-heavy-bolter/006.jpg
    saved data/images/adepta-sororitas-retributor-with-heavy-bolter/007.jpg
    saved data/images/adepta-sororitas-retributor-with-heavy-bolter/description/001.jpg
    saved data/images/adepta-sororitas-retributor-with-heavy-bolter/description/002.jpg
    saved data/images/adepta-sororitas-retributor-with-heavy-bolter/description/003.jpg
    saved data/images/adepta-sororitas-retributor-with-heavy-bolter/description/004.jpg
    saved data/images/adepta-sororitas-retributor-with-heavy-bolter/description/005.jpg
    saved data/images/adepta-sororitas-retributor-with-heavy-bolter/description/006.jpg
    saved data/images/adepta-sororitas-retributor-with-heavy-bolter/description/007.jpg
    saved data/images/adepta-sororitas-retributor-with-heavy-bolter/description/008.jpg
[329/541] scraping adepta-sororitas-retributor-with-multi-melta
  downloading 18 images...
    saved data/images/adepta-sororitas-retributor-with-multi-melta/001.jpg
    saved data/images/adepta-sororitas-retributor-with-multi-melta/002.jpg
    saved data/images/adepta-sororitas-retributor-with-multi-melta/003.jpg
    saved data/images/adepta-sororitas-retributor-with-multi-melta/004.jpg
    saved data/images/adepta-sororitas-retributor-with-multi-melta/005.jpg
    saved data/images/adepta-sororitas-retributor-with-multi-melta/006.jpg
    saved data/images/adepta-sororitas-retributor-with-multi-melta/007.jpg
    saved data/images/adepta-sororitas-retributor-with-multi-melta/description/001.jpg
    saved data/images/adepta-sororitas-retributor-with-multi-melta/description/002.jpg
    saved data/images/adepta-sororitas-retributor-with-multi-melta/description/003.jpg
    saved data/images/adepta-sororitas-retributor-with-multi-melta/description/004.jpg
    saved data/images/adepta-sororitas-retributor-with-multi-melta/description/005.jpg
    saved data/images/adepta-sororitas-retributor-with-multi-melta/description/006.jpg
    saved data/images/adepta-sororitas-retributor-with-multi-melta/description/007.jpg
    saved data/images/adepta-sororitas-retributor-with-multi-melta/description/008.jpg
    saved data/images/adepta-sororitas-retributor-with-multi-melta/description/009.jpg
    saved data/images/adepta-sororitas-retributor-with-multi-melta/description/010.jpg
    saved data/images/adepta-sororitas-retributor-with-multi-melta/description/011.jpg
[330/541] scraping adepta-sororitas-retributor-with-heavy-flamer
  downloading 15 images...
    saved data/images/adepta-sororitas-retributor-with-heavy-flamer/001.jpg
    saved data/images/adepta-sororitas-retributor-with-heavy-flamer/002.jpg
    saved data/images/adepta-sororitas-retributor-with-heavy-flamer/003.jpg
    saved data/images/adepta-sororitas-retributor-with-heavy-flamer/004.jpg
    saved data/images/adepta-sororitas-retributor-with-heavy-flamer/005.jpg
    saved data/images/adepta-sororitas-retributor-with-heavy-flamer/006.jpg
    saved data/images/adepta-sororitas-retributor-with-heavy-flamer/007.jpg
    saved data/images/adepta-sororitas-retributor-with-heavy-flamer/description/001.jpg
    saved data/images/adepta-sororitas-retributor-with-heavy-flamer/description/002.jpg
    saved data/images/adepta-sororitas-retributor-with-heavy-flamer/description/003.jpg
    saved data/images/adepta-sororitas-retributor-with-heavy-flamer/description/004.jpg
    saved data/images/adepta-sororitas-retributor-with-heavy-flamer/description/005.jpg
    saved data/images/adepta-sororitas-retributor-with-heavy-flamer/description/006.jpg
    saved data/images/adepta-sororitas-retributor-with-heavy-flamer/description/007.jpg
    saved data/images/adepta-sororitas-retributor-with-heavy-flamer/description/008.jpg
[331/541] scraping black-templars-primaris-sword-brethren-eberwulf-1
  downloading 14 images...
    saved data/images/black-templars-primaris-sword-brethren-eberwulf-1/001.jpg
    saved data/images/black-templars-primaris-sword-brethren-eberwulf-1/002.jpg
    saved data/images/black-templars-primaris-sword-brethren-eberwulf-1/003.jpg
    saved data/images/black-templars-primaris-sword-brethren-eberwulf-1/004.jpg
    saved data/images/black-templars-primaris-sword-brethren-eberwulf-1/005.jpg
    saved data/images/black-templars-primaris-sword-brethren-eberwulf-1/006.jpg
    saved data/images/black-templars-primaris-sword-brethren-eberwulf-1/description/001.jpg
    saved data/images/black-templars-primaris-sword-brethren-eberwulf-1/description/002.jpg
    saved data/images/black-templars-primaris-sword-brethren-eberwulf-1/description/003.jpg
    saved data/images/black-templars-primaris-sword-brethren-eberwulf-1/description/004.jpg
    saved data/images/black-templars-primaris-sword-brethren-eberwulf-1/description/005.jpg
    saved data/images/black-templars-primaris-sword-brethren-eberwulf-1/description/006.jpg
    saved data/images/black-templars-primaris-sword-brethren-eberwulf-1/description/007.jpg
    saved data/images/black-templars-primaris-sword-brethren-eberwulf-1/description/008.jpg
[332/541] scraping white-consuls-bladeguard-veteran
  downloading 16 images...
    saved data/images/white-consuls-bladeguard-veteran/001.jpg
    saved data/images/white-consuls-bladeguard-veteran/002.jpg
    saved data/images/white-consuls-bladeguard-veteran/003.jpg
    saved data/images/white-consuls-bladeguard-veteran/004.jpg
    saved data/images/white-consuls-bladeguard-veteran/005.jpg
    saved data/images/white-consuls-bladeguard-veteran/006.jpg
    saved data/images/white-consuls-bladeguard-veteran/007.jpg
    saved data/images/white-consuls-bladeguard-veteran/008.jpg
    saved data/images/white-consuls-bladeguard-veteran/description/001.jpg
    saved data/images/white-consuls-bladeguard-veteran/description/002.jpg
    saved data/images/white-consuls-bladeguard-veteran/description/003.jpg
    saved data/images/white-consuls-bladeguard-veteran/description/004.jpg
    saved data/images/white-consuls-bladeguard-veteran/description/005.jpg
    saved data/images/white-consuls-bladeguard-veteran/description/006.jpg
    saved data/images/white-consuls-bladeguard-veteran/description/007.jpg
    saved data/images/white-consuls-bladeguard-veteran/description/008.jpg
[333/541] scraping salamanders-bladeguard-veteran
  downloading 16 images...
    saved data/images/salamanders-bladeguard-veteran/001.jpg
    saved data/images/salamanders-bladeguard-veteran/002.jpg
    saved data/images/salamanders-bladeguard-veteran/003.jpg
    saved data/images/salamanders-bladeguard-veteran/004.jpg
    saved data/images/salamanders-bladeguard-veteran/005.jpg
    saved data/images/salamanders-bladeguard-veteran/006.jpg
    saved data/images/salamanders-bladeguard-veteran/007.jpg
    saved data/images/salamanders-bladeguard-veteran/008.jpg
    saved data/images/salamanders-bladeguard-veteran/description/001.jpg
    saved data/images/salamanders-bladeguard-veteran/description/002.jpg
    saved data/images/salamanders-bladeguard-veteran/description/003.jpg
    saved data/images/salamanders-bladeguard-veteran/description/004.jpg
    saved data/images/salamanders-bladeguard-veteran/description/005.jpg
    saved data/images/salamanders-bladeguard-veteran/description/006.jpg
    saved data/images/salamanders-bladeguard-veteran/description/007.jpg
    saved data/images/salamanders-bladeguard-veteran/description/008.jpg
[334/541] scraping dark-angels-bladeguard-veteran
  downloading 16 images...
    saved data/images/dark-angels-bladeguard-veteran/001.jpg
    saved data/images/dark-angels-bladeguard-veteran/002.jpg
    saved data/images/dark-angels-bladeguard-veteran/003.jpg
    saved data/images/dark-angels-bladeguard-veteran/004.jpg
    saved data/images/dark-angels-bladeguard-veteran/005.jpg
    saved data/images/dark-angels-bladeguard-veteran/006.jpg
    saved data/images/dark-angels-bladeguard-veteran/007.jpg
    saved data/images/dark-angels-bladeguard-veteran/008.jpg
    saved data/images/dark-angels-bladeguard-veteran/description/001.jpg
    saved data/images/dark-angels-bladeguard-veteran/description/002.jpg
    saved data/images/dark-angels-bladeguard-veteran/description/003.jpg
    saved data/images/dark-angels-bladeguard-veteran/description/004.jpg
    saved data/images/dark-angels-bladeguard-veteran/description/005.jpg
    saved data/images/dark-angels-bladeguard-veteran/description/006.jpg
    saved data/images/dark-angels-bladeguard-veteran/description/007.jpg
    saved data/images/dark-angels-bladeguard-veteran/description/008.jpg
[335/541] scraping astra-militarum-cadian-command-squad-veteran-with-medi-pack
  downloading 15 images...
    saved data/images/astra-militarum-cadian-command-squad-veteran-with-medi-pack/001.jpg
    saved data/images/astra-militarum-cadian-command-squad-veteran-with-medi-pack/002.jpg
    saved data/images/astra-militarum-cadian-command-squad-veteran-with-medi-pack/003.jpg
    saved data/images/astra-militarum-cadian-command-squad-veteran-with-medi-pack/004.jpg
    saved data/images/astra-militarum-cadian-command-squad-veteran-with-medi-pack/005.jpg
    saved data/images/astra-militarum-cadian-command-squad-veteran-with-medi-pack/006.jpg
    saved data/images/astra-militarum-cadian-command-squad-veteran-with-medi-pack/007.jpg
    saved data/images/astra-militarum-cadian-command-squad-veteran-with-medi-pack/description/001.jpg
    saved data/images/astra-militarum-cadian-command-squad-veteran-with-medi-pack/description/002.jpg
    saved data/images/astra-militarum-cadian-command-squad-veteran-with-medi-pack/description/003.jpg
    saved data/images/astra-militarum-cadian-command-squad-veteran-with-medi-pack/description/004.jpg
    saved data/images/astra-militarum-cadian-command-squad-veteran-with-medi-pack/description/005.jpg
    saved data/images/astra-militarum-cadian-command-squad-veteran-with-medi-pack/description/006.jpg
    saved data/images/astra-militarum-cadian-command-squad-veteran-with-medi-pack/description/007.jpg
    saved data/images/astra-militarum-cadian-command-squad-veteran-with-medi-pack/description/008.jpg
[336/541] scraping astra-militarum-cadian-command-squad-veteran-with-power-fist
  downloading 16 images...
    saved data/images/astra-militarum-cadian-command-squad-veteran-with-power-fist/001.jpg
    saved data/images/astra-militarum-cadian-command-squad-veteran-with-power-fist/002.jpg
    saved data/images/astra-militarum-cadian-command-squad-veteran-with-power-fist/003.jpg
    saved data/images/astra-militarum-cadian-command-squad-veteran-with-power-fist/004.jpg
    saved data/images/astra-militarum-cadian-command-squad-veteran-with-power-fist/005.jpg
    saved data/images/astra-militarum-cadian-command-squad-veteran-with-power-fist/006.jpg
    saved data/images/astra-militarum-cadian-command-squad-veteran-with-power-fist/007.jpg
    saved data/images/astra-militarum-cadian-command-squad-veteran-with-power-fist/008.jpg
    saved data/images/astra-militarum-cadian-command-squad-veteran-with-power-fist/description/001.jpg
    saved data/images/astra-militarum-cadian-command-squad-veteran-with-power-fist/description/002.jpg
    saved data/images/astra-militarum-cadian-command-squad-veteran-with-power-fist/description/003.jpg
    saved data/images/astra-militarum-cadian-command-squad-veteran-with-power-fist/description/004.jpg
    saved data/images/astra-militarum-cadian-command-squad-veteran-with-power-fist/description/005.jpg
    saved data/images/astra-militarum-cadian-command-squad-veteran-with-power-fist/description/006.jpg
    saved data/images/astra-militarum-cadian-command-squad-veteran-with-power-fist/description/007.jpg
    saved data/images/astra-militarum-cadian-command-squad-veteran-with-power-fist/description/008.jpg
[337/541] scraping astra-militarum-cadian-command-squad-veteran-with-regimental-standard
  downloading 20 images...
    saved data/images/astra-militarum-cadian-command-squad-veteran-with-regimental-standard/001.jpg
    saved data/images/astra-militarum-cadian-command-squad-veteran-with-regimental-standard/002.jpg
    saved data/images/astra-militarum-cadian-command-squad-veteran-with-regimental-standard/003.jpg
    saved data/images/astra-militarum-cadian-command-squad-veteran-with-regimental-standard/004.jpg
    saved data/images/astra-militarum-cadian-command-squad-veteran-with-regimental-standard/005.jpg
    saved data/images/astra-militarum-cadian-command-squad-veteran-with-regimental-standard/006.jpg
    saved data/images/astra-militarum-cadian-command-squad-veteran-with-regimental-standard/007.jpg
    saved data/images/astra-militarum-cadian-command-squad-veteran-with-regimental-standard/008.jpg
    saved data/images/astra-militarum-cadian-command-squad-veteran-with-regimental-standard/description/001.jpg
    saved data/images/astra-militarum-cadian-command-squad-veteran-with-regimental-standard/description/002.jpg
    saved data/images/astra-militarum-cadian-command-squad-veteran-with-regimental-standard/description/003.jpg
    saved data/images/astra-militarum-cadian-command-squad-veteran-with-regimental-standard/description/004.jpg
    saved data/images/astra-militarum-cadian-command-squad-veteran-with-regimental-standard/description/005.jpg
    saved data/images/astra-militarum-cadian-command-squad-veteran-with-regimental-standard/description/006.jpg
    saved data/images/astra-militarum-cadian-command-squad-veteran-with-regimental-standard/description/007.jpg
    saved data/images/astra-militarum-cadian-command-squad-veteran-with-regimental-standard/description/008.jpg
    saved data/images/astra-militarum-cadian-command-squad-veteran-with-regimental-standard/description/009.jpg
    saved data/images/astra-militarum-cadian-command-squad-veteran-with-regimental-standard/description/010.jpg
    saved data/images/astra-militarum-cadian-command-squad-veteran-with-regimental-standard/description/011.jpg
    saved data/images/astra-militarum-cadian-command-squad-veteran-with-regimental-standard/description/012.jpg
[338/541] scraping astra-militarum-cadian-command-squad-commander-with-power-sword
  downloading 15 images...
    saved data/images/astra-militarum-cadian-command-squad-commander-with-power-sword/001.jpg
    saved data/images/astra-militarum-cadian-command-squad-commander-with-power-sword/002.jpg
    saved data/images/astra-militarum-cadian-command-squad-commander-with-power-sword/003.jpg
    saved data/images/astra-militarum-cadian-command-squad-commander-with-power-sword/004.jpg
    saved data/images/astra-militarum-cadian-command-squad-commander-with-power-sword/005.jpg
    saved data/images/astra-militarum-cadian-command-squad-commander-with-power-sword/006.jpg
    failed image https://img.joytoy.com/u_file/2310/10/products/1cbd184585.jpg?x-oss-process=image/quality,q_100: 404 Client Error: Not Found for url: https://img.joytoy.com/u_file/2310/10/products/1cbd184585.jpg?x-oss-process=image/quality,q_100
    saved data/images/astra-militarum-cadian-command-squad-commander-with-power-sword/description/001.jpg
    saved data/images/astra-militarum-cadian-command-squad-commander-with-power-sword/description/002.jpg
    saved data/images/astra-militarum-cadian-command-squad-commander-with-power-sword/description/003.jpg
    saved data/images/astra-militarum-cadian-command-squad-commander-with-power-sword/description/004.jpg
    saved data/images/astra-militarum-cadian-command-squad-commander-with-power-sword/description/005.jpg
    saved data/images/astra-militarum-cadian-command-squad-commander-with-power-sword/description/006.jpg
    saved data/images/astra-militarum-cadian-command-squad-commander-with-power-sword/description/007.jpg
    saved data/images/astra-militarum-cadian-command-squad-commander-with-power-sword/description/008.jpg
[339/541] scraping adeptus-mechanicus-skitarii-ranger-alpha
  downloading 14 images...
    saved data/images/adeptus-mechanicus-skitarii-ranger-alpha/001.jpg
    saved data/images/adeptus-mechanicus-skitarii-ranger-alpha/002.jpg
    saved data/images/adeptus-mechanicus-skitarii-ranger-alpha/003.jpg
    saved data/images/adeptus-mechanicus-skitarii-ranger-alpha/004.jpg
    saved data/images/adeptus-mechanicus-skitarii-ranger-alpha/005.jpg
    saved data/images/adeptus-mechanicus-skitarii-ranger-alpha/006.jpg
    saved data/images/adeptus-mechanicus-skitarii-ranger-alpha/007.png
    saved data/images/adeptus-mechanicus-skitarii-ranger-alpha/description/001.jpg
    saved data/images/adeptus-mechanicus-skitarii-ranger-alpha/description/002.jpg
    saved data/images/adeptus-mechanicus-skitarii-ranger-alpha/description/003.jpg
    saved data/images/adeptus-mechanicus-skitarii-ranger-alpha/description/004.jpg
    saved data/images/adeptus-mechanicus-skitarii-ranger-alpha/description/005.jpg
    saved data/images/adeptus-mechanicus-skitarii-ranger-alpha/description/006.jpg
    saved data/images/adeptus-mechanicus-skitarii-ranger-alpha/description/007.jpg
[340/541] scraping adeptus-mechanicus-skitarii-ranger-with-transuranic-arquebus
  downloading 15 images...
    saved data/images/adeptus-mechanicus-skitarii-ranger-with-transuranic-arquebus/001.jpg
    saved data/images/adeptus-mechanicus-skitarii-ranger-with-transuranic-arquebus/002.jpg
    saved data/images/adeptus-mechanicus-skitarii-ranger-with-transuranic-arquebus/003.jpg
    saved data/images/adeptus-mechanicus-skitarii-ranger-with-transuranic-arquebus/004.jpg
    saved data/images/adeptus-mechanicus-skitarii-ranger-with-transuranic-arquebus/005.jpg
    saved data/images/adeptus-mechanicus-skitarii-ranger-with-transuranic-arquebus/006.jpg
    saved data/images/adeptus-mechanicus-skitarii-ranger-with-transuranic-arquebus/007.png
    saved data/images/adeptus-mechanicus-skitarii-ranger-with-transuranic-arquebus/description/001.jpg
    saved data/images/adeptus-mechanicus-skitarii-ranger-with-transuranic-arquebus/description/002.jpg
    saved data/images/adeptus-mechanicus-skitarii-ranger-with-transuranic-arquebus/description/003.jpg
    saved data/images/adeptus-mechanicus-skitarii-ranger-with-transuranic-arquebus/description/004.jpg
    saved data/images/adeptus-mechanicus-skitarii-ranger-with-transuranic-arquebus/description/005.jpg
    saved data/images/adeptus-mechanicus-skitarii-ranger-with-transuranic-arquebus/description/006.jpg
    saved data/images/adeptus-mechanicus-skitarii-ranger-with-transuranic-arquebus/description/007.jpg
    saved data/images/adeptus-mechanicus-skitarii-ranger-with-transuranic-arquebus/description/008.jpg
[341/541] scraping adeptus-mechanicus-skitarii-ranger-with-data-tether
  downloading 15 images...
    saved data/images/adeptus-mechanicus-skitarii-ranger-with-data-tether/001.jpg
    saved data/images/adeptus-mechanicus-skitarii-ranger-with-data-tether/002.jpg
    saved data/images/adeptus-mechanicus-skitarii-ranger-with-data-tether/003.jpg
    saved data/images/adeptus-mechanicus-skitarii-ranger-with-data-tether/004.jpg
    saved data/images/adeptus-mechanicus-skitarii-ranger-with-data-tether/005.jpg
    saved data/images/adeptus-mechanicus-skitarii-ranger-with-data-tether/006.jpg
    saved data/images/adeptus-mechanicus-skitarii-ranger-with-data-tether/007.png
    saved data/images/adeptus-mechanicus-skitarii-ranger-with-data-tether/description/001.jpg
    saved data/images/adeptus-mechanicus-skitarii-ranger-with-data-tether/description/002.jpg
    saved data/images/adeptus-mechanicus-skitarii-ranger-with-data-tether/description/003.jpg
    saved data/images/adeptus-mechanicus-skitarii-ranger-with-data-tether/description/004.jpg
    saved data/images/adeptus-mechanicus-skitarii-ranger-with-data-tether/description/005.jpg
    saved data/images/adeptus-mechanicus-skitarii-ranger-with-data-tether/description/006.jpg
    saved data/images/adeptus-mechanicus-skitarii-ranger-with-data-tether/description/007.jpg
    saved data/images/adeptus-mechanicus-skitarii-ranger-with-data-tether/description/008.jpg
[342/541] scraping ultramarines-bladeguard-veteran-brother-sergeant-proximo
  downloading 15 images...
    saved data/images/ultramarines-bladeguard-veteran-brother-sergeant-proximo/001.jpg
    saved data/images/ultramarines-bladeguard-veteran-brother-sergeant-proximo/002.jpg
    saved data/images/ultramarines-bladeguard-veteran-brother-sergeant-proximo/003.jpg
    saved data/images/ultramarines-bladeguard-veteran-brother-sergeant-proximo/004.jpg
    saved data/images/ultramarines-bladeguard-veteran-brother-sergeant-proximo/005.jpg
    saved data/images/ultramarines-bladeguard-veteran-brother-sergeant-proximo/006.jpg
    saved data/images/ultramarines-bladeguard-veteran-brother-sergeant-proximo/007.png
    saved data/images/ultramarines-bladeguard-veteran-brother-sergeant-proximo/description/001.jpg
    saved data/images/ultramarines-bladeguard-veteran-brother-sergeant-proximo/description/002.jpg
    saved data/images/ultramarines-bladeguard-veteran-brother-sergeant-proximo/description/003.jpg
    saved data/images/ultramarines-bladeguard-veteran-brother-sergeant-proximo/description/004.jpg
    saved data/images/ultramarines-bladeguard-veteran-brother-sergeant-proximo/description/005.jpg
    saved data/images/ultramarines-bladeguard-veteran-brother-sergeant-proximo/description/006.jpg
    saved data/images/ultramarines-bladeguard-veteran-brother-sergeant-proximo/description/007.jpg
    saved data/images/ultramarines-bladeguard-veteran-brother-sergeant-proximo/description/008.jpg
[343/541] scraping ultramarines-bladeguard-veteran-03
  downloading 15 images...
    saved data/images/ultramarines-bladeguard-veteran-03/001.jpg
    saved data/images/ultramarines-bladeguard-veteran-03/002.jpg
    saved data/images/ultramarines-bladeguard-veteran-03/003.jpg
    saved data/images/ultramarines-bladeguard-veteran-03/004.jpg
    saved data/images/ultramarines-bladeguard-veteran-03/005.jpg
    saved data/images/ultramarines-bladeguard-veteran-03/006.jpg
    saved data/images/ultramarines-bladeguard-veteran-03/007.png
    saved data/images/ultramarines-bladeguard-veteran-03/description/001.jpg
    saved data/images/ultramarines-bladeguard-veteran-03/description/002.jpg
    saved data/images/ultramarines-bladeguard-veteran-03/description/003.jpg
    saved data/images/ultramarines-bladeguard-veteran-03/description/004.jpg
    saved data/images/ultramarines-bladeguard-veteran-03/description/005.jpg
    saved data/images/ultramarines-bladeguard-veteran-03/description/006.jpg
    saved data/images/ultramarines-bladeguard-veteran-03/description/007.jpg
    saved data/images/ultramarines-bladeguard-veteran-03/description/008.jpg
[344/541] scraping ultramarines-bladeguard-veteran-02
  downloading 15 images...
    saved data/images/ultramarines-bladeguard-veteran-02/001.jpg
    saved data/images/ultramarines-bladeguard-veteran-02/002.jpg
    saved data/images/ultramarines-bladeguard-veteran-02/003.jpg
    saved data/images/ultramarines-bladeguard-veteran-02/004.jpg
    saved data/images/ultramarines-bladeguard-veteran-02/005.jpg
    saved data/images/ultramarines-bladeguard-veteran-02/006.jpg
    saved data/images/ultramarines-bladeguard-veteran-02/007.png
    saved data/images/ultramarines-bladeguard-veteran-02/description/001.jpg
    saved data/images/ultramarines-bladeguard-veteran-02/description/002.jpg
    saved data/images/ultramarines-bladeguard-veteran-02/description/003.jpg
    saved data/images/ultramarines-bladeguard-veteran-02/description/004.jpg
    saved data/images/ultramarines-bladeguard-veteran-02/description/005.jpg
    saved data/images/ultramarines-bladeguard-veteran-02/description/006.jpg
    saved data/images/ultramarines-bladeguard-veteran-02/description/007.jpg
    saved data/images/ultramarines-bladeguard-veteran-02/description/008.jpg
[345/541] scraping adeptus-custodes-shield-captain-with-guardian-spear
  downloading 15 images...
    saved data/images/adeptus-custodes-shield-captain-with-guardian-spear/001.jpg
    saved data/images/adeptus-custodes-shield-captain-with-guardian-spear/002.jpg
    saved data/images/adeptus-custodes-shield-captain-with-guardian-spear/003.jpg
    saved data/images/adeptus-custodes-shield-captain-with-guardian-spear/004.jpg
    saved data/images/adeptus-custodes-shield-captain-with-guardian-spear/005.jpg
    saved data/images/adeptus-custodes-shield-captain-with-guardian-spear/006.jpg
    saved data/images/adeptus-custodes-shield-captain-with-guardian-spear/007.jpg
    saved data/images/adeptus-custodes-shield-captain-with-guardian-spear/description/001.jpg
    saved data/images/adeptus-custodes-shield-captain-with-guardian-spear/description/002.jpg
    saved data/images/adeptus-custodes-shield-captain-with-guardian-spear/description/003.jpg
    saved data/images/adeptus-custodes-shield-captain-with-guardian-spear/description/004.jpg
    saved data/images/adeptus-custodes-shield-captain-with-guardian-spear/description/005.jpg
    saved data/images/adeptus-custodes-shield-captain-with-guardian-spear/description/006.jpg
    saved data/images/adeptus-custodes-shield-captain-with-guardian-spear/description/007.jpg
    saved data/images/adeptus-custodes-shield-captain-with-guardian-spear/description/008.jpg
[346/541] scraping adeptus-custodes-custodian-guard-with-sentinel-blade
  downloading 17 images...
    saved data/images/adeptus-custodes-custodian-guard-with-sentinel-blade/001.jpg
    saved data/images/adeptus-custodes-custodian-guard-with-sentinel-blade/002.jpg
    saved data/images/adeptus-custodes-custodian-guard-with-sentinel-blade/003.jpg
    saved data/images/adeptus-custodes-custodian-guard-with-sentinel-blade/004.jpg
    saved data/images/adeptus-custodes-custodian-guard-with-sentinel-blade/005.jpg
    saved data/images/adeptus-custodes-custodian-guard-with-sentinel-blade/006.jpg
    saved data/images/adeptus-custodes-custodian-guard-with-sentinel-blade/007.jpg
    saved data/images/adeptus-custodes-custodian-guard-with-sentinel-blade/description/001.jpg
    saved data/images/adeptus-custodes-custodian-guard-with-sentinel-blade/description/002.jpg
    saved data/images/adeptus-custodes-custodian-guard-with-sentinel-blade/description/003.jpg
    saved data/images/adeptus-custodes-custodian-guard-with-sentinel-blade/description/004.jpg
    saved data/images/adeptus-custodes-custodian-guard-with-sentinel-blade/description/005.jpg
    saved data/images/adeptus-custodes-custodian-guard-with-sentinel-blade/description/006.jpg
    saved data/images/adeptus-custodes-custodian-guard-with-sentinel-blade/description/007.jpg
    saved data/images/adeptus-custodes-custodian-guard-with-sentinel-blade/description/008.jpg
    saved data/images/adeptus-custodes-custodian-guard-with-sentinel-blade/description/009.jpg
    saved data/images/adeptus-custodes-custodian-guard-with-sentinel-blade/description/010.jpg
[347/541] scraping adeptus-custodes-vexilus-praetor
  downloading 15 images...
    saved data/images/adeptus-custodes-vexilus-praetor/001.jpg
    saved data/images/adeptus-custodes-vexilus-praetor/002.jpg
    saved data/images/adeptus-custodes-vexilus-praetor/003.jpg
    saved data/images/adeptus-custodes-vexilus-praetor/004.jpg
    saved data/images/adeptus-custodes-vexilus-praetor/005.jpg
    saved data/images/adeptus-custodes-vexilus-praetor/006.jpg
    saved data/images/adeptus-custodes-vexilus-praetor/007.jpg
    saved data/images/adeptus-custodes-vexilus-praetor/description/001.jpg
    saved data/images/adeptus-custodes-vexilus-praetor/description/002.jpg
    saved data/images/adeptus-custodes-vexilus-praetor/description/003.jpg
    saved data/images/adeptus-custodes-vexilus-praetor/description/004.jpg
    saved data/images/adeptus-custodes-vexilus-praetor/description/005.jpg
    saved data/images/adeptus-custodes-vexilus-praetor/description/006.jpg
    saved data/images/adeptus-custodes-vexilus-praetor/description/007.jpg
    saved data/images/adeptus-custodes-vexilus-praetor/description/008.jpg
[348/541] scraping adeptus-custodes-custodian-guard-with-sentinel-blade-and-praesidium-shield
  downloading 15 images...
    saved data/images/adeptus-custodes-custodian-guard-with-sentinel-blade-and-praesidium-shield/001.jpg
    saved data/images/adeptus-custodes-custodian-guard-with-sentinel-blade-and-praesidium-shield/002.jpg
    saved data/images/adeptus-custodes-custodian-guard-with-sentinel-blade-and-praesidium-shield/003.jpg
    saved data/images/adeptus-custodes-custodian-guard-with-sentinel-blade-and-praesidium-shield/004.jpg
    saved data/images/adeptus-custodes-custodian-guard-with-sentinel-blade-and-praesidium-shield/005.jpg
    saved data/images/adeptus-custodes-custodian-guard-with-sentinel-blade-and-praesidium-shield/006.jpg
    saved data/images/adeptus-custodes-custodian-guard-with-sentinel-blade-and-praesidium-shield/007.jpg
    saved data/images/adeptus-custodes-custodian-guard-with-sentinel-blade-and-praesidium-shield/description/001.jpg
    saved data/images/adeptus-custodes-custodian-guard-with-sentinel-blade-and-praesidium-shield/description/002.jpg
    saved data/images/adeptus-custodes-custodian-guard-with-sentinel-blade-and-praesidium-shield/description/003.jpg
    saved data/images/adeptus-custodes-custodian-guard-with-sentinel-blade-and-praesidium-shield/description/004.jpg
    saved data/images/adeptus-custodes-custodian-guard-with-sentinel-blade-and-praesidium-shield/description/005.jpg
    saved data/images/adeptus-custodes-custodian-guard-with-sentinel-blade-and-praesidium-shield/description/006.jpg
    saved data/images/adeptus-custodes-custodian-guard-with-sentinel-blade-and-praesidium-shield/description/007.jpg
    saved data/images/adeptus-custodes-custodian-guard-with-sentinel-blade-and-praesidium-shield/description/008.jpg
[349/541] scraping adeptus-custodes-custodian-guard-with-guardian-spear
  downloading 15 images...
    saved data/images/adeptus-custodes-custodian-guard-with-guardian-spear/001.jpg
    saved data/images/adeptus-custodes-custodian-guard-with-guardian-spear/002.jpg
    saved data/images/adeptus-custodes-custodian-guard-with-guardian-spear/003.jpg
    saved data/images/adeptus-custodes-custodian-guard-with-guardian-spear/004.jpg
    saved data/images/adeptus-custodes-custodian-guard-with-guardian-spear/005.jpg
    saved data/images/adeptus-custodes-custodian-guard-with-guardian-spear/006.jpg
    saved data/images/adeptus-custodes-custodian-guard-with-guardian-spear/007.jpg
    saved data/images/adeptus-custodes-custodian-guard-with-guardian-spear/description/001.jpg
    saved data/images/adeptus-custodes-custodian-guard-with-guardian-spear/description/002.jpg
    saved data/images/adeptus-custodes-custodian-guard-with-guardian-spear/description/003.jpg
    saved data/images/adeptus-custodes-custodian-guard-with-guardian-spear/description/004.jpg
    saved data/images/adeptus-custodes-custodian-guard-with-guardian-spear/description/005.jpg
    saved data/images/adeptus-custodes-custodian-guard-with-guardian-spear/description/006.jpg
    saved data/images/adeptus-custodes-custodian-guard-with-guardian-spear/description/007.jpg
    saved data/images/adeptus-custodes-custodian-guard-with-guardian-spear/description/008.jpg
[350/541] scraping black-templars-primaris-initiate-brother-raemont
  downloading 13 images...
    saved data/images/black-templars-primaris-initiate-brother-raemont/001.jpg
    saved data/images/black-templars-primaris-initiate-brother-raemont/002.jpg
    saved data/images/black-templars-primaris-initiate-brother-raemont/003.jpg
    saved data/images/black-templars-primaris-initiate-brother-raemont/004.jpg
    saved data/images/black-templars-primaris-initiate-brother-raemont/005.jpg
    saved data/images/black-templars-primaris-initiate-brother-raemont/006.jpg
    saved data/images/black-templars-primaris-initiate-brother-raemont/description/001.jpg
    saved data/images/black-templars-primaris-initiate-brother-raemont/description/002.jpg
    saved data/images/black-templars-primaris-initiate-brother-raemont/description/003.jpg
    saved data/images/black-templars-primaris-initiate-brother-raemont/description/004.jpg
    saved data/images/black-templars-primaris-initiate-brother-raemont/description/005.jpg
    saved data/images/black-templars-primaris-initiate-brother-raemont/description/006.jpg
    saved data/images/black-templars-primaris-initiate-brother-raemont/description/007.jpg
[351/541] scraping adeptus-mechanicus-cybernetica-datasmith
  downloading 15 images...
    saved data/images/adeptus-mechanicus-cybernetica-datasmith/001.jpg
    saved data/images/adeptus-mechanicus-cybernetica-datasmith/002.jpg
    saved data/images/adeptus-mechanicus-cybernetica-datasmith/003.jpg
    saved data/images/adeptus-mechanicus-cybernetica-datasmith/004.jpg
    saved data/images/adeptus-mechanicus-cybernetica-datasmith/005.jpg
    saved data/images/adeptus-mechanicus-cybernetica-datasmith/006.jpg
    saved data/images/adeptus-mechanicus-cybernetica-datasmith/007.png
    saved data/images/adeptus-mechanicus-cybernetica-datasmith/description/001.jpg
    saved data/images/adeptus-mechanicus-cybernetica-datasmith/description/002.jpg
    saved data/images/adeptus-mechanicus-cybernetica-datasmith/description/003.jpg
    saved data/images/adeptus-mechanicus-cybernetica-datasmith/description/004.jpg
    saved data/images/adeptus-mechanicus-cybernetica-datasmith/description/005.jpg
    saved data/images/adeptus-mechanicus-cybernetica-datasmith/description/006.jpg
    saved data/images/adeptus-mechanicus-cybernetica-datasmith/description/007.jpg
    saved data/images/adeptus-mechanicus-cybernetica-datasmith/description/008.jpg
[352/541] scraping adeptus-mechanicus-skitarii-marshal
  downloading 15 images...
    saved data/images/adeptus-mechanicus-skitarii-marshal/001.jpg
    saved data/images/adeptus-mechanicus-skitarii-marshal/002.jpg
    saved data/images/adeptus-mechanicus-skitarii-marshal/003.jpg
    saved data/images/adeptus-mechanicus-skitarii-marshal/004.jpg
    saved data/images/adeptus-mechanicus-skitarii-marshal/005.jpg
    saved data/images/adeptus-mechanicus-skitarii-marshal/006.jpg
    saved data/images/adeptus-mechanicus-skitarii-marshal/007.png
    saved data/images/adeptus-mechanicus-skitarii-marshal/description/001.jpg
    saved data/images/adeptus-mechanicus-skitarii-marshal/description/002.jpg
    saved data/images/adeptus-mechanicus-skitarii-marshal/description/003.jpg
    saved data/images/adeptus-mechanicus-skitarii-marshal/description/004.jpg
    saved data/images/adeptus-mechanicus-skitarii-marshal/description/005.jpg
    saved data/images/adeptus-mechanicus-skitarii-marshal/description/006.jpg
    saved data/images/adeptus-mechanicus-skitarii-marshal/description/007.jpg
    saved data/images/adeptus-mechanicus-skitarii-marshal/description/008.jpg
[353/541] scraping imperial-fists-lieutenant-with-power-sword
  downloading 16 images...
    saved data/images/imperial-fists-lieutenant-with-power-sword/001.jpg
    saved data/images/imperial-fists-lieutenant-with-power-sword/002.jpg
    saved data/images/imperial-fists-lieutenant-with-power-sword/003.jpg
    saved data/images/imperial-fists-lieutenant-with-power-sword/004.jpg
    saved data/images/imperial-fists-lieutenant-with-power-sword/005.jpg
    saved data/images/imperial-fists-lieutenant-with-power-sword/006.jpg
    saved data/images/imperial-fists-lieutenant-with-power-sword/007.png
    saved data/images/imperial-fists-lieutenant-with-power-sword/description/001.jpg
    saved data/images/imperial-fists-lieutenant-with-power-sword/description/002.jpg
    saved data/images/imperial-fists-lieutenant-with-power-sword/description/003.jpg
    saved data/images/imperial-fists-lieutenant-with-power-sword/description/004.jpg
    saved data/images/imperial-fists-lieutenant-with-power-sword/description/005.jpg
    saved data/images/imperial-fists-lieutenant-with-power-sword/description/006.jpg
    saved data/images/imperial-fists-lieutenant-with-power-sword/description/007.jpg
    saved data/images/imperial-fists-lieutenant-with-power-sword/description/008.jpg
    saved data/images/imperial-fists-lieutenant-with-power-sword/description/009.jpg
[354/541] scraping ultramarines-lieutenant-with-power-fist
  downloading 14 images...
    saved data/images/ultramarines-lieutenant-with-power-fist/001.jpg
    saved data/images/ultramarines-lieutenant-with-power-fist/002.jpg
    saved data/images/ultramarines-lieutenant-with-power-fist/003.jpg
    saved data/images/ultramarines-lieutenant-with-power-fist/004.jpg
    saved data/images/ultramarines-lieutenant-with-power-fist/005.jpg
    saved data/images/ultramarines-lieutenant-with-power-fist/006.jpg
    saved data/images/ultramarines-lieutenant-with-power-fist/description/001.jpg
    saved data/images/ultramarines-lieutenant-with-power-fist/description/002.jpg
    saved data/images/ultramarines-lieutenant-with-power-fist/description/003.jpg
    saved data/images/ultramarines-lieutenant-with-power-fist/description/004.jpg
    saved data/images/ultramarines-lieutenant-with-power-fist/description/005.jpg
    saved data/images/ultramarines-lieutenant-with-power-fist/description/006.jpg
    saved data/images/ultramarines-lieutenant-with-power-fist/description/007.jpg
    saved data/images/ultramarines-lieutenant-with-power-fist/description/008.jpg
[355/541] scraping grey-knights-nemesis-dreadknight
  downloading 16 images...
    saved data/images/grey-knights-nemesis-dreadknight/001.jpg
    saved data/images/grey-knights-nemesis-dreadknight/002.jpg
    saved data/images/grey-knights-nemesis-dreadknight/003.jpg
    saved data/images/grey-knights-nemesis-dreadknight/004.jpg
    saved data/images/grey-knights-nemesis-dreadknight/005.jpg
    saved data/images/grey-knights-nemesis-dreadknight/006.jpg
    saved data/images/grey-knights-nemesis-dreadknight/007.png
    saved data/images/grey-knights-nemesis-dreadknight/description/001.jpg
    saved data/images/grey-knights-nemesis-dreadknight/description/002.jpg
    saved data/images/grey-knights-nemesis-dreadknight/description/003.jpg
    saved data/images/grey-knights-nemesis-dreadknight/description/004.jpg
    saved data/images/grey-knights-nemesis-dreadknight/description/005.jpg
    saved data/images/grey-knights-nemesis-dreadknight/description/006.jpg
    saved data/images/grey-knights-nemesis-dreadknight/description/007.jpg
    saved data/images/grey-knights-nemesis-dreadknight/description/008.jpg
    saved data/images/grey-knights-nemesis-dreadknight/description/009.jpg
[356/541] scraping ultramarines-terminator-captain
  downloading 14 images...
    saved data/images/ultramarines-terminator-captain/001.jpg
    saved data/images/ultramarines-terminator-captain/002.jpg
    saved data/images/ultramarines-terminator-captain/003.jpg
    saved data/images/ultramarines-terminator-captain/004.jpg
    saved data/images/ultramarines-terminator-captain/005.jpg
    saved data/images/ultramarines-terminator-captain/006.jpg
    saved data/images/ultramarines-terminator-captain/007.png
    saved data/images/ultramarines-terminator-captain/description/001.jpeg
    saved data/images/ultramarines-terminator-captain/description/002.jpeg
    saved data/images/ultramarines-terminator-captain/description/003.jpeg
    saved data/images/ultramarines-terminator-captain/description/004.jpeg
    saved data/images/ultramarines-terminator-captain/description/005.jpeg
    saved data/images/ultramarines-terminator-captain/description/006.jpeg
    saved data/images/ultramarines-terminator-captain/description/007.jpeg
[357/541] scraping ultramarines-primaris-captain-with-power-sword-and-plasma-pistol
  downloading 15 images...
    saved data/images/ultramarines-primaris-captain-with-power-sword-and-plasma-pistol/001.jpg
    saved data/images/ultramarines-primaris-captain-with-power-sword-and-plasma-pistol/002.jpg
    saved data/images/ultramarines-primaris-captain-with-power-sword-and-plasma-pistol/003.jpg
    saved data/images/ultramarines-primaris-captain-with-power-sword-and-plasma-pistol/004.jpg
    saved data/images/ultramarines-primaris-captain-with-power-sword-and-plasma-pistol/005.jpg
    saved data/images/ultramarines-primaris-captain-with-power-sword-and-plasma-pistol/006.jpg
    saved data/images/ultramarines-primaris-captain-with-power-sword-and-plasma-pistol/007.png
    saved data/images/ultramarines-primaris-captain-with-power-sword-and-plasma-pistol/description/001.jpg
    saved data/images/ultramarines-primaris-captain-with-power-sword-and-plasma-pistol/description/002.jpg
    saved data/images/ultramarines-primaris-captain-with-power-sword-and-plasma-pistol/description/003.jpg
    saved data/images/ultramarines-primaris-captain-with-power-sword-and-plasma-pistol/description/004.jpg
    saved data/images/ultramarines-primaris-captain-with-power-sword-and-plasma-pistol/description/005.jpg
    saved data/images/ultramarines-primaris-captain-with-power-sword-and-plasma-pistol/description/006.jpg
    saved data/images/ultramarines-primaris-captain-with-power-sword-and-plasma-pistol/description/007.jpg
    saved data/images/ultramarines-primaris-captain-with-power-sword-and-plasma-pistol/description/008.jpg
[358/541] scraping ultramarines-victrix-guard-1
  downloading 13 images...
    saved data/images/ultramarines-victrix-guard-1/001.jpg
    saved data/images/ultramarines-victrix-guard-1/002.jpg
    saved data/images/ultramarines-victrix-guard-1/003.jpg
    saved data/images/ultramarines-victrix-guard-1/004.jpg
    saved data/images/ultramarines-victrix-guard-1/005.jpg
    saved data/images/ultramarines-victrix-guard-1/006.jpg
    saved data/images/ultramarines-victrix-guard-1/007.png
    saved data/images/ultramarines-victrix-guard-1/description/001.jpg
    saved data/images/ultramarines-victrix-guard-1/description/002.jpg
    saved data/images/ultramarines-victrix-guard-1/description/003.jpg
    saved data/images/ultramarines-victrix-guard-1/description/004.jpg
    saved data/images/ultramarines-victrix-guard-1/description/005.jpg
    saved data/images/ultramarines-victrix-guard-1/description/006.jpg
[359/541] scraping grey-knights-grand-master-voldus
  downloading 15 images...
    saved data/images/grey-knights-grand-master-voldus/001.jpg
    saved data/images/grey-knights-grand-master-voldus/002.jpg
    saved data/images/grey-knights-grand-master-voldus/003.jpg
    saved data/images/grey-knights-grand-master-voldus/004.jpg
    saved data/images/grey-knights-grand-master-voldus/005.jpg
    saved data/images/grey-knights-grand-master-voldus/006.jpg
    saved data/images/grey-knights-grand-master-voldus/007.png
    saved data/images/grey-knights-grand-master-voldus/description/001.jpg
    saved data/images/grey-knights-grand-master-voldus/description/002.jpg
    saved data/images/grey-knights-grand-master-voldus/description/003.jpg
    saved data/images/grey-knights-grand-master-voldus/description/004.jpg
    saved data/images/grey-knights-grand-master-voldus/description/005.jpg
    saved data/images/grey-knights-grand-master-voldus/description/006.jpg
    saved data/images/grey-knights-grand-master-voldus/description/007.jpg
    saved data/images/grey-knights-grand-master-voldus/description/008.jpg
[360/541] scraping blood-angels-assault-terminators-brother-taelon
  downloading 13 images...
    saved data/images/blood-angels-assault-terminators-brother-taelon/001.jpg
    saved data/images/blood-angels-assault-terminators-brother-taelon/002.jpg
    saved data/images/blood-angels-assault-terminators-brother-taelon/003.jpg
    saved data/images/blood-angels-assault-terminators-brother-taelon/004.jpg
    saved data/images/blood-angels-assault-terminators-brother-taelon/005.jpg
    saved data/images/blood-angels-assault-terminators-brother-taelon/006.jpg
    saved data/images/blood-angels-assault-terminators-brother-taelon/007.png
    saved data/images/blood-angels-assault-terminators-brother-taelon/description/001.jpg
    saved data/images/blood-angels-assault-terminators-brother-taelon/description/002.jpg
    saved data/images/blood-angels-assault-terminators-brother-taelon/description/003.jpg
    saved data/images/blood-angels-assault-terminators-brother-taelon/description/004.jpg
    saved data/images/blood-angels-assault-terminators-brother-taelon/description/005.jpg
    saved data/images/blood-angels-assault-terminators-brother-taelon/description/006.jpg
[361/541] scraping blood-angels-ancient-brother-leonid
  downloading 14 images...
    saved data/images/blood-angels-ancient-brother-leonid/001.jpg
    saved data/images/blood-angels-ancient-brother-leonid/002.jpg
    saved data/images/blood-angels-ancient-brother-leonid/003.jpg
    saved data/images/blood-angels-ancient-brother-leonid/004.jpg
    saved data/images/blood-angels-ancient-brother-leonid/005.jpg
    saved data/images/blood-angels-ancient-brother-leonid/006.jpg
    saved data/images/blood-angels-ancient-brother-leonid/007.png
    saved data/images/blood-angels-ancient-brother-leonid/description/001.jpg
    saved data/images/blood-angels-ancient-brother-leonid/description/002.jpg
    saved data/images/blood-angels-ancient-brother-leonid/description/003.jpg
    saved data/images/blood-angels-ancient-brother-leonid/description/004.jpg
    saved data/images/blood-angels-ancient-brother-leonid/description/005.jpg
    saved data/images/blood-angels-ancient-brother-leonid/description/006.jpg
    saved data/images/blood-angels-ancient-brother-leonid/description/007.jpg
[362/541] scraping blood-angels-assault-terminators-brother-davinos
  downloading 12 images...
    saved data/images/blood-angels-assault-terminators-brother-davinos/001.jpg
    saved data/images/blood-angels-assault-terminators-brother-davinos/002.jpg
    saved data/images/blood-angels-assault-terminators-brother-davinos/003.jpg
    saved data/images/blood-angels-assault-terminators-brother-davinos/004.jpg
    saved data/images/blood-angels-assault-terminators-brother-davinos/005.jpg
    saved data/images/blood-angels-assault-terminators-brother-davinos/006.jpg
    saved data/images/blood-angels-assault-terminators-brother-davinos/007.png
    saved data/images/blood-angels-assault-terminators-brother-davinos/description/001.jpg
    saved data/images/blood-angels-assault-terminators-brother-davinos/description/002.jpg
    saved data/images/blood-angels-assault-terminators-brother-davinos/description/003.jpg
    saved data/images/blood-angels-assault-terminators-brother-davinos/description/004.jpg
    saved data/images/blood-angels-assault-terminators-brother-davinos/description/005.jpg
[363/541] scraping blood-angels-assault-terminators-brother-tyborel
  downloading 12 images...
    saved data/images/blood-angels-assault-terminators-brother-tyborel/001.jpg
    saved data/images/blood-angels-assault-terminators-brother-tyborel/002.jpg
    saved data/images/blood-angels-assault-terminators-brother-tyborel/003.jpg
    saved data/images/blood-angels-assault-terminators-brother-tyborel/004.jpg
    saved data/images/blood-angels-assault-terminators-brother-tyborel/005.jpg
    saved data/images/blood-angels-assault-terminators-brother-tyborel/006.jpg
    saved data/images/blood-angels-assault-terminators-brother-tyborel/007.png
    saved data/images/blood-angels-assault-terminators-brother-tyborel/description/001.jpg
    saved data/images/blood-angels-assault-terminators-brother-tyborel/description/002.jpg
    saved data/images/blood-angels-assault-terminators-brother-tyborel/description/003.jpg
    saved data/images/blood-angels-assault-terminators-brother-tyborel/description/004.jpg
    saved data/images/blood-angels-assault-terminators-brother-tyborel/description/005.jpg
[364/541] scraping ultramarines-hellblasters-brother-torsus
  downloading 15 images...
    saved data/images/ultramarines-hellblasters-brother-torsus/001.jpg
    saved data/images/ultramarines-hellblasters-brother-torsus/002.jpg
    saved data/images/ultramarines-hellblasters-brother-torsus/003.jpg
    saved data/images/ultramarines-hellblasters-brother-torsus/004.jpg
    saved data/images/ultramarines-hellblasters-brother-torsus/005.jpg
    saved data/images/ultramarines-hellblasters-brother-torsus/006.png
    saved data/images/ultramarines-hellblasters-brother-torsus/description/001.jpg
    saved data/images/ultramarines-hellblasters-brother-torsus/description/002.jpg
    saved data/images/ultramarines-hellblasters-brother-torsus/description/003.jpg
    saved data/images/ultramarines-hellblasters-brother-torsus/description/004.jpg
    saved data/images/ultramarines-hellblasters-brother-torsus/description/005.jpg
    saved data/images/ultramarines-hellblasters-brother-torsus/description/006.jpg
    saved data/images/ultramarines-hellblasters-brother-torsus/description/007.jpg
    saved data/images/ultramarines-hellblasters-brother-torsus/description/008.jpg
    saved data/images/ultramarines-hellblasters-brother-torsus/description/009.jpg
[365/541] scraping ultramarines-hellblasters-brother-paxor
  downloading 14 images...
    saved data/images/ultramarines-hellblasters-brother-paxor/001.jpg
    saved data/images/ultramarines-hellblasters-brother-paxor/002.jpg
    saved data/images/ultramarines-hellblasters-brother-paxor/003.jpg
    saved data/images/ultramarines-hellblasters-brother-paxor/004.jpg
    saved data/images/ultramarines-hellblasters-brother-paxor/005.jpg
    saved data/images/ultramarines-hellblasters-brother-paxor/006.png
    saved data/images/ultramarines-hellblasters-brother-paxor/description/001.jpg
    saved data/images/ultramarines-hellblasters-brother-paxor/description/002.jpg
    saved data/images/ultramarines-hellblasters-brother-paxor/description/003.jpg
    saved data/images/ultramarines-hellblasters-brother-paxor/description/004.jpg
    saved data/images/ultramarines-hellblasters-brother-paxor/description/005.jpg
    saved data/images/ultramarines-hellblasters-brother-paxor/description/006.jpg
    saved data/images/ultramarines-hellblasters-brother-paxor/description/007.jpg
    saved data/images/ultramarines-hellblasters-brother-paxor/description/008.jpg
[366/541] scraping iron-hands-lron-father-feirros
  downloading 16 images...
    saved data/images/iron-hands-lron-father-feirros/001.jpg
    saved data/images/iron-hands-lron-father-feirros/002.jpg
    saved data/images/iron-hands-lron-father-feirros/003.jpg
    saved data/images/iron-hands-lron-father-feirros/004.jpg
    saved data/images/iron-hands-lron-father-feirros/005.jpg
    saved data/images/iron-hands-lron-father-feirros/006.jpg
    saved data/images/iron-hands-lron-father-feirros/007.png
    saved data/images/iron-hands-lron-father-feirros/description/001.jpg
    saved data/images/iron-hands-lron-father-feirros/description/002.jpg
    saved data/images/iron-hands-lron-father-feirros/description/003.jpg
    saved data/images/iron-hands-lron-father-feirros/description/004.jpg
    saved data/images/iron-hands-lron-father-feirros/description/005.jpg
    saved data/images/iron-hands-lron-father-feirros/description/006.jpg
    saved data/images/iron-hands-lron-father-feirros/description/007.jpg
    saved data/images/iron-hands-lron-father-feirros/description/008.jpg
    saved data/images/iron-hands-lron-father-feirros/description/009.jpg
[367/541] scraping space-wolves-arjac-rockfist
  downloading 20 images...
    saved data/images/space-wolves-arjac-rockfist/001.jpg
    saved data/images/space-wolves-arjac-rockfist/002.jpg
    saved data/images/space-wolves-arjac-rockfist/003.jpg
    saved data/images/space-wolves-arjac-rockfist/004.jpg
    saved data/images/space-wolves-arjac-rockfist/005.jpg
    saved data/images/space-wolves-arjac-rockfist/006.png
    saved data/images/space-wolves-arjac-rockfist/description/001.jpg
    saved data/images/space-wolves-arjac-rockfist/description/002.jpg
    saved data/images/space-wolves-arjac-rockfist/description/003.jpg
    saved data/images/space-wolves-arjac-rockfist/description/004.jpg
    saved data/images/space-wolves-arjac-rockfist/description/005.jpg
    saved data/images/space-wolves-arjac-rockfist/description/006.jpg
    saved data/images/space-wolves-arjac-rockfist/description/007.jpg
    saved data/images/space-wolves-arjac-rockfist/description/008.jpg
    saved data/images/space-wolves-arjac-rockfist/description/009.jpg
    saved data/images/space-wolves-arjac-rockfist/description/010.jpg
    saved data/images/space-wolves-arjac-rockfist/description/011.jpg
    saved data/images/space-wolves-arjac-rockfist/description/012.jpg
    saved data/images/space-wolves-arjac-rockfist/description/013.jpg
    saved data/images/space-wolves-arjac-rockfist/description/014.jpg
[368/541] scraping ultramarines-chief-librarian-tigurius
  downloading 17 images...
    saved data/images/ultramarines-chief-librarian-tigurius/001.jpg
    saved data/images/ultramarines-chief-librarian-tigurius/002.jpg
    saved data/images/ultramarines-chief-librarian-tigurius/003.jpg
    saved data/images/ultramarines-chief-librarian-tigurius/004.jpg
    saved data/images/ultramarines-chief-librarian-tigurius/005.jpg
    saved data/images/ultramarines-chief-librarian-tigurius/006.jpg
    saved data/images/ultramarines-chief-librarian-tigurius/007.png
    saved data/images/ultramarines-chief-librarian-tigurius/description/001.jpg
    saved data/images/ultramarines-chief-librarian-tigurius/description/002.jpg
    saved data/images/ultramarines-chief-librarian-tigurius/description/003.jpg
    saved data/images/ultramarines-chief-librarian-tigurius/description/004.jpg
    saved data/images/ultramarines-chief-librarian-tigurius/description/005.jpg
    saved data/images/ultramarines-chief-librarian-tigurius/description/006.jpg
    saved data/images/ultramarines-chief-librarian-tigurius/description/007.jpg
    saved data/images/ultramarines-chief-librarian-tigurius/description/008.jpg
    saved data/images/ultramarines-chief-librarian-tigurius/description/009.jpg
    saved data/images/ultramarines-chief-librarian-tigurius/description/010.jpg
[369/541] scraping white-consuls-captain-messinius
  downloading 18 images...
    saved data/images/white-consuls-captain-messinius/001.jpg
    saved data/images/white-consuls-captain-messinius/002.jpg
    saved data/images/white-consuls-captain-messinius/003.jpg
    saved data/images/white-consuls-captain-messinius/004.jpg
    saved data/images/white-consuls-captain-messinius/005.jpg
    saved data/images/white-consuls-captain-messinius/006.jpg
    saved data/images/white-consuls-captain-messinius/007.png
    saved data/images/white-consuls-captain-messinius/description/001.jpg
    saved data/images/white-consuls-captain-messinius/description/002.jpg
    saved data/images/white-consuls-captain-messinius/description/003.jpg
    saved data/images/white-consuls-captain-messinius/description/004.jpg
    saved data/images/white-consuls-captain-messinius/description/005.jpg
    saved data/images/white-consuls-captain-messinius/description/006.jpg
    saved data/images/white-consuls-captain-messinius/description/007.jpg
    saved data/images/white-consuls-captain-messinius/description/008.jpg
    saved data/images/white-consuls-captain-messinius/description/009.jpg
    saved data/images/white-consuls-captain-messinius/description/010.jpg
    saved data/images/white-consuls-captain-messinius/description/011.jpg
[370/541] scraping space-marines-white-consuls-intercessors-2
  downloading 15 images...
    saved data/images/space-marines-white-consuls-intercessors-2/001.jpg
    saved data/images/space-marines-white-consuls-intercessors-2/002.jpg
    saved data/images/space-marines-white-consuls-intercessors-2/003.jpg
    saved data/images/space-marines-white-consuls-intercessors-2/004.jpg
    saved data/images/space-marines-white-consuls-intercessors-2/005.jpg
    saved data/images/space-marines-white-consuls-intercessors-2/006.jpg
    saved data/images/space-marines-white-consuls-intercessors-2/007.png
    saved data/images/space-marines-white-consuls-intercessors-2/description/001.jpg
    saved data/images/space-marines-white-consuls-intercessors-2/description/002.jpg
    saved data/images/space-marines-white-consuls-intercessors-2/description/003.jpg
    saved data/images/space-marines-white-consuls-intercessors-2/description/004.jpg
    saved data/images/space-marines-white-consuls-intercessors-2/description/005.jpg
    saved data/images/space-marines-white-consuls-intercessors-2/description/006.jpg
    saved data/images/space-marines-white-consuls-intercessors-2/description/007.jpg
    saved data/images/space-marines-white-consuls-intercessors-2/description/008.jpg
[371/541] scraping chaosspace-marines-crimson-slaughter-sorcerer-lord-in-terminator-armour
  downloading 16 images...
    saved data/images/chaosspace-marines-crimson-slaughter-sorcerer-lord-in-terminator-armour/001.jpg
    saved data/images/chaosspace-marines-crimson-slaughter-sorcerer-lord-in-terminator-armour/002.jpg
    saved data/images/chaosspace-marines-crimson-slaughter-sorcerer-lord-in-terminator-armour/003.jpg
    saved data/images/chaosspace-marines-crimson-slaughter-sorcerer-lord-in-terminator-armour/004.jpg
    saved data/images/chaosspace-marines-crimson-slaughter-sorcerer-lord-in-terminator-armour/005.jpg
    saved data/images/chaosspace-marines-crimson-slaughter-sorcerer-lord-in-terminator-armour/006.jpg
    saved data/images/chaosspace-marines-crimson-slaughter-sorcerer-lord-in-terminator-armour/007.png
    saved data/images/chaosspace-marines-crimson-slaughter-sorcerer-lord-in-terminator-armour/description/001.jpg
    saved data/images/chaosspace-marines-crimson-slaughter-sorcerer-lord-in-terminator-armour/description/002.jpg
    saved data/images/chaosspace-marines-crimson-slaughter-sorcerer-lord-in-terminator-armour/description/003.jpg
    saved data/images/chaosspace-marines-crimson-slaughter-sorcerer-lord-in-terminator-armour/description/004.jpg
    saved data/images/chaosspace-marines-crimson-slaughter-sorcerer-lord-in-terminator-armour/description/005.jpg
    saved data/images/chaosspace-marines-crimson-slaughter-sorcerer-lord-in-terminator-armour/description/006.jpg
    saved data/images/chaosspace-marines-crimson-slaughter-sorcerer-lord-in-terminator-armour/description/007.jpg
    saved data/images/chaosspace-marines-crimson-slaughter-sorcerer-lord-in-terminator-armour/description/008.jpg
    saved data/images/chaosspace-marines-crimson-slaughter-sorcerer-lord-in-terminator-armour/description/009.png
[372/541] scraping salamanders-captain-adrax-agatone
  downloading 17 images...
    saved data/images/salamanders-captain-adrax-agatone/001.jpg
    saved data/images/salamanders-captain-adrax-agatone/002.jpg
    saved data/images/salamanders-captain-adrax-agatone/003.jpg
    saved data/images/salamanders-captain-adrax-agatone/004.jpg
    saved data/images/salamanders-captain-adrax-agatone/005.jpg
    saved data/images/salamanders-captain-adrax-agatone/006.jpg
    saved data/images/salamanders-captain-adrax-agatone/007.png
    saved data/images/salamanders-captain-adrax-agatone/description/001.jpg
    saved data/images/salamanders-captain-adrax-agatone/description/002.jpg
    saved data/images/salamanders-captain-adrax-agatone/description/003.jpg
    saved data/images/salamanders-captain-adrax-agatone/description/004.jpg
    saved data/images/salamanders-captain-adrax-agatone/description/005.jpg
    saved data/images/salamanders-captain-adrax-agatone/description/006.jpg
    saved data/images/salamanders-captain-adrax-agatone/description/007.jpg
    saved data/images/salamanders-captain-adrax-agatone/description/008.jpg
    saved data/images/salamanders-captain-adrax-agatone/description/009.jpg
    saved data/images/salamanders-captain-adrax-agatone/description/010.gif
[373/541] scraping blood-angels-mephiston
  downloading 17 images...
    saved data/images/blood-angels-mephiston/001.jpg
    saved data/images/blood-angels-mephiston/002.jpg
    saved data/images/blood-angels-mephiston/003.jpg
    saved data/images/blood-angels-mephiston/004.jpg
    saved data/images/blood-angels-mephiston/005.jpg
    saved data/images/blood-angels-mephiston/006.jpg
    saved data/images/blood-angels-mephiston/007.png
    saved data/images/blood-angels-mephiston/description/001.jpg
    saved data/images/blood-angels-mephiston/description/002.jpg
    saved data/images/blood-angels-mephiston/description/003.jpg
    saved data/images/blood-angels-mephiston/description/004.jpg
    saved data/images/blood-angels-mephiston/description/005.jpg
    saved data/images/blood-angels-mephiston/description/006.jpg
    saved data/images/blood-angels-mephiston/description/007.jpg
    saved data/images/blood-angels-mephiston/description/008.jpg
    saved data/images/blood-angels-mephiston/description/009.jpg
    saved data/images/blood-angels-mephiston/description/010.jpg
[374/541] scraping ultramarines-terminators-brother-orionus
  downloading 16 images...
    saved data/images/ultramarines-terminators-brother-orionus/001.jpg
    saved data/images/ultramarines-terminators-brother-orionus/002.jpg
    saved data/images/ultramarines-terminators-brother-orionus/003.jpg
    saved data/images/ultramarines-terminators-brother-orionus/004.jpg
    saved data/images/ultramarines-terminators-brother-orionus/005.jpg
    saved data/images/ultramarines-terminators-brother-orionus/006.jpg
    saved data/images/ultramarines-terminators-brother-orionus/description/001.jpg
    saved data/images/ultramarines-terminators-brother-orionus/description/002.jpg
    saved data/images/ultramarines-terminators-brother-orionus/description/003.jpg
    saved data/images/ultramarines-terminators-brother-orionus/description/004.jpg
    saved data/images/ultramarines-terminators-brother-orionus/description/005.jpg
    saved data/images/ultramarines-terminators-brother-orionus/description/006.jpg
    saved data/images/ultramarines-terminators-brother-orionus/description/007.jpg
    saved data/images/ultramarines-terminators-brother-orionus/description/008.jpg
    saved data/images/ultramarines-terminators-brother-orionus/description/009.jpg
    saved data/images/ultramarines-terminators-brother-orionus/description/010.jpg
[375/541] scraping ultramarines-hellblasters-sergeant-ulaxes
  downloading 14 images...
    saved data/images/ultramarines-hellblasters-sergeant-ulaxes/001.jpg
    saved data/images/ultramarines-hellblasters-sergeant-ulaxes/002.jpg
    saved data/images/ultramarines-hellblasters-sergeant-ulaxes/003.jpg
    saved data/images/ultramarines-hellblasters-sergeant-ulaxes/004.jpg
    saved data/images/ultramarines-hellblasters-sergeant-ulaxes/005.jpg
    saved data/images/ultramarines-hellblasters-sergeant-ulaxes/006.png
    saved data/images/ultramarines-hellblasters-sergeant-ulaxes/description/001.jpg
    saved data/images/ultramarines-hellblasters-sergeant-ulaxes/description/002.jpg
    saved data/images/ultramarines-hellblasters-sergeant-ulaxes/description/003.jpg
    saved data/images/ultramarines-hellblasters-sergeant-ulaxes/description/004.jpg
    saved data/images/ultramarines-hellblasters-sergeant-ulaxes/description/005.jpg
    saved data/images/ultramarines-hellblasters-sergeant-ulaxes/description/006.jpg
    saved data/images/ultramarines-hellblasters-sergeant-ulaxes/description/007.jpg
    saved data/images/ultramarines-hellblasters-sergeant-ulaxes/description/008.jpg
[376/541] scraping ultramarines-terminators-sergeant-terconon
  downloading 15 images...
    saved data/images/ultramarines-terminators-sergeant-terconon/001.jpg
    saved data/images/ultramarines-terminators-sergeant-terconon/002.jpg
    saved data/images/ultramarines-terminators-sergeant-terconon/003.jpg
    saved data/images/ultramarines-terminators-sergeant-terconon/004.jpg
    saved data/images/ultramarines-terminators-sergeant-terconon/005.jpg
    saved data/images/ultramarines-terminators-sergeant-terconon/006.jpg
    saved data/images/ultramarines-terminators-sergeant-terconon/description/001.jpg
    saved data/images/ultramarines-terminators-sergeant-terconon/description/002.jpg
    saved data/images/ultramarines-terminators-sergeant-terconon/description/003.jpg
    saved data/images/ultramarines-terminators-sergeant-terconon/description/004.jpg
    saved data/images/ultramarines-terminators-sergeant-terconon/description/005.jpg
    saved data/images/ultramarines-terminators-sergeant-terconon/description/006.jpg
    saved data/images/ultramarines-terminators-sergeant-terconon/description/007.jpg
    saved data/images/ultramarines-terminators-sergeant-terconon/description/008.jpg
    saved data/images/ultramarines-terminators-sergeant-terconon/description/009.jpg
[377/541] scraping ultramarines-terminators-brother-caesaran
  downloading 15 images...
    saved data/images/ultramarines-terminators-brother-caesaran/001.jpg
    saved data/images/ultramarines-terminators-brother-caesaran/002.jpg
    saved data/images/ultramarines-terminators-brother-caesaran/003.jpg
    saved data/images/ultramarines-terminators-brother-caesaran/004.jpg
    saved data/images/ultramarines-terminators-brother-caesaran/005.jpg
    saved data/images/ultramarines-terminators-brother-caesaran/006.jpg
    saved data/images/ultramarines-terminators-brother-caesaran/description/001.jpg
    saved data/images/ultramarines-terminators-brother-caesaran/description/002.jpg
    saved data/images/ultramarines-terminators-brother-caesaran/description/003.jpg
    saved data/images/ultramarines-terminators-brother-caesaran/description/004.jpg
    saved data/images/ultramarines-terminators-brother-caesaran/description/005.jpg
    saved data/images/ultramarines-terminators-brother-caesaran/description/006.jpg
    saved data/images/ultramarines-terminators-brother-caesaran/description/007.jpg
    saved data/images/ultramarines-terminators-brother-caesaran/description/008.jpg
    saved data/images/ultramarines-terminators-brother-caesaran/description/009.jpg
[378/541] scraping ultramarines-terminators-brother-acastian
  downloading 15 images...
    saved data/images/ultramarines-terminators-brother-acastian/001.jpg
    saved data/images/ultramarines-terminators-brother-acastian/002.jpg
    saved data/images/ultramarines-terminators-brother-acastian/003.jpg
    saved data/images/ultramarines-terminators-brother-acastian/004.jpg
    saved data/images/ultramarines-terminators-brother-acastian/005.jpg
    saved data/images/ultramarines-terminators-brother-acastian/006.jpg
    saved data/images/ultramarines-terminators-brother-acastian/description/001.jpg
    saved data/images/ultramarines-terminators-brother-acastian/description/002.jpg
    saved data/images/ultramarines-terminators-brother-acastian/description/003.jpg
    saved data/images/ultramarines-terminators-brother-acastian/description/004.jpg
    saved data/images/ultramarines-terminators-brother-acastian/description/005.jpg
    saved data/images/ultramarines-terminators-brother-acastian/description/006.jpg
    saved data/images/ultramarines-terminators-brother-acastian/description/007.jpg
    saved data/images/ultramarines-terminators-brother-acastian/description/008.jpg
    saved data/images/ultramarines-terminators-brother-acastian/description/009.jpg
[379/541] scraping ultramarines-terminators-brother-andrus
  downloading 15 images...
    saved data/images/ultramarines-terminators-brother-andrus/001.jpg
    saved data/images/ultramarines-terminators-brother-andrus/002.jpg
    saved data/images/ultramarines-terminators-brother-andrus/003.jpg
    saved data/images/ultramarines-terminators-brother-andrus/004.jpg
    saved data/images/ultramarines-terminators-brother-andrus/005.jpg
    saved data/images/ultramarines-terminators-brother-andrus/006.jpg
    saved data/images/ultramarines-terminators-brother-andrus/description/001.jpg
    saved data/images/ultramarines-terminators-brother-andrus/description/002.jpg
    saved data/images/ultramarines-terminators-brother-andrus/description/003.jpg
    saved data/images/ultramarines-terminators-brother-andrus/description/004.jpg
    saved data/images/ultramarines-terminators-brother-andrus/description/005.jpg
    saved data/images/ultramarines-terminators-brother-andrus/description/006.jpg
    saved data/images/ultramarines-terminators-brother-andrus/description/007.jpg
    saved data/images/ultramarines-terminators-brother-andrus/description/008.jpg
    saved data/images/ultramarines-terminators-brother-andrus/description/009.jpg
[380/541] scraping ultramarines-terminators-sergeant-bellan
  downloading 16 images...
    saved data/images/ultramarines-terminators-sergeant-bellan/001.jpg
    saved data/images/ultramarines-terminators-sergeant-bellan/002.jpg
    saved data/images/ultramarines-terminators-sergeant-bellan/003.jpg
    saved data/images/ultramarines-terminators-sergeant-bellan/004.jpg
    saved data/images/ultramarines-terminators-sergeant-bellan/005.jpg
    saved data/images/ultramarines-terminators-sergeant-bellan/006.jpg
    saved data/images/ultramarines-terminators-sergeant-bellan/description/001.jpg
    saved data/images/ultramarines-terminators-sergeant-bellan/description/002.jpg
    saved data/images/ultramarines-terminators-sergeant-bellan/description/003.jpg
    saved data/images/ultramarines-terminators-sergeant-bellan/description/004.jpg
    saved data/images/ultramarines-terminators-sergeant-bellan/description/005.jpg
    saved data/images/ultramarines-terminators-sergeant-bellan/description/006.jpg
    saved data/images/ultramarines-terminators-sergeant-bellan/description/007.jpg
    saved data/images/ultramarines-terminators-sergeant-bellan/description/008.jpg
    saved data/images/ultramarines-terminators-sergeant-bellan/description/009.jpg
    saved data/images/ultramarines-terminators-sergeant-bellan/description/010.jpg
[381/541] scraping ultramarines-honour-guard-2
  downloading 14 images...
    saved data/images/ultramarines-honour-guard-2/001.jpg
    saved data/images/ultramarines-honour-guard-2/002.jpg
    saved data/images/ultramarines-honour-guard-2/003.jpg
    saved data/images/ultramarines-honour-guard-2/004.jpg
    saved data/images/ultramarines-honour-guard-2/005.jpg
    saved data/images/ultramarines-honour-guard-2/006.jpg
    saved data/images/ultramarines-honour-guard-2/description/001.jpg
    saved data/images/ultramarines-honour-guard-2/description/002.jpg
    saved data/images/ultramarines-honour-guard-2/description/003.jpg
    saved data/images/ultramarines-honour-guard-2/description/004.jpg
    saved data/images/ultramarines-honour-guard-2/description/005.jpg
    saved data/images/ultramarines-honour-guard-2/description/006.jpg
    saved data/images/ultramarines-honour-guard-2/description/007.jpg
    saved data/images/ultramarines-honour-guard-2/description/008.jpg
[382/541] scraping ultramarines-honour-guard-1
  downloading 15 images...
    saved data/images/ultramarines-honour-guard-1/001.jpg
    saved data/images/ultramarines-honour-guard-1/002.jpg
    saved data/images/ultramarines-honour-guard-1/003.jpg
    saved data/images/ultramarines-honour-guard-1/004.jpg
    saved data/images/ultramarines-honour-guard-1/005.jpg
    saved data/images/ultramarines-honour-guard-1/006.jpg
    saved data/images/ultramarines-honour-guard-1/description/001.jpg
    saved data/images/ultramarines-honour-guard-1/description/002.jpg
    saved data/images/ultramarines-honour-guard-1/description/003.jpg
    saved data/images/ultramarines-honour-guard-1/description/004.jpg
    saved data/images/ultramarines-honour-guard-1/description/005.jpg
    saved data/images/ultramarines-honour-guard-1/description/006.jpg
    saved data/images/ultramarines-honour-guard-1/description/007.jpg
    saved data/images/ultramarines-honour-guard-1/description/008.jpg
    saved data/images/ultramarines-honour-guard-1/description/009.jpg
[383/541] scraping ultramarines-honour-guard-chapter-ancient
  downloading 14 images...
    saved data/images/ultramarines-honour-guard-chapter-ancient/001.jpg
    saved data/images/ultramarines-honour-guard-chapter-ancient/002.jpg
    saved data/images/ultramarines-honour-guard-chapter-ancient/003.jpg
    saved data/images/ultramarines-honour-guard-chapter-ancient/004.jpg
    saved data/images/ultramarines-honour-guard-chapter-ancient/005.jpg
    saved data/images/ultramarines-honour-guard-chapter-ancient/006.jpg
    saved data/images/ultramarines-honour-guard-chapter-ancient/description/001.jpg
    saved data/images/ultramarines-honour-guard-chapter-ancient/description/002.jpg
    saved data/images/ultramarines-honour-guard-chapter-ancient/description/003.jpg
    saved data/images/ultramarines-honour-guard-chapter-ancient/description/004.jpg
    saved data/images/ultramarines-honour-guard-chapter-ancient/description/005.jpg
    saved data/images/ultramarines-honour-guard-chapter-ancient/description/006.jpg
    saved data/images/ultramarines-honour-guard-chapter-ancient/description/007.jpg
    saved data/images/ultramarines-honour-guard-chapter-ancient/description/008.jpg
[384/541] scraping ultramarines-honour-guard-chapter-champion
  downloading 14 images...
    saved data/images/ultramarines-honour-guard-chapter-champion/001.jpg
    saved data/images/ultramarines-honour-guard-chapter-champion/002.jpg
    saved data/images/ultramarines-honour-guard-chapter-champion/003.jpg
    saved data/images/ultramarines-honour-guard-chapter-champion/004.jpg
    saved data/images/ultramarines-honour-guard-chapter-champion/005.jpg
    saved data/images/ultramarines-honour-guard-chapter-champion/006.jpg
    saved data/images/ultramarines-honour-guard-chapter-champion/description/001.jpg
    saved data/images/ultramarines-honour-guard-chapter-champion/description/002.jpg
    saved data/images/ultramarines-honour-guard-chapter-champion/description/003.jpg
    saved data/images/ultramarines-honour-guard-chapter-champion/description/004.jpg
    saved data/images/ultramarines-honour-guard-chapter-champion/description/005.jpg
    saved data/images/ultramarines-honour-guard-chapter-champion/description/006.jpg
    saved data/images/ultramarines-honour-guard-chapter-champion/description/007.jpg
    saved data/images/ultramarines-honour-guard-chapter-champion/description/008.jpg
[385/541] scraping chaos-space-marines-black-legion-chaos-lord-in-terminator-armour
  downloading 19 images...
    saved data/images/chaos-space-marines-black-legion-chaos-lord-in-terminator-armour/001.jpg
    saved data/images/chaos-space-marines-black-legion-chaos-lord-in-terminator-armour/002.jpg
    saved data/images/chaos-space-marines-black-legion-chaos-lord-in-terminator-armour/003.jpg
    saved data/images/chaos-space-marines-black-legion-chaos-lord-in-terminator-armour/004.jpg
    saved data/images/chaos-space-marines-black-legion-chaos-lord-in-terminator-armour/005.jpg
    saved data/images/chaos-space-marines-black-legion-chaos-lord-in-terminator-armour/006.jpg
    saved data/images/chaos-space-marines-black-legion-chaos-lord-in-terminator-armour/007.png
    saved data/images/chaos-space-marines-black-legion-chaos-lord-in-terminator-armour/description/001.jpg
    saved data/images/chaos-space-marines-black-legion-chaos-lord-in-terminator-armour/description/002.jpg
    saved data/images/chaos-space-marines-black-legion-chaos-lord-in-terminator-armour/description/003.jpg
    saved data/images/chaos-space-marines-black-legion-chaos-lord-in-terminator-armour/description/004.jpg
    saved data/images/chaos-space-marines-black-legion-chaos-lord-in-terminator-armour/description/005.jpg
    saved data/images/chaos-space-marines-black-legion-chaos-lord-in-terminator-armour/description/006.jpg
    saved data/images/chaos-space-marines-black-legion-chaos-lord-in-terminator-armour/description/007.jpg
    saved data/images/chaos-space-marines-black-legion-chaos-lord-in-terminator-armour/description/008.jpg
    saved data/images/chaos-space-marines-black-legion-chaos-lord-in-terminator-armour/description/009.jpg
    saved data/images/chaos-space-marines-black-legion-chaos-lord-in-terminator-armour/description/010.jpg
    saved data/images/chaos-space-marines-black-legion-chaos-lord-in-terminator-armour/description/011.jpg
    saved data/images/chaos-space-marines-black-legion-chaos-lord-in-terminator-armour/description/012.jpg
[386/541] scraping ultramarines-terminator-chaplain-brother-vanius
  downloading 15 images...
    saved data/images/ultramarines-terminator-chaplain-brother-vanius/001.jpg
    saved data/images/ultramarines-terminator-chaplain-brother-vanius/002.jpg
    saved data/images/ultramarines-terminator-chaplain-brother-vanius/003.jpg
    saved data/images/ultramarines-terminator-chaplain-brother-vanius/004.jpg
    saved data/images/ultramarines-terminator-chaplain-brother-vanius/005.jpg
    saved data/images/ultramarines-terminator-chaplain-brother-vanius/006.jpg
    saved data/images/ultramarines-terminator-chaplain-brother-vanius/007.png
    saved data/images/ultramarines-terminator-chaplain-brother-vanius/description/001.jpg
    saved data/images/ultramarines-terminator-chaplain-brother-vanius/description/002.jpg
    saved data/images/ultramarines-terminator-chaplain-brother-vanius/description/003.jpg
    saved data/images/ultramarines-terminator-chaplain-brother-vanius/description/004.jpg
    saved data/images/ultramarines-terminator-chaplain-brother-vanius/description/005.jpg
    saved data/images/ultramarines-terminator-chaplain-brother-vanius/description/006.jpg
    saved data/images/ultramarines-terminator-chaplain-brother-vanius/description/007.jpg
    saved data/images/ultramarines-terminator-chaplain-brother-vanius/description/008.jpg
[387/541] scraping salamanders-eradicators-brother-xavak
  downloading 14 images...
    saved data/images/salamanders-eradicators-brother-xavak/001.jpg
    saved data/images/salamanders-eradicators-brother-xavak/002.jpg
    saved data/images/salamanders-eradicators-brother-xavak/003.jpg
    saved data/images/salamanders-eradicators-brother-xavak/004.jpg
    saved data/images/salamanders-eradicators-brother-xavak/005.jpg
    saved data/images/salamanders-eradicators-brother-xavak/006.png
    saved data/images/salamanders-eradicators-brother-xavak/description/001.jpg
    saved data/images/salamanders-eradicators-brother-xavak/description/002.jpg
    saved data/images/salamanders-eradicators-brother-xavak/description/003.jpg
    saved data/images/salamanders-eradicators-brother-xavak/description/004.jpg
    saved data/images/salamanders-eradicators-brother-xavak/description/005.jpg
    saved data/images/salamanders-eradicators-brother-xavak/description/006.jpg
    saved data/images/salamanders-eradicators-brother-xavak/description/007.jpg
    saved data/images/salamanders-eradicators-brother-xavak/description/008.jpg
[388/541] scraping salamanders-eradicators-brother-tkren
  downloading 16 images...
    saved data/images/salamanders-eradicators-brother-tkren/001.jpg
    saved data/images/salamanders-eradicators-brother-tkren/002.jpg
    saved data/images/salamanders-eradicators-brother-tkren/003.jpg
    saved data/images/salamanders-eradicators-brother-tkren/004.jpg
    saved data/images/salamanders-eradicators-brother-tkren/005.jpg
    saved data/images/salamanders-eradicators-brother-tkren/006.jpg
    saved data/images/salamanders-eradicators-brother-tkren/007.png
    saved data/images/salamanders-eradicators-brother-tkren/description/001.jpg
    saved data/images/salamanders-eradicators-brother-tkren/description/002.jpg
    saved data/images/salamanders-eradicators-brother-tkren/description/003.jpg
    saved data/images/salamanders-eradicators-brother-tkren/description/004.jpg
    saved data/images/salamanders-eradicators-brother-tkren/description/005.jpg
    saved data/images/salamanders-eradicators-brother-tkren/description/006.jpg
    saved data/images/salamanders-eradicators-brother-tkren/description/007.jpg
    saved data/images/salamanders-eradicators-brother-tkren/description/008.jpg
    saved data/images/salamanders-eradicators-brother-tkren/description/009.gif
[389/541] scraping salamanders-eradicators-sergeant-bragar
  downloading 15 images...
    saved data/images/salamanders-eradicators-sergeant-bragar/001.jpg
    saved data/images/salamanders-eradicators-sergeant-bragar/002.jpg
    saved data/images/salamanders-eradicators-sergeant-bragar/003.jpg
    saved data/images/salamanders-eradicators-sergeant-bragar/004.jpg
    saved data/images/salamanders-eradicators-sergeant-bragar/005.jpg
    saved data/images/salamanders-eradicators-sergeant-bragar/006.jpg
    saved data/images/salamanders-eradicators-sergeant-bragar/007.png
    saved data/images/salamanders-eradicators-sergeant-bragar/description/001.jpg
    saved data/images/salamanders-eradicators-sergeant-bragar/description/002.jpg
    saved data/images/salamanders-eradicators-sergeant-bragar/description/003.jpg
    saved data/images/salamanders-eradicators-sergeant-bragar/description/004.jpg
    saved data/images/salamanders-eradicators-sergeant-bragar/description/005.jpg
    saved data/images/salamanders-eradicators-sergeant-bragar/description/006.jpg
    saved data/images/salamanders-eradicators-sergeant-bragar/description/007.jpg
    saved data/images/salamanders-eradicators-sergeant-bragar/description/008.jpg
[390/541] scraping salamanders-intercessors-brother-tolvak
  downloading 13 images...
    saved data/images/salamanders-intercessors-brother-tolvak/001.jpg
    saved data/images/salamanders-intercessors-brother-tolvak/002.jpg
    saved data/images/salamanders-intercessors-brother-tolvak/003.jpg
    saved data/images/salamanders-intercessors-brother-tolvak/004.jpg
    saved data/images/salamanders-intercessors-brother-tolvak/005.jpg
    saved data/images/salamanders-intercessors-brother-tolvak/description/001.jpg
    saved data/images/salamanders-intercessors-brother-tolvak/description/002.jpg
    saved data/images/salamanders-intercessors-brother-tolvak/description/003.jpg
    saved data/images/salamanders-intercessors-brother-tolvak/description/004.jpg
    saved data/images/salamanders-intercessors-brother-tolvak/description/005.jpg
    saved data/images/salamanders-intercessors-brother-tolvak/description/006.jpg
    saved data/images/salamanders-intercessors-brother-tolvak/description/007.jpg
    saved data/images/salamanders-intercessors-brother-tolvak/description/008.jpg
[391/541] scraping salamanders-intercessors-sergeant-tsekgan
  downloading 14 images...
    saved data/images/salamanders-intercessors-sergeant-tsekgan/001.jpg
    saved data/images/salamanders-intercessors-sergeant-tsekgan/002.jpg
    saved data/images/salamanders-intercessors-sergeant-tsekgan/003.jpg
    saved data/images/salamanders-intercessors-sergeant-tsekgan/004.jpg
    saved data/images/salamanders-intercessors-sergeant-tsekgan/005.jpg
    saved data/images/salamanders-intercessors-sergeant-tsekgan/006.jpg
    saved data/images/salamanders-intercessors-sergeant-tsekgan/description/001.jpg
    saved data/images/salamanders-intercessors-sergeant-tsekgan/description/002.jpg
    saved data/images/salamanders-intercessors-sergeant-tsekgan/description/003.jpg
    saved data/images/salamanders-intercessors-sergeant-tsekgan/description/004.jpg
    saved data/images/salamanders-intercessors-sergeant-tsekgan/description/005.jpg
    saved data/images/salamanders-intercessors-sergeant-tsekgan/description/006.jpg
    saved data/images/salamanders-intercessors-sergeant-tsekgan/description/007.jpg
    saved data/images/salamanders-intercessors-sergeant-tsekgan/description/008.jpg
[392/541] scraping salamanders-intercessors-brother-haecule
  downloading 15 images...
    saved data/images/salamanders-intercessors-brother-haecule/001.jpg
    saved data/images/salamanders-intercessors-brother-haecule/002.jpg
    saved data/images/salamanders-intercessors-brother-haecule/003.jpg
    saved data/images/salamanders-intercessors-brother-haecule/004.jpg
    saved data/images/salamanders-intercessors-brother-haecule/005.jpg
    saved data/images/salamanders-intercessors-brother-haecule/006.jpg
    saved data/images/salamanders-intercessors-brother-haecule/description/001.jpg
    saved data/images/salamanders-intercessors-brother-haecule/description/002.jpg
    saved data/images/salamanders-intercessors-brother-haecule/description/003.jpg
    saved data/images/salamanders-intercessors-brother-haecule/description/004.jpg
    saved data/images/salamanders-intercessors-brother-haecule/description/005.jpg
    saved data/images/salamanders-intercessors-brother-haecule/description/006.jpg
    saved data/images/salamanders-intercessors-brother-haecule/description/007.jpg
    saved data/images/salamanders-intercessors-brother-haecule/description/008.jpg
    saved data/images/salamanders-intercessors-brother-haecule/description/009.jpg
[393/541] scraping salamanders-assault-intercessors-sergeant-krajax
  downloading 15 images...
    saved data/images/salamanders-assault-intercessors-sergeant-krajax/001.jpg
    saved data/images/salamanders-assault-intercessors-sergeant-krajax/002.jpg
    saved data/images/salamanders-assault-intercessors-sergeant-krajax/003.jpg
    saved data/images/salamanders-assault-intercessors-sergeant-krajax/004.jpg
    saved data/images/salamanders-assault-intercessors-sergeant-krajax/005.jpg
    saved data/images/salamanders-assault-intercessors-sergeant-krajax/description/001.jpg
    saved data/images/salamanders-assault-intercessors-sergeant-krajax/description/002.jpg
    saved data/images/salamanders-assault-intercessors-sergeant-krajax/description/003.jpg
    saved data/images/salamanders-assault-intercessors-sergeant-krajax/description/004.jpg
    saved data/images/salamanders-assault-intercessors-sergeant-krajax/description/005.jpg
    saved data/images/salamanders-assault-intercessors-sergeant-krajax/description/006.jpg
    saved data/images/salamanders-assault-intercessors-sergeant-krajax/description/007.jpg
    saved data/images/salamanders-assault-intercessors-sergeant-krajax/description/008.jpg
    saved data/images/salamanders-assault-intercessors-sergeant-krajax/description/009.jpg
    saved data/images/salamanders-assault-intercessors-sergeant-krajax/description/010.jpg
[394/541] scraping iron-hands-intercessors-sergeant-bantus
  downloading 14 images...
    saved data/images/iron-hands-intercessors-sergeant-bantus/001.jpg
    saved data/images/iron-hands-intercessors-sergeant-bantus/002.jpg
    saved data/images/iron-hands-intercessors-sergeant-bantus/003.jpg
    saved data/images/iron-hands-intercessors-sergeant-bantus/004.jpg
    saved data/images/iron-hands-intercessors-sergeant-bantus/005.jpg
    saved data/images/iron-hands-intercessors-sergeant-bantus/description/001.jpg
    saved data/images/iron-hands-intercessors-sergeant-bantus/description/002.jpg
    saved data/images/iron-hands-intercessors-sergeant-bantus/description/003.jpg
    saved data/images/iron-hands-intercessors-sergeant-bantus/description/004.jpg
    saved data/images/iron-hands-intercessors-sergeant-bantus/description/005.jpg
    saved data/images/iron-hands-intercessors-sergeant-bantus/description/006.jpg
    saved data/images/iron-hands-intercessors-sergeant-bantus/description/007.jpg
    saved data/images/iron-hands-intercessors-sergeant-bantus/description/008.jpg
    saved data/images/iron-hands-intercessors-sergeant-bantus/description/009.jpg
[395/541] scraping iron-hands-assault-intercessors-sergeant-kalock
  downloading 13 images...
    saved data/images/iron-hands-assault-intercessors-sergeant-kalock/001.jpg
    saved data/images/iron-hands-assault-intercessors-sergeant-kalock/002.jpg
    saved data/images/iron-hands-assault-intercessors-sergeant-kalock/003.jpg
    saved data/images/iron-hands-assault-intercessors-sergeant-kalock/004.jpg
    saved data/images/iron-hands-assault-intercessors-sergeant-kalock/005.jpg
    saved data/images/iron-hands-assault-intercessors-sergeant-kalock/description/001.jpg
    saved data/images/iron-hands-assault-intercessors-sergeant-kalock/description/002.jpg
    saved data/images/iron-hands-assault-intercessors-sergeant-kalock/description/003.jpg
    saved data/images/iron-hands-assault-intercessors-sergeant-kalock/description/004.jpg
    saved data/images/iron-hands-assault-intercessors-sergeant-kalock/description/005.jpg
    saved data/images/iron-hands-assault-intercessors-sergeant-kalock/description/006.jpg
    saved data/images/iron-hands-assault-intercessors-sergeant-kalock/description/007.jpg
    saved data/images/iron-hands-assault-intercessors-sergeant-kalock/description/008.jpg
[396/541] scraping iron-hands-intercessors-brother-gravak-1
  downloading 13 images...
    saved data/images/iron-hands-intercessors-brother-gravak-1/001.jpg
    saved data/images/iron-hands-intercessors-brother-gravak-1/002.jpg
    saved data/images/iron-hands-intercessors-brother-gravak-1/003.jpg
    saved data/images/iron-hands-intercessors-brother-gravak-1/004.jpg
    saved data/images/iron-hands-intercessors-brother-gravak-1/005.jpg
    saved data/images/iron-hands-intercessors-brother-gravak-1/description/001.jpg
    saved data/images/iron-hands-intercessors-brother-gravak-1/description/002.jpg
    saved data/images/iron-hands-intercessors-brother-gravak-1/description/003.jpg
    saved data/images/iron-hands-intercessors-brother-gravak-1/description/004.jpg
    saved data/images/iron-hands-intercessors-brother-gravak-1/description/005.jpg
    saved data/images/iron-hands-intercessors-brother-gravak-1/description/006.jpg
    saved data/images/iron-hands-intercessors-brother-gravak-1/description/007.jpg
    saved data/images/iron-hands-intercessors-brother-gravak-1/description/008.jpg
[397/541] scraping iron-hands-intercessors-brother-gravak
  downloading 13 images...
    saved data/images/iron-hands-intercessors-brother-gravak/001.jpg
    saved data/images/iron-hands-intercessors-brother-gravak/002.jpg
    saved data/images/iron-hands-intercessors-brother-gravak/003.jpg
    saved data/images/iron-hands-intercessors-brother-gravak/004.jpg
    saved data/images/iron-hands-intercessors-brother-gravak/005.jpg
    saved data/images/iron-hands-intercessors-brother-gravak/description/001.jpg
    saved data/images/iron-hands-intercessors-brother-gravak/description/002.jpg
    saved data/images/iron-hands-intercessors-brother-gravak/description/003.jpg
    saved data/images/iron-hands-intercessors-brother-gravak/description/004.jpg
    saved data/images/iron-hands-intercessors-brother-gravak/description/005.jpg
    saved data/images/iron-hands-intercessors-brother-gravak/description/006.jpg
    saved data/images/iron-hands-intercessors-brother-gravak/description/007.jpg
    saved data/images/iron-hands-intercessors-brother-gravak/description/008.jpg
[398/541] scraping space-wolves-iron-priest-jorin-fellhammer
  downloading 15 images...
    saved data/images/space-wolves-iron-priest-jorin-fellhammer/001.jpg
    saved data/images/space-wolves-iron-priest-jorin-fellhammer/002.jpg
    saved data/images/space-wolves-iron-priest-jorin-fellhammer/003.jpg
    saved data/images/space-wolves-iron-priest-jorin-fellhammer/004.jpg
    saved data/images/space-wolves-iron-priest-jorin-fellhammer/005.jpg
    saved data/images/space-wolves-iron-priest-jorin-fellhammer/006.png
    saved data/images/space-wolves-iron-priest-jorin-fellhammer/description/001.jpg
    saved data/images/space-wolves-iron-priest-jorin-fellhammer/description/002.jpg
    saved data/images/space-wolves-iron-priest-jorin-fellhammer/description/003.jpg
    saved data/images/space-wolves-iron-priest-jorin-fellhammer/description/004.jpg
    saved data/images/space-wolves-iron-priest-jorin-fellhammer/description/005.jpg
    saved data/images/space-wolves-iron-priest-jorin-fellhammer/description/006.jpg
    saved data/images/space-wolves-iron-priest-jorin-fellhammer/description/007.jpg
    saved data/images/space-wolves-iron-priest-jorin-fellhammer/description/008.jpg
    saved data/images/space-wolves-iron-priest-jorin-fellhammer/description/009.jpg
[399/541] scraping astra-militarum-tempestus-scions-command-squad-55th-kappic-eagles-grenadier
  downloading 14 images...
    saved data/images/astra-militarum-tempestus-scions-command-squad-55th-kappic-eagles-grenadier/001.jpg
    saved data/images/astra-militarum-tempestus-scions-command-squad-55th-kappic-eagles-grenadier/002.jpg
    saved data/images/astra-militarum-tempestus-scions-command-squad-55th-kappic-eagles-grenadier/003.jpg
    saved data/images/astra-militarum-tempestus-scions-command-squad-55th-kappic-eagles-grenadier/004.jpg
    saved data/images/astra-militarum-tempestus-scions-command-squad-55th-kappic-eagles-grenadier/005.jpg
    saved data/images/astra-militarum-tempestus-scions-command-squad-55th-kappic-eagles-grenadier/006.png
    saved data/images/astra-militarum-tempestus-scions-command-squad-55th-kappic-eagles-grenadier/description/001.jpg
    saved data/images/astra-militarum-tempestus-scions-command-squad-55th-kappic-eagles-grenadier/description/002.jpg
    saved data/images/astra-militarum-tempestus-scions-command-squad-55th-kappic-eagles-grenadier/description/003.jpg
    saved data/images/astra-militarum-tempestus-scions-command-squad-55th-kappic-eagles-grenadier/description/004.jpg
    saved data/images/astra-militarum-tempestus-scions-command-squad-55th-kappic-eagles-grenadier/description/005.jpg
    saved data/images/astra-militarum-tempestus-scions-command-squad-55th-kappic-eagles-grenadier/description/006.jpg
    saved data/images/astra-militarum-tempestus-scions-command-squad-55th-kappic-eagles-grenadier/description/007.jpg
    saved data/images/astra-militarum-tempestus-scions-command-squad-55th-kappic-eagles-grenadier/description/008.jpg
[400/541] scraping astra-militarum-tempestus-scions-command-squad-55th-kappic-eagles-vox-operator
  downloading 14 images...
    saved data/images/astra-militarum-tempestus-scions-command-squad-55th-kappic-eagles-vox-operator/001.jpg
    saved data/images/astra-militarum-tempestus-scions-command-squad-55th-kappic-eagles-vox-operator/002.jpg
    saved data/images/astra-militarum-tempestus-scions-command-squad-55th-kappic-eagles-vox-operator/003.jpg
    saved data/images/astra-militarum-tempestus-scions-command-squad-55th-kappic-eagles-vox-operator/004.jpg
    saved data/images/astra-militarum-tempestus-scions-command-squad-55th-kappic-eagles-vox-operator/005.jpg
    saved data/images/astra-militarum-tempestus-scions-command-squad-55th-kappic-eagles-vox-operator/006.png
    saved data/images/astra-militarum-tempestus-scions-command-squad-55th-kappic-eagles-vox-operator/description/001.jpg
    saved data/images/astra-militarum-tempestus-scions-command-squad-55th-kappic-eagles-vox-operator/description/002.jpg
    saved data/images/astra-militarum-tempestus-scions-command-squad-55th-kappic-eagles-vox-operator/description/003.jpg
    saved data/images/astra-militarum-tempestus-scions-command-squad-55th-kappic-eagles-vox-operator/description/004.jpg
    saved data/images/astra-militarum-tempestus-scions-command-squad-55th-kappic-eagles-vox-operator/description/005.jpg
    saved data/images/astra-militarum-tempestus-scions-command-squad-55th-kappic-eagles-vox-operator/description/006.jpg
    saved data/images/astra-militarum-tempestus-scions-command-squad-55th-kappic-eagles-vox-operator/description/007.jpg
    saved data/images/astra-militarum-tempestus-scions-command-squad-55th-kappic-eagles-vox-operator/description/008.jpg
[401/541] scraping astra-militarum-tempestus-scions-55th-kappic-eagles-plasma-gunner-1
  downloading 14 images...
    saved data/images/astra-militarum-tempestus-scions-55th-kappic-eagles-plasma-gunner-1/001.jpg
    saved data/images/astra-militarum-tempestus-scions-55th-kappic-eagles-plasma-gunner-1/002.jpg
    saved data/images/astra-militarum-tempestus-scions-55th-kappic-eagles-plasma-gunner-1/003.jpg
    saved data/images/astra-militarum-tempestus-scions-55th-kappic-eagles-plasma-gunner-1/004.jpg
    saved data/images/astra-militarum-tempestus-scions-55th-kappic-eagles-plasma-gunner-1/005.jpg
    saved data/images/astra-militarum-tempestus-scions-55th-kappic-eagles-plasma-gunner-1/006.jpg
    saved data/images/astra-militarum-tempestus-scions-55th-kappic-eagles-plasma-gunner-1/description/001.jpg
    saved data/images/astra-militarum-tempestus-scions-55th-kappic-eagles-plasma-gunner-1/description/002.jpg
    saved data/images/astra-militarum-tempestus-scions-55th-kappic-eagles-plasma-gunner-1/description/003.jpg
    saved data/images/astra-militarum-tempestus-scions-55th-kappic-eagles-plasma-gunner-1/description/004.jpg
    saved data/images/astra-militarum-tempestus-scions-55th-kappic-eagles-plasma-gunner-1/description/005.jpg
    saved data/images/astra-militarum-tempestus-scions-55th-kappic-eagles-plasma-gunner-1/description/006.jpg
    saved data/images/astra-militarum-tempestus-scions-55th-kappic-eagles-plasma-gunner-1/description/007.jpg
    saved data/images/astra-militarum-tempestus-scions-55th-kappic-eagles-plasma-gunner-1/description/008.jpg
[402/541] scraping astra-militarum-tempestus-scions-55th-kappic-eagles-plasma-gunner
  downloading 14 images...
    saved data/images/astra-militarum-tempestus-scions-55th-kappic-eagles-plasma-gunner/001.jpg
    saved data/images/astra-militarum-tempestus-scions-55th-kappic-eagles-plasma-gunner/002.jpg
    saved data/images/astra-militarum-tempestus-scions-55th-kappic-eagles-plasma-gunner/003.jpg
    saved data/images/astra-militarum-tempestus-scions-55th-kappic-eagles-plasma-gunner/004.jpg
    saved data/images/astra-militarum-tempestus-scions-55th-kappic-eagles-plasma-gunner/005.jpg
    saved data/images/astra-militarum-tempestus-scions-55th-kappic-eagles-plasma-gunner/006.jpg
    saved data/images/astra-militarum-tempestus-scions-55th-kappic-eagles-plasma-gunner/description/001.jpg
    saved data/images/astra-militarum-tempestus-scions-55th-kappic-eagles-plasma-gunner/description/002.jpg
    saved data/images/astra-militarum-tempestus-scions-55th-kappic-eagles-plasma-gunner/description/003.jpg
    saved data/images/astra-militarum-tempestus-scions-55th-kappic-eagles-plasma-gunner/description/004.jpg
    saved data/images/astra-militarum-tempestus-scions-55th-kappic-eagles-plasma-gunner/description/005.jpg
    saved data/images/astra-militarum-tempestus-scions-55th-kappic-eagles-plasma-gunner/description/006.jpg
    saved data/images/astra-militarum-tempestus-scions-55th-kappic-eagles-plasma-gunner/description/007.jpg
    saved data/images/astra-militarum-tempestus-scions-55th-kappic-eagles-plasma-gunner/description/008.jpg
[403/541] scraping astra-militarum-tempestus-scions-squad-55th-kappic-eagles-tempestus-scion-2
  downloading 14 images...
    saved data/images/astra-militarum-tempestus-scions-squad-55th-kappic-eagles-tempestus-scion-2/001.jpg
    saved data/images/astra-militarum-tempestus-scions-squad-55th-kappic-eagles-tempestus-scion-2/002.jpg
    saved data/images/astra-militarum-tempestus-scions-squad-55th-kappic-eagles-tempestus-scion-2/003.jpg
    saved data/images/astra-militarum-tempestus-scions-squad-55th-kappic-eagles-tempestus-scion-2/004.jpg
    saved data/images/astra-militarum-tempestus-scions-squad-55th-kappic-eagles-tempestus-scion-2/005.jpg
    saved data/images/astra-militarum-tempestus-scions-squad-55th-kappic-eagles-tempestus-scion-2/006.jpg
    saved data/images/astra-militarum-tempestus-scions-squad-55th-kappic-eagles-tempestus-scion-2/description/001.jpg
    saved data/images/astra-militarum-tempestus-scions-squad-55th-kappic-eagles-tempestus-scion-2/description/002.jpg
    saved data/images/astra-militarum-tempestus-scions-squad-55th-kappic-eagles-tempestus-scion-2/description/003.jpg
    saved data/images/astra-militarum-tempestus-scions-squad-55th-kappic-eagles-tempestus-scion-2/description/004.jpg
    saved data/images/astra-militarum-tempestus-scions-squad-55th-kappic-eagles-tempestus-scion-2/description/005.jpg
    saved data/images/astra-militarum-tempestus-scions-squad-55th-kappic-eagles-tempestus-scion-2/description/006.jpg
    saved data/images/astra-militarum-tempestus-scions-squad-55th-kappic-eagles-tempestus-scion-2/description/007.jpg
    saved data/images/astra-militarum-tempestus-scions-squad-55th-kappic-eagles-tempestus-scion-2/description/008.jpg
[404/541] scraping astra-militarum-tempestus-scions-squad-55th-kappic-eagles-tempestus-scion-1
  downloading 14 images...
    saved data/images/astra-militarum-tempestus-scions-squad-55th-kappic-eagles-tempestus-scion-1/001.jpg
    saved data/images/astra-militarum-tempestus-scions-squad-55th-kappic-eagles-tempestus-scion-1/002.jpg
    saved data/images/astra-militarum-tempestus-scions-squad-55th-kappic-eagles-tempestus-scion-1/003.jpg
    saved data/images/astra-militarum-tempestus-scions-squad-55th-kappic-eagles-tempestus-scion-1/004.jpg
    saved data/images/astra-militarum-tempestus-scions-squad-55th-kappic-eagles-tempestus-scion-1/005.jpg
    saved data/images/astra-militarum-tempestus-scions-squad-55th-kappic-eagles-tempestus-scion-1/006.jpg
    saved data/images/astra-militarum-tempestus-scions-squad-55th-kappic-eagles-tempestus-scion-1/description/001.jpg
    saved data/images/astra-militarum-tempestus-scions-squad-55th-kappic-eagles-tempestus-scion-1/description/002.jpg
    saved data/images/astra-militarum-tempestus-scions-squad-55th-kappic-eagles-tempestus-scion-1/description/003.jpg
    saved data/images/astra-militarum-tempestus-scions-squad-55th-kappic-eagles-tempestus-scion-1/description/004.jpg
    saved data/images/astra-militarum-tempestus-scions-squad-55th-kappic-eagles-tempestus-scion-1/description/005.jpg
    saved data/images/astra-militarum-tempestus-scions-squad-55th-kappic-eagles-tempestus-scion-1/description/006.jpg
    saved data/images/astra-militarum-tempestus-scions-squad-55th-kappic-eagles-tempestus-scion-1/description/007.jpg
    saved data/images/astra-militarum-tempestus-scions-squad-55th-kappic-eagles-tempestus-scion-1/description/008.jpg
[405/541] scraping astra-militarum-tempestus-scions-squad-55th-kappic-eagles-tempestor
  downloading 14 images...
    saved data/images/astra-militarum-tempestus-scions-squad-55th-kappic-eagles-tempestor/001.jpg
    saved data/images/astra-militarum-tempestus-scions-squad-55th-kappic-eagles-tempestor/002.jpg
    saved data/images/astra-militarum-tempestus-scions-squad-55th-kappic-eagles-tempestor/003.jpg
    saved data/images/astra-militarum-tempestus-scions-squad-55th-kappic-eagles-tempestor/004.jpg
    saved data/images/astra-militarum-tempestus-scions-squad-55th-kappic-eagles-tempestor/005.jpg
    saved data/images/astra-militarum-tempestus-scions-squad-55th-kappic-eagles-tempestor/006.jpg
    saved data/images/astra-militarum-tempestus-scions-squad-55th-kappic-eagles-tempestor/description/001.jpg
    saved data/images/astra-militarum-tempestus-scions-squad-55th-kappic-eagles-tempestor/description/002.jpg
    saved data/images/astra-militarum-tempestus-scions-squad-55th-kappic-eagles-tempestor/description/003.jpg
    saved data/images/astra-militarum-tempestus-scions-squad-55th-kappic-eagles-tempestor/description/004.jpg
    saved data/images/astra-militarum-tempestus-scions-squad-55th-kappic-eagles-tempestor/description/005.jpg
    saved data/images/astra-militarum-tempestus-scions-squad-55th-kappic-eagles-tempestor/description/006.jpg
    saved data/images/astra-militarum-tempestus-scions-squad-55th-kappic-eagles-tempestor/description/007.jpg
    saved data/images/astra-militarum-tempestus-scions-squad-55th-kappic-eagles-tempestor/description/008.jpg
[406/541] scraping adepta-sororitas-geminae-superia-2
  downloading 15 images...
    saved data/images/adepta-sororitas-geminae-superia-2/001.jpg
    saved data/images/adepta-sororitas-geminae-superia-2/002.jpg
    saved data/images/adepta-sororitas-geminae-superia-2/003.jpg
    saved data/images/adepta-sororitas-geminae-superia-2/004.jpg
    saved data/images/adepta-sororitas-geminae-superia-2/005.jpg
    saved data/images/adepta-sororitas-geminae-superia-2/006.jpg
    saved data/images/adepta-sororitas-geminae-superia-2/description/001.jpg
    saved data/images/adepta-sororitas-geminae-superia-2/description/002.jpg
    saved data/images/adepta-sororitas-geminae-superia-2/description/003.jpg
    saved data/images/adepta-sororitas-geminae-superia-2/description/004.jpg
    saved data/images/adepta-sororitas-geminae-superia-2/description/005.jpg
    saved data/images/adepta-sororitas-geminae-superia-2/description/006.jpg
    saved data/images/adepta-sororitas-geminae-superia-2/description/007.jpg
    saved data/images/adepta-sororitas-geminae-superia-2/description/008.jpg
    saved data/images/adepta-sororitas-geminae-superia-2/description/009.jpg
[407/541] scraping adepta-sororitas-geminae-superia-1
  downloading 16 images...
    saved data/images/adepta-sororitas-geminae-superia-1/001.jpg
    saved data/images/adepta-sororitas-geminae-superia-1/002.jpg
    saved data/images/adepta-sororitas-geminae-superia-1/003.jpg
    saved data/images/adepta-sororitas-geminae-superia-1/004.jpg
    saved data/images/adepta-sororitas-geminae-superia-1/005.jpg
    saved data/images/adepta-sororitas-geminae-superia-1/006.jpg
    saved data/images/adepta-sororitas-geminae-superia-1/007.png
    saved data/images/adepta-sororitas-geminae-superia-1/description/001.jpg
    saved data/images/adepta-sororitas-geminae-superia-1/description/002.jpg
    saved data/images/adepta-sororitas-geminae-superia-1/description/003.jpg
    saved data/images/adepta-sororitas-geminae-superia-1/description/004.jpg
    saved data/images/adepta-sororitas-geminae-superia-1/description/005.jpg
    saved data/images/adepta-sororitas-geminae-superia-1/description/006.jpg
    saved data/images/adepta-sororitas-geminae-superia-1/description/007.jpg
    saved data/images/adepta-sororitas-geminae-superia-1/description/008.jpg
    saved data/images/adepta-sororitas-geminae-superia-1/description/009.jpg
[408/541] scraping adepta-sororitas-celestine,-the-living-sain
  downloading 15 images...
    saved data/images/adepta-sororitas-celestine,-the-living-sain/001.jpg
    saved data/images/adepta-sororitas-celestine,-the-living-sain/002.jpg
    saved data/images/adepta-sororitas-celestine,-the-living-sain/003.jpg
    saved data/images/adepta-sororitas-celestine,-the-living-sain/004.jpg
    saved data/images/adepta-sororitas-celestine,-the-living-sain/005.jpg
    saved data/images/adepta-sororitas-celestine,-the-living-sain/006.jpg
    saved data/images/adepta-sororitas-celestine,-the-living-sain/description/001.jpg
    saved data/images/adepta-sororitas-celestine,-the-living-sain/description/002.jpg
    saved data/images/adepta-sororitas-celestine,-the-living-sain/description/003.jpg
    saved data/images/adepta-sororitas-celestine,-the-living-sain/description/004.jpg
    saved data/images/adepta-sororitas-celestine,-the-living-sain/description/005.jpg
    saved data/images/adepta-sororitas-celestine,-the-living-sain/description/006.jpg
    saved data/images/adepta-sororitas-celestine,-the-living-sain/description/007.jpg
    saved data/images/adepta-sororitas-celestine,-the-living-sain/description/008.jpg
    saved data/images/adepta-sororitas-celestine,-the-living-sain/description/009.jpg
[409/541] scraping dark-angels-intercessors-sergeant-caslan
  downloading 14 images...
    saved data/images/dark-angels-intercessors-sergeant-caslan/001.jpg
    saved data/images/dark-angels-intercessors-sergeant-caslan/002.jpg
    saved data/images/dark-angels-intercessors-sergeant-caslan/003.jpg
    saved data/images/dark-angels-intercessors-sergeant-caslan/004.jpg
    saved data/images/dark-angels-intercessors-sergeant-caslan/005.jpg
    saved data/images/dark-angels-intercessors-sergeant-caslan/006.jpg
    saved data/images/dark-angels-intercessors-sergeant-caslan/description/001.jpg
    saved data/images/dark-angels-intercessors-sergeant-caslan/description/002.jpg
    saved data/images/dark-angels-intercessors-sergeant-caslan/description/003.jpg
    saved data/images/dark-angels-intercessors-sergeant-caslan/description/004.jpg
    saved data/images/dark-angels-intercessors-sergeant-caslan/description/005.jpg
    saved data/images/dark-angels-intercessors-sergeant-caslan/description/006.jpg
    saved data/images/dark-angels-intercessors-sergeant-caslan/description/007.jpg
    saved data/images/dark-angels-intercessors-sergeant-caslan/description/008.jpg
[410/541] scraping dark-angels-intercessors-sergeant-rakiel
  downloading 15 images...
    saved data/images/dark-angels-intercessors-sergeant-rakiel/001.jpg
    saved data/images/dark-angels-intercessors-sergeant-rakiel/002.jpg
    saved data/images/dark-angels-intercessors-sergeant-rakiel/003.jpg
    saved data/images/dark-angels-intercessors-sergeant-rakiel/004.jpg
    saved data/images/dark-angels-intercessors-sergeant-rakiel/005.jpg
    saved data/images/dark-angels-intercessors-sergeant-rakiel/006.jpg
    saved data/images/dark-angels-intercessors-sergeant-rakiel/007.jpg
    saved data/images/dark-angels-intercessors-sergeant-rakiel/description/001.jpg
    saved data/images/dark-angels-intercessors-sergeant-rakiel/description/002.jpg
    saved data/images/dark-angels-intercessors-sergeant-rakiel/description/003.jpg
    saved data/images/dark-angels-intercessors-sergeant-rakiel/description/004.jpg
    saved data/images/dark-angels-intercessors-sergeant-rakiel/description/005.jpg
    saved data/images/dark-angels-intercessors-sergeant-rakiel/description/006.jpg
    saved data/images/dark-angels-intercessors-sergeant-rakiel/description/007.jpg
    saved data/images/dark-angels-intercessors-sergeant-rakiel/description/008.jpg
[411/541] scraping dark-angels-intercessors-brother-nadael
  downloading 14 images...
    saved data/images/dark-angels-intercessors-brother-nadael/001.jpg
    saved data/images/dark-angels-intercessors-brother-nadael/002.jpg
    saved data/images/dark-angels-intercessors-brother-nadael/003.jpg
    saved data/images/dark-angels-intercessors-brother-nadael/004.jpg
    saved data/images/dark-angels-intercessors-brother-nadael/005.jpg
    saved data/images/dark-angels-intercessors-brother-nadael/006.jpg
    saved data/images/dark-angels-intercessors-brother-nadael/description/001.jpg
    saved data/images/dark-angels-intercessors-brother-nadael/description/002.jpg
    saved data/images/dark-angels-intercessors-brother-nadael/description/003.jpg
    saved data/images/dark-angels-intercessors-brother-nadael/description/004.jpg
    saved data/images/dark-angels-intercessors-brother-nadael/description/005.jpg
    saved data/images/dark-angels-intercessors-brother-nadael/description/006.jpg
    saved data/images/dark-angels-intercessors-brother-nadael/description/007.jpg
    saved data/images/dark-angels-intercessors-brother-nadael/description/008.jpg
[412/541] scraping black-templars-sword-brethren-brother-dragen
  downloading 14 images...
    saved data/images/black-templars-sword-brethren-brother-dragen/001.jpg
    saved data/images/black-templars-sword-brethren-brother-dragen/002.jpg
    saved data/images/black-templars-sword-brethren-brother-dragen/003.jpg
    saved data/images/black-templars-sword-brethren-brother-dragen/004.jpg
    saved data/images/black-templars-sword-brethren-brother-dragen/005.jpg
    saved data/images/black-templars-sword-brethren-brother-dragen/006.jpg
    saved data/images/black-templars-sword-brethren-brother-dragen/description/001.jpg
    saved data/images/black-templars-sword-brethren-brother-dragen/description/002.jpg
    saved data/images/black-templars-sword-brethren-brother-dragen/description/003.jpg
    saved data/images/black-templars-sword-brethren-brother-dragen/description/004.jpg
    saved data/images/black-templars-sword-brethren-brother-dragen/description/005.jpg
    saved data/images/black-templars-sword-brethren-brother-dragen/description/006.jpg
    saved data/images/black-templars-sword-brethren-brother-dragen/description/007.jpg
    saved data/images/black-templars-sword-brethren-brother-dragen/description/008.jpeg
[413/541] scraping black-templars-sword-brethren-brother-lombast
  downloading 14 images...
    saved data/images/black-templars-sword-brethren-brother-lombast/001.jpg
    saved data/images/black-templars-sword-brethren-brother-lombast/002.jpg
    saved data/images/black-templars-sword-brethren-brother-lombast/003.jpg
    saved data/images/black-templars-sword-brethren-brother-lombast/004.jpg
    saved data/images/black-templars-sword-brethren-brother-lombast/005.jpg
    saved data/images/black-templars-sword-brethren-brother-lombast/006.jpg
    saved data/images/black-templars-sword-brethren-brother-lombast/description/001.jpg
    saved data/images/black-templars-sword-brethren-brother-lombast/description/002.jpg
    saved data/images/black-templars-sword-brethren-brother-lombast/description/003.jpg
    saved data/images/black-templars-sword-brethren-brother-lombast/description/004.jpg
    saved data/images/black-templars-sword-brethren-brother-lombast/description/005.jpg
    saved data/images/black-templars-sword-brethren-brother-lombast/description/006.jpg
    saved data/images/black-templars-sword-brethren-brother-lombast/description/007.jpg
    saved data/images/black-templars-sword-brethren-brother-lombast/description/008.jpeg
[414/541] scraping chaos-space-marines-word-bearers-chaos-terminator-garchak-vash
  downloading 15 images...
    saved data/images/chaos-space-marines-word-bearers-chaos-terminator-garchak-vash/001.jpg
    saved data/images/chaos-space-marines-word-bearers-chaos-terminator-garchak-vash/002.jpg
    saved data/images/chaos-space-marines-word-bearers-chaos-terminator-garchak-vash/003.jpg
    saved data/images/chaos-space-marines-word-bearers-chaos-terminator-garchak-vash/004.jpg
    saved data/images/chaos-space-marines-word-bearers-chaos-terminator-garchak-vash/005.jpg
    saved data/images/chaos-space-marines-word-bearers-chaos-terminator-garchak-vash/006.jpg
    saved data/images/chaos-space-marines-word-bearers-chaos-terminator-garchak-vash/007.jpg
    saved data/images/chaos-space-marines-word-bearers-chaos-terminator-garchak-vash/description/001.jpg
    saved data/images/chaos-space-marines-word-bearers-chaos-terminator-garchak-vash/description/002.jpg
    saved data/images/chaos-space-marines-word-bearers-chaos-terminator-garchak-vash/description/003.jpg
    saved data/images/chaos-space-marines-word-bearers-chaos-terminator-garchak-vash/description/004.jpg
    saved data/images/chaos-space-marines-word-bearers-chaos-terminator-garchak-vash/description/005.jpg
    saved data/images/chaos-space-marines-word-bearers-chaos-terminator-garchak-vash/description/006.jpg
    saved data/images/chaos-space-marines-word-bearers-chaos-terminator-garchak-vash/description/007.jpg
    saved data/images/chaos-space-marines-word-bearers-chaos-terminator-garchak-vash/description/008.jpg
[415/541] scraping necrons-sautekh-dynasty-immortal-with-gauss-blaster
  downloading 14 images...
    saved data/images/necrons-sautekh-dynasty-immortal-with-gauss-blaster/001.jpg
    saved data/images/necrons-sautekh-dynasty-immortal-with-gauss-blaster/002.jpg
    saved data/images/necrons-sautekh-dynasty-immortal-with-gauss-blaster/003.jpg
    saved data/images/necrons-sautekh-dynasty-immortal-with-gauss-blaster/004.jpg
    saved data/images/necrons-sautekh-dynasty-immortal-with-gauss-blaster/005.jpg
    saved data/images/necrons-sautekh-dynasty-immortal-with-gauss-blaster/006.jpg
    saved data/images/necrons-sautekh-dynasty-immortal-with-gauss-blaster/description/001.jpg
    saved data/images/necrons-sautekh-dynasty-immortal-with-gauss-blaster/description/002.jpg
    saved data/images/necrons-sautekh-dynasty-immortal-with-gauss-blaster/description/003.jpg
    saved data/images/necrons-sautekh-dynasty-immortal-with-gauss-blaster/description/004.jpg
    saved data/images/necrons-sautekh-dynasty-immortal-with-gauss-blaster/description/005.jpg
    saved data/images/necrons-sautekh-dynasty-immortal-with-gauss-blaster/description/006.jpg
    saved data/images/necrons-sautekh-dynasty-immortal-with-gauss-blaster/description/007.jpg
    saved data/images/necrons-sautekh-dynasty-immortal-with-gauss-blaster/description/008.jpg
[416/541] scraping necrons-sautekh-dynasty-deathmark
  downloading 13 images...
    saved data/images/necrons-sautekh-dynasty-deathmark/001.jpg
    saved data/images/necrons-sautekh-dynasty-deathmark/002.jpg
    saved data/images/necrons-sautekh-dynasty-deathmark/003.jpg
    saved data/images/necrons-sautekh-dynasty-deathmark/004.jpg
    saved data/images/necrons-sautekh-dynasty-deathmark/005.jpg
    saved data/images/necrons-sautekh-dynasty-deathmark/006.jpg
    saved data/images/necrons-sautekh-dynasty-deathmark/description/001.jpg
    saved data/images/necrons-sautekh-dynasty-deathmark/description/002.jpg
    saved data/images/necrons-sautekh-dynasty-deathmark/description/003.jpg
    saved data/images/necrons-sautekh-dynasty-deathmark/description/004.jpg
    saved data/images/necrons-sautekh-dynasty-deathmark/description/005.jpg
    saved data/images/necrons-sautekh-dynasty-deathmark/description/006.jpg
    saved data/images/necrons-sautekh-dynasty-deathmark/description/007.jpg
[417/541] scraping necrons-sautekh-dynasty-immortal-with-tesla-carbine
  downloading 14 images...
    saved data/images/necrons-sautekh-dynasty-immortal-with-tesla-carbine/001.jpg
    saved data/images/necrons-sautekh-dynasty-immortal-with-tesla-carbine/002.jpg
    saved data/images/necrons-sautekh-dynasty-immortal-with-tesla-carbine/003.jpg
    saved data/images/necrons-sautekh-dynasty-immortal-with-tesla-carbine/004.jpg
    saved data/images/necrons-sautekh-dynasty-immortal-with-tesla-carbine/005.jpg
    saved data/images/necrons-sautekh-dynasty-immortal-with-tesla-carbine/006.jpg
    saved data/images/necrons-sautekh-dynasty-immortal-with-tesla-carbine/description/001.jpg
    saved data/images/necrons-sautekh-dynasty-immortal-with-tesla-carbine/description/002.jpg
    saved data/images/necrons-sautekh-dynasty-immortal-with-tesla-carbine/description/003.jpg
    saved data/images/necrons-sautekh-dynasty-immortal-with-tesla-carbine/description/004.jpg
    saved data/images/necrons-sautekh-dynasty-immortal-with-tesla-carbine/description/005.jpg
    saved data/images/necrons-sautekh-dynasty-immortal-with-tesla-carbine/description/006.jpg
    saved data/images/necrons-sautekh-dynasty-immortal-with-tesla-carbine/description/007.jpg
    saved data/images/necrons-sautekh-dynasty-immortal-with-tesla-carbine/description/008.jpg
[418/541] scraping ultramarines-heroes-of-the-chapter-brother-veteran-sergeant-castor
  downloading 17 images...
    saved data/images/ultramarines-heroes-of-the-chapter-brother-veteran-sergeant-castor/001.jpg
    saved data/images/ultramarines-heroes-of-the-chapter-brother-veteran-sergeant-castor/002.jpg
    saved data/images/ultramarines-heroes-of-the-chapter-brother-veteran-sergeant-castor/003.jpg
    saved data/images/ultramarines-heroes-of-the-chapter-brother-veteran-sergeant-castor/004.jpg
    saved data/images/ultramarines-heroes-of-the-chapter-brother-veteran-sergeant-castor/005.jpg
    saved data/images/ultramarines-heroes-of-the-chapter-brother-veteran-sergeant-castor/006.jpg
    saved data/images/ultramarines-heroes-of-the-chapter-brother-veteran-sergeant-castor/007.png
    saved data/images/ultramarines-heroes-of-the-chapter-brother-veteran-sergeant-castor/description/001.jpg
    saved data/images/ultramarines-heroes-of-the-chapter-brother-veteran-sergeant-castor/description/002.jpg
    saved data/images/ultramarines-heroes-of-the-chapter-brother-veteran-sergeant-castor/description/003.jpg
    saved data/images/ultramarines-heroes-of-the-chapter-brother-veteran-sergeant-castor/description/004.jpg
    saved data/images/ultramarines-heroes-of-the-chapter-brother-veteran-sergeant-castor/description/005.jpg
    saved data/images/ultramarines-heroes-of-the-chapter-brother-veteran-sergeant-castor/description/006.jpg
    saved data/images/ultramarines-heroes-of-the-chapter-brother-veteran-sergeant-castor/description/007.jpg
    saved data/images/ultramarines-heroes-of-the-chapter-brother-veteran-sergeant-castor/description/008.jpg
    saved data/images/ultramarines-heroes-of-the-chapter-brother-veteran-sergeant-castor/description/009.jpg
    saved data/images/ultramarines-heroes-of-the-chapter-brother-veteran-sergeant-castor/description/010.jpg
[419/541] scraping ultramarines-heroes-of-the-chapter-primaris-ancient-posca
  downloading 17 images...
    saved data/images/ultramarines-heroes-of-the-chapter-primaris-ancient-posca/001.jpg
    saved data/images/ultramarines-heroes-of-the-chapter-primaris-ancient-posca/002.jpg
    saved data/images/ultramarines-heroes-of-the-chapter-primaris-ancient-posca/003.jpg
    saved data/images/ultramarines-heroes-of-the-chapter-primaris-ancient-posca/004.jpg
    saved data/images/ultramarines-heroes-of-the-chapter-primaris-ancient-posca/005.jpg
    saved data/images/ultramarines-heroes-of-the-chapter-primaris-ancient-posca/006.jpg
    saved data/images/ultramarines-heroes-of-the-chapter-primaris-ancient-posca/007.png
    saved data/images/ultramarines-heroes-of-the-chapter-primaris-ancient-posca/description/001.jpg
    saved data/images/ultramarines-heroes-of-the-chapter-primaris-ancient-posca/description/002.jpg
    saved data/images/ultramarines-heroes-of-the-chapter-primaris-ancient-posca/description/003.jpg
    saved data/images/ultramarines-heroes-of-the-chapter-primaris-ancient-posca/description/004.jpg
    saved data/images/ultramarines-heroes-of-the-chapter-primaris-ancient-posca/description/005.jpg
    saved data/images/ultramarines-heroes-of-the-chapter-primaris-ancient-posca/description/006.jpg
    saved data/images/ultramarines-heroes-of-the-chapter-primaris-ancient-posca/description/007.jpg
    saved data/images/ultramarines-heroes-of-the-chapter-primaris-ancient-posca/description/008.jpg
    saved data/images/ultramarines-heroes-of-the-chapter-primaris-ancient-posca/description/009.jpg
    saved data/images/ultramarines-heroes-of-the-chapter-primaris-ancient-posca/description/010.jpg
[420/541] scraping imperial-fists-raider-pattern-combat-bike
  downloading 19 images...
    saved data/images/imperial-fists-raider-pattern-combat-bike/001.jpg
    saved data/images/imperial-fists-raider-pattern-combat-bike/002.jpg
    saved data/images/imperial-fists-raider-pattern-combat-bike/003.jpg
    saved data/images/imperial-fists-raider-pattern-combat-bike/004.jpg
    saved data/images/imperial-fists-raider-pattern-combat-bike/005.jpg
    saved data/images/imperial-fists-raider-pattern-combat-bike/006.jpg
    saved data/images/imperial-fists-raider-pattern-combat-bike/description/001.jpg
    saved data/images/imperial-fists-raider-pattern-combat-bike/description/002.jpg
    saved data/images/imperial-fists-raider-pattern-combat-bike/description/003.jpg
    saved data/images/imperial-fists-raider-pattern-combat-bike/description/004.jpg
    saved data/images/imperial-fists-raider-pattern-combat-bike/description/005.jpg
    saved data/images/imperial-fists-raider-pattern-combat-bike/description/006.jpg
    saved data/images/imperial-fists-raider-pattern-combat-bike/description/007.jpg
    saved data/images/imperial-fists-raider-pattern-combat-bike/description/008.jpg
    saved data/images/imperial-fists-raider-pattern-combat-bike/description/009.jpg
    saved data/images/imperial-fists-raider-pattern-combat-bike/description/010.jpg
    saved data/images/imperial-fists-raider-pattern-combat-bike/description/011.jpg
    saved data/images/imperial-fists-raider-pattern-combat-bike/description/012.jpg
    saved data/images/imperial-fists-raider-pattern-combat-bike/description/013.jpg
[421/541] scraping imperial-fists-primaris-invader-atv
  downloading 22 images...
    saved data/images/imperial-fists-primaris-invader-atv/001.jpg
    saved data/images/imperial-fists-primaris-invader-atv/002.jpg
    saved data/images/imperial-fists-primaris-invader-atv/003.jpg
    saved data/images/imperial-fists-primaris-invader-atv/004.jpg
    saved data/images/imperial-fists-primaris-invader-atv/005.jpg
    saved data/images/imperial-fists-primaris-invader-atv/006.jpg
    saved data/images/imperial-fists-primaris-invader-atv/description/001.jpg
    saved data/images/imperial-fists-primaris-invader-atv/description/002.jpg
    saved data/images/imperial-fists-primaris-invader-atv/description/003.jpg
    saved data/images/imperial-fists-primaris-invader-atv/description/004.jpg
    saved data/images/imperial-fists-primaris-invader-atv/description/005.jpg
    saved data/images/imperial-fists-primaris-invader-atv/description/006.jpg
    saved data/images/imperial-fists-primaris-invader-atv/description/007.jpg
    saved data/images/imperial-fists-primaris-invader-atv/description/008.jpg
    saved data/images/imperial-fists-primaris-invader-atv/description/009.jpg
    saved data/images/imperial-fists-primaris-invader-atv/description/010.jpg
    saved data/images/imperial-fists-primaris-invader-atv/description/011.jpg
    saved data/images/imperial-fists-primaris-invader-atv/description/012.jpg
    saved data/images/imperial-fists-primaris-invader-atv/description/013.jpg
    saved data/images/imperial-fists-primaris-invader-atv/description/014.jpg
    saved data/images/imperial-fists-primaris-invader-atv/description/015.jpg
    saved data/images/imperial-fists-primaris-invader-atv/description/016.jpg
[422/541] scraping raven-guard-intercessors-brother-nax
  downloading 14 images...
    saved data/images/raven-guard-intercessors-brother-nax/001.jpg
    saved data/images/raven-guard-intercessors-brother-nax/002.jpg
    saved data/images/raven-guard-intercessors-brother-nax/003.jpg
    saved data/images/raven-guard-intercessors-brother-nax/004.jpg
    saved data/images/raven-guard-intercessors-brother-nax/005.jpg
    saved data/images/raven-guard-intercessors-brother-nax/006.png
    saved data/images/raven-guard-intercessors-brother-nax/description/001.jpg
    saved data/images/raven-guard-intercessors-brother-nax/description/002.jpg
    saved data/images/raven-guard-intercessors-brother-nax/description/003.jpg
    saved data/images/raven-guard-intercessors-brother-nax/description/004.jpg
    saved data/images/raven-guard-intercessors-brother-nax/description/005.jpg
    saved data/images/raven-guard-intercessors-brother-nax/description/006.jpg
    saved data/images/raven-guard-intercessors-brother-nax/description/007.jpg
    saved data/images/raven-guard-intercessors-brother-nax/description/008.jpg
[423/541] scraping raven-guard-intercessors-brother-colvane
  downloading 15 images...
    saved data/images/raven-guard-intercessors-brother-colvane/001.jpg
    saved data/images/raven-guard-intercessors-brother-colvane/002.jpg
    saved data/images/raven-guard-intercessors-brother-colvane/003.jpg
    saved data/images/raven-guard-intercessors-brother-colvane/004.jpg
    saved data/images/raven-guard-intercessors-brother-colvane/005.jpg
    saved data/images/raven-guard-intercessors-brother-colvane/006.jpg
    saved data/images/raven-guard-intercessors-brother-colvane/007.png
    saved data/images/raven-guard-intercessors-brother-colvane/description/001.jpg
    saved data/images/raven-guard-intercessors-brother-colvane/description/002.jpg
    saved data/images/raven-guard-intercessors-brother-colvane/description/003.jpg
    saved data/images/raven-guard-intercessors-brother-colvane/description/004.jpg
    saved data/images/raven-guard-intercessors-brother-colvane/description/005.jpg
    saved data/images/raven-guard-intercessors-brother-colvane/description/006.jpg
    saved data/images/raven-guard-intercessors-brother-colvane/description/007.jpg
    saved data/images/raven-guard-intercessors-brother-colvane/description/008.jpg
[424/541] scraping raven-guard-intercessors-sergeant-ashan
  downloading 14 images...
    saved data/images/raven-guard-intercessors-sergeant-ashan/001.jpg
    saved data/images/raven-guard-intercessors-sergeant-ashan/002.jpg
    saved data/images/raven-guard-intercessors-sergeant-ashan/003.jpg
    saved data/images/raven-guard-intercessors-sergeant-ashan/004.jpg
    saved data/images/raven-guard-intercessors-sergeant-ashan/005.jpg
    saved data/images/raven-guard-intercessors-sergeant-ashan/006.png
    saved data/images/raven-guard-intercessors-sergeant-ashan/description/001.jpg
    saved data/images/raven-guard-intercessors-sergeant-ashan/description/002.jpg
    saved data/images/raven-guard-intercessors-sergeant-ashan/description/003.jpg
    saved data/images/raven-guard-intercessors-sergeant-ashan/description/004.jpg
    saved data/images/raven-guard-intercessors-sergeant-ashan/description/005.jpg
    saved data/images/raven-guard-intercessors-sergeant-ashan/description/006.jpg
    saved data/images/raven-guard-intercessors-sergeant-ashan/description/007.jpg
    saved data/images/raven-guard-intercessors-sergeant-ashan/description/008.jpg
[425/541] scraping adepta-sororitas-battle-sisters-order-of-the-argent-shroud-sister-irmengard
  downloading 15 images...
    saved data/images/adepta-sororitas-battle-sisters-order-of-the-argent-shroud-sister-irmengard/001.jpg
    saved data/images/adepta-sororitas-battle-sisters-order-of-the-argent-shroud-sister-irmengard/002.jpg
    saved data/images/adepta-sororitas-battle-sisters-order-of-the-argent-shroud-sister-irmengard/003.jpg
    saved data/images/adepta-sororitas-battle-sisters-order-of-the-argent-shroud-sister-irmengard/004.jpg
    saved data/images/adepta-sororitas-battle-sisters-order-of-the-argent-shroud-sister-irmengard/005.jpg
    saved data/images/adepta-sororitas-battle-sisters-order-of-the-argent-shroud-sister-irmengard/description/001.jpg
    saved data/images/adepta-sororitas-battle-sisters-order-of-the-argent-shroud-sister-irmengard/description/002.jpg
    saved data/images/adepta-sororitas-battle-sisters-order-of-the-argent-shroud-sister-irmengard/description/003.jpg
    saved data/images/adepta-sororitas-battle-sisters-order-of-the-argent-shroud-sister-irmengard/description/004.jpg
    saved data/images/adepta-sororitas-battle-sisters-order-of-the-argent-shroud-sister-irmengard/description/005.jpg
    saved data/images/adepta-sororitas-battle-sisters-order-of-the-argent-shroud-sister-irmengard/description/006.jpg
    saved data/images/adepta-sororitas-battle-sisters-order-of-the-argent-shroud-sister-irmengard/description/007.jpg
    saved data/images/adepta-sororitas-battle-sisters-order-of-the-argent-shroud-sister-irmengard/description/008.jpg
    saved data/images/adepta-sororitas-battle-sisters-order-of-the-argent-shroud-sister-irmengard/description/009.jpg
    saved data/images/adepta-sororitas-battle-sisters-order-of-the-argent-shroud-sister-irmengard/description/010.jpg
[426/541] scraping adepta-sororitas-battle-sisters-order-of-the-argent-shroud-sister-vitas
  downloading 12 images...
    saved data/images/adepta-sororitas-battle-sisters-order-of-the-argent-shroud-sister-vitas/001.jpg
    saved data/images/adepta-sororitas-battle-sisters-order-of-the-argent-shroud-sister-vitas/002.jpg
    saved data/images/adepta-sororitas-battle-sisters-order-of-the-argent-shroud-sister-vitas/003.jpg
    saved data/images/adepta-sororitas-battle-sisters-order-of-the-argent-shroud-sister-vitas/004.jpg
    saved data/images/adepta-sororitas-battle-sisters-order-of-the-argent-shroud-sister-vitas/005.jpg
    saved data/images/adepta-sororitas-battle-sisters-order-of-the-argent-shroud-sister-vitas/description/001.jpg
    saved data/images/adepta-sororitas-battle-sisters-order-of-the-argent-shroud-sister-vitas/description/002.jpg
    saved data/images/adepta-sororitas-battle-sisters-order-of-the-argent-shroud-sister-vitas/description/003.jpg
    saved data/images/adepta-sororitas-battle-sisters-order-of-the-argent-shroud-sister-vitas/description/004.jpg
    saved data/images/adepta-sororitas-battle-sisters-order-of-the-argent-shroud-sister-vitas/description/005.jpg
    saved data/images/adepta-sororitas-battle-sisters-order-of-the-argent-shroud-sister-vitas/description/006.jpg
    saved data/images/adepta-sororitas-battle-sisters-order-of-the-argent-shroud-sister-vitas/description/007.jpg
[427/541] scraping adepta-sororitas-battle-sisters-order-of-the-argent-shroud-sister-superior-evinka
  downloading 14 images...
    saved data/images/adepta-sororitas-battle-sisters-order-of-the-argent-shroud-sister-superior-evinka/001.jpg
    saved data/images/adepta-sororitas-battle-sisters-order-of-the-argent-shroud-sister-superior-evinka/002.jpg
    saved data/images/adepta-sororitas-battle-sisters-order-of-the-argent-shroud-sister-superior-evinka/003.jpg
    saved data/images/adepta-sororitas-battle-sisters-order-of-the-argent-shroud-sister-superior-evinka/004.jpg
    saved data/images/adepta-sororitas-battle-sisters-order-of-the-argent-shroud-sister-superior-evinka/005.jpg
    saved data/images/adepta-sororitas-battle-sisters-order-of-the-argent-shroud-sister-superior-evinka/description/001.jpg
    saved data/images/adepta-sororitas-battle-sisters-order-of-the-argent-shroud-sister-superior-evinka/description/002.jpg
    saved data/images/adepta-sororitas-battle-sisters-order-of-the-argent-shroud-sister-superior-evinka/description/003.jpg
    saved data/images/adepta-sororitas-battle-sisters-order-of-the-argent-shroud-sister-superior-evinka/description/004.jpg
    saved data/images/adepta-sororitas-battle-sisters-order-of-the-argent-shroud-sister-superior-evinka/description/005.jpg
    saved data/images/adepta-sororitas-battle-sisters-order-of-the-argent-shroud-sister-superior-evinka/description/006.jpg
    saved data/images/adepta-sororitas-battle-sisters-order-of-the-argent-shroud-sister-superior-evinka/description/007.jpg
    saved data/images/adepta-sororitas-battle-sisters-order-of-the-argent-shroud-sister-superior-evinka/description/008.jpg
    saved data/images/adepta-sororitas-battle-sisters-order-of-the-argent-shroud-sister-superior-evinka/description/009.jpg
[428/541] scraping adepta-sororitas-battle-sisters-order-of-the-bloody-rose-sister-ignacia
  downloading 14 images...
    saved data/images/adepta-sororitas-battle-sisters-order-of-the-bloody-rose-sister-ignacia/001.jpg
    saved data/images/adepta-sororitas-battle-sisters-order-of-the-bloody-rose-sister-ignacia/002.jpg
    saved data/images/adepta-sororitas-battle-sisters-order-of-the-bloody-rose-sister-ignacia/003.jpg
    saved data/images/adepta-sororitas-battle-sisters-order-of-the-bloody-rose-sister-ignacia/004.jpg
    saved data/images/adepta-sororitas-battle-sisters-order-of-the-bloody-rose-sister-ignacia/005.jpg
    saved data/images/adepta-sororitas-battle-sisters-order-of-the-bloody-rose-sister-ignacia/description/001.jpg
    saved data/images/adepta-sororitas-battle-sisters-order-of-the-bloody-rose-sister-ignacia/description/002.jpg
    saved data/images/adepta-sororitas-battle-sisters-order-of-the-bloody-rose-sister-ignacia/description/003.jpg
    saved data/images/adepta-sororitas-battle-sisters-order-of-the-bloody-rose-sister-ignacia/description/004.jpg
    saved data/images/adepta-sororitas-battle-sisters-order-of-the-bloody-rose-sister-ignacia/description/005.jpg
    saved data/images/adepta-sororitas-battle-sisters-order-of-the-bloody-rose-sister-ignacia/description/006.jpg
    saved data/images/adepta-sororitas-battle-sisters-order-of-the-bloody-rose-sister-ignacia/description/007.jpg
    saved data/images/adepta-sororitas-battle-sisters-order-of-the-bloody-rose-sister-ignacia/description/008.jpg
    saved data/images/adepta-sororitas-battle-sisters-order-of-the-bloody-rose-sister-ignacia/description/009.jpg
[429/541] scraping adepta-sororitas-battle-sisters-order-of-the-bloody-rose-sister-lonell
  downloading 13 images...
    saved data/images/adepta-sororitas-battle-sisters-order-of-the-bloody-rose-sister-lonell/001.jpg
    saved data/images/adepta-sororitas-battle-sisters-order-of-the-bloody-rose-sister-lonell/002.jpg
    saved data/images/adepta-sororitas-battle-sisters-order-of-the-bloody-rose-sister-lonell/003.jpg
    saved data/images/adepta-sororitas-battle-sisters-order-of-the-bloody-rose-sister-lonell/004.jpg
    saved data/images/adepta-sororitas-battle-sisters-order-of-the-bloody-rose-sister-lonell/005.jpg
    saved data/images/adepta-sororitas-battle-sisters-order-of-the-bloody-rose-sister-lonell/description/001.jpg
    saved data/images/adepta-sororitas-battle-sisters-order-of-the-bloody-rose-sister-lonell/description/002.jpg
    saved data/images/adepta-sororitas-battle-sisters-order-of-the-bloody-rose-sister-lonell/description/003.jpg
    saved data/images/adepta-sororitas-battle-sisters-order-of-the-bloody-rose-sister-lonell/description/004.jpg
    saved data/images/adepta-sororitas-battle-sisters-order-of-the-bloody-rose-sister-lonell/description/005.jpg
    saved data/images/adepta-sororitas-battle-sisters-order-of-the-bloody-rose-sister-lonell/description/006.jpg
    saved data/images/adepta-sororitas-battle-sisters-order-of-the-bloody-rose-sister-lonell/description/007.jpg
    saved data/images/adepta-sororitas-battle-sisters-order-of-the-bloody-rose-sister-lonell/description/008.jpg
[430/541] scraping adepta-sororitas-battle-sisters-order-of-the-bloody-rose-sister-superior-kamina
  downloading 14 images...
    saved data/images/adepta-sororitas-battle-sisters-order-of-the-bloody-rose-sister-superior-kamina/001.jpg
    saved data/images/adepta-sororitas-battle-sisters-order-of-the-bloody-rose-sister-superior-kamina/002.jpg
    saved data/images/adepta-sororitas-battle-sisters-order-of-the-bloody-rose-sister-superior-kamina/003.jpg
    saved data/images/adepta-sororitas-battle-sisters-order-of-the-bloody-rose-sister-superior-kamina/004.jpg
    saved data/images/adepta-sororitas-battle-sisters-order-of-the-bloody-rose-sister-superior-kamina/005.jpg
    saved data/images/adepta-sororitas-battle-sisters-order-of-the-bloody-rose-sister-superior-kamina/006.jpg
    saved data/images/adepta-sororitas-battle-sisters-order-of-the-bloody-rose-sister-superior-kamina/description/001.jpg
    saved data/images/adepta-sororitas-battle-sisters-order-of-the-bloody-rose-sister-superior-kamina/description/002.jpg
    saved data/images/adepta-sororitas-battle-sisters-order-of-the-bloody-rose-sister-superior-kamina/description/003.jpg
    saved data/images/adepta-sororitas-battle-sisters-order-of-the-bloody-rose-sister-superior-kamina/description/004.jpg
    saved data/images/adepta-sororitas-battle-sisters-order-of-the-bloody-rose-sister-superior-kamina/description/005.jpg
    saved data/images/adepta-sororitas-battle-sisters-order-of-the-bloody-rose-sister-superior-kamina/description/006.jpg
    saved data/images/adepta-sororitas-battle-sisters-order-of-the-bloody-rose-sister-superior-kamina/description/007.jpg
    saved data/images/adepta-sororitas-battle-sisters-order-of-the-bloody-rose-sister-superior-kamina/description/008.jpg
[431/541] scraping adepta-sororitas-paragon-warsuit-sister-merewal
  downloading 17 images...
    saved data/images/adepta-sororitas-paragon-warsuit-sister-merewal/001.jpg
    saved data/images/adepta-sororitas-paragon-warsuit-sister-merewal/002.jpg
    saved data/images/adepta-sororitas-paragon-warsuit-sister-merewal/003.jpg
    saved data/images/adepta-sororitas-paragon-warsuit-sister-merewal/004.jpg
    saved data/images/adepta-sororitas-paragon-warsuit-sister-merewal/005.jpg
    saved data/images/adepta-sororitas-paragon-warsuit-sister-merewal/006.jpg
    saved data/images/adepta-sororitas-paragon-warsuit-sister-merewal/description/001.jpg
    saved data/images/adepta-sororitas-paragon-warsuit-sister-merewal/description/002.jpg
    saved data/images/adepta-sororitas-paragon-warsuit-sister-merewal/description/003.jpg
    saved data/images/adepta-sororitas-paragon-warsuit-sister-merewal/description/004.jpg
    saved data/images/adepta-sororitas-paragon-warsuit-sister-merewal/description/005.jpg
    saved data/images/adepta-sororitas-paragon-warsuit-sister-merewal/description/006.jpg
    saved data/images/adepta-sororitas-paragon-warsuit-sister-merewal/description/007.jpg
    saved data/images/adepta-sororitas-paragon-warsuit-sister-merewal/description/008.jpg
    saved data/images/adepta-sororitas-paragon-warsuit-sister-merewal/description/009.jpg
    saved data/images/adepta-sororitas-paragon-warsuit-sister-merewal/description/010.jpg
    saved data/images/adepta-sororitas-paragon-warsuit-sister-merewal/description/011.jpg
[432/541] scraping ultramarines-primaris-company-champion-brother-parnaeus
  downloading 12 images...
    saved data/images/ultramarines-primaris-company-champion-brother-parnaeus/001.jpg
    saved data/images/ultramarines-primaris-company-champion-brother-parnaeus/002.jpg
    saved data/images/ultramarines-primaris-company-champion-brother-parnaeus/003.jpg
    saved data/images/ultramarines-primaris-company-champion-brother-parnaeus/004.jpg
    saved data/images/ultramarines-primaris-company-champion-brother-parnaeus/005.jpg
    saved data/images/ultramarines-primaris-company-champion-brother-parnaeus/description/001.jpg
    saved data/images/ultramarines-primaris-company-champion-brother-parnaeus/description/002.jpg
    saved data/images/ultramarines-primaris-company-champion-brother-parnaeus/description/003.jpg
    saved data/images/ultramarines-primaris-company-champion-brother-parnaeus/description/004.jpg
    saved data/images/ultramarines-primaris-company-champion-brother-parnaeus/description/005.jpg
    saved data/images/ultramarines-primaris-company-champion-brother-parnaeus/description/006.jpg
    saved data/images/ultramarines-primaris-company-champion-brother-parnaeus/description/007.jpg
[433/541] scraping adepta-sororitas-paragon-warsuit-sister-aedita
  downloading 18 images...
    saved data/images/adepta-sororitas-paragon-warsuit-sister-aedita/001.jpg
    saved data/images/adepta-sororitas-paragon-warsuit-sister-aedita/002.jpg
    saved data/images/adepta-sororitas-paragon-warsuit-sister-aedita/003.jpg
    saved data/images/adepta-sororitas-paragon-warsuit-sister-aedita/004.jpg
    saved data/images/adepta-sororitas-paragon-warsuit-sister-aedita/005.jpg
    saved data/images/adepta-sororitas-paragon-warsuit-sister-aedita/description/001.jpg
    saved data/images/adepta-sororitas-paragon-warsuit-sister-aedita/description/002.jpg
    saved data/images/adepta-sororitas-paragon-warsuit-sister-aedita/description/003.jpg
    saved data/images/adepta-sororitas-paragon-warsuit-sister-aedita/description/004.jpg
    saved data/images/adepta-sororitas-paragon-warsuit-sister-aedita/description/005.jpg
    saved data/images/adepta-sororitas-paragon-warsuit-sister-aedita/description/006.jpg
    saved data/images/adepta-sororitas-paragon-warsuit-sister-aedita/description/007.jpg
    saved data/images/adepta-sororitas-paragon-warsuit-sister-aedita/description/008.jpg
    saved data/images/adepta-sororitas-paragon-warsuit-sister-aedita/description/009.jpg
    saved data/images/adepta-sororitas-paragon-warsuit-sister-aedita/description/010.jpg
    saved data/images/adepta-sororitas-paragon-warsuit-sister-aedita/description/011.jpg
    saved data/images/adepta-sororitas-paragon-warsuit-sister-aedita/description/012.jpg
    saved data/images/adepta-sororitas-paragon-warsuit-sister-aedita/description/013.jpg
[434/541] scraping ultramarines-intercessor-veteran-sergeant-brother-aeontas
  downloading 13 images...
    saved data/images/ultramarines-intercessor-veteran-sergeant-brother-aeontas/001.jpg
    saved data/images/ultramarines-intercessor-veteran-sergeant-brother-aeontas/002.jpg
    saved data/images/ultramarines-intercessor-veteran-sergeant-brother-aeontas/003.jpg
    saved data/images/ultramarines-intercessor-veteran-sergeant-brother-aeontas/004.jpg
    saved data/images/ultramarines-intercessor-veteran-sergeant-brother-aeontas/005.jpg
    saved data/images/ultramarines-intercessor-veteran-sergeant-brother-aeontas/description/001.jpg
    saved data/images/ultramarines-intercessor-veteran-sergeant-brother-aeontas/description/002.jpg
    saved data/images/ultramarines-intercessor-veteran-sergeant-brother-aeontas/description/003.jpg
    saved data/images/ultramarines-intercessor-veteran-sergeant-brother-aeontas/description/004.jpg
    saved data/images/ultramarines-intercessor-veteran-sergeant-brother-aeontas/description/005.jpg
    saved data/images/ultramarines-intercessor-veteran-sergeant-brother-aeontas/description/006.jpg
    saved data/images/ultramarines-intercessor-veteran-sergeant-brother-aeontas/description/007.jpg
    saved data/images/ultramarines-intercessor-veteran-sergeant-brother-aeontas/description/008.jpg
[435/541] scraping chaos-space-marines-crimson-slaughter-brother-maganar
  downloading 12 images...
    saved data/images/chaos-space-marines-crimson-slaughter-brother-maganar/001.jpg
    saved data/images/chaos-space-marines-crimson-slaughter-brother-maganar/002.jpg
    saved data/images/chaos-space-marines-crimson-slaughter-brother-maganar/003.jpg
    saved data/images/chaos-space-marines-crimson-slaughter-brother-maganar/004.jpg
    saved data/images/chaos-space-marines-crimson-slaughter-brother-maganar/description/001.jpg
    saved data/images/chaos-space-marines-crimson-slaughter-brother-maganar/description/002.jpg
    saved data/images/chaos-space-marines-crimson-slaughter-brother-maganar/description/003.jpg
    saved data/images/chaos-space-marines-crimson-slaughter-brother-maganar/description/004.jpg
    saved data/images/chaos-space-marines-crimson-slaughter-brother-maganar/description/005.jpg
    saved data/images/chaos-space-marines-crimson-slaughter-brother-maganar/description/006.jpg
    saved data/images/chaos-space-marines-crimson-slaughter-brother-maganar/description/007.jpg
    saved data/images/chaos-space-marines-crimson-slaughter-brother-maganar/description/008.jpg
[436/541] scraping chaos-space-marines-red-corsairs-exalted-champion-gotor-the-blade
  downloading 12 images...
    saved data/images/chaos-space-marines-red-corsairs-exalted-champion-gotor-the-blade/001.jpg
    saved data/images/chaos-space-marines-red-corsairs-exalted-champion-gotor-the-blade/002.jpg
    saved data/images/chaos-space-marines-red-corsairs-exalted-champion-gotor-the-blade/003.jpg
    saved data/images/chaos-space-marines-red-corsairs-exalted-champion-gotor-the-blade/004.jpg
    saved data/images/chaos-space-marines-red-corsairs-exalted-champion-gotor-the-blade/description/001.jpg
    saved data/images/chaos-space-marines-red-corsairs-exalted-champion-gotor-the-blade/description/002.jpg
    saved data/images/chaos-space-marines-red-corsairs-exalted-champion-gotor-the-blade/description/003.jpg
    saved data/images/chaos-space-marines-red-corsairs-exalted-champion-gotor-the-blade/description/004.jpg
    saved data/images/chaos-space-marines-red-corsairs-exalted-champion-gotor-the-blade/description/005.jpg
    saved data/images/chaos-space-marines-red-corsairs-exalted-champion-gotor-the-blade/description/006.jpg
    saved data/images/chaos-space-marines-red-corsairs-exalted-champion-gotor-the-blade/description/007.jpg
    saved data/images/chaos-space-marines-red-corsairs-exalted-champion-gotor-the-blade/description/008.jpg
[437/541] scraping chaos-space-marines-crimson-slaughter-brother-karvult
  downloading 12 images...
    saved data/images/chaos-space-marines-crimson-slaughter-brother-karvult/001.jpg
    saved data/images/chaos-space-marines-crimson-slaughter-brother-karvult/002.jpg
    saved data/images/chaos-space-marines-crimson-slaughter-brother-karvult/003.jpg
    saved data/images/chaos-space-marines-crimson-slaughter-brother-karvult/004.jpg
    saved data/images/chaos-space-marines-crimson-slaughter-brother-karvult/description/001.jpg
    saved data/images/chaos-space-marines-crimson-slaughter-brother-karvult/description/002.jpg
    saved data/images/chaos-space-marines-crimson-slaughter-brother-karvult/description/003.jpg
    saved data/images/chaos-space-marines-crimson-slaughter-brother-karvult/description/004.jpg
    saved data/images/chaos-space-marines-crimson-slaughter-brother-karvult/description/005.jpg
    saved data/images/chaos-space-marines-crimson-slaughter-brother-karvult/description/006.jpg
    saved data/images/chaos-space-marines-crimson-slaughter-brother-karvult/description/007.jpg
    saved data/images/chaos-space-marines-crimson-slaughter-brother-karvult/description/008.jpg
[438/541] scraping necrons-szarekhan-dynasty-deathmark
  downloading 10 images...
    saved data/images/necrons-szarekhan-dynasty-deathmark/001.jpg
    saved data/images/necrons-szarekhan-dynasty-deathmark/002.jpg
    saved data/images/necrons-szarekhan-dynasty-deathmark/003.jpg
    saved data/images/necrons-szarekhan-dynasty-deathmark/004.jpg
    saved data/images/necrons-szarekhan-dynasty-deathmark/description/001.jpg
    saved data/images/necrons-szarekhan-dynasty-deathmark/description/002.jpg
    saved data/images/necrons-szarekhan-dynasty-deathmark/description/003.jpg
    saved data/images/necrons-szarekhan-dynasty-deathmark/description/004.jpg
    saved data/images/necrons-szarekhan-dynasty-deathmark/description/005.jpg
    saved data/images/necrons-szarekhan-dynasty-deathmark/description/006.jpg
[439/541] scraping necrons-szarekhan-dynasty-lmmortal-with-tesla-carbine
  downloading 11 images...
    saved data/images/necrons-szarekhan-dynasty-lmmortal-with-tesla-carbine/001.jpg
    saved data/images/necrons-szarekhan-dynasty-lmmortal-with-tesla-carbine/002.jpg
    saved data/images/necrons-szarekhan-dynasty-lmmortal-with-tesla-carbine/003.jpg
    saved data/images/necrons-szarekhan-dynasty-lmmortal-with-tesla-carbine/004.jpg
    saved data/images/necrons-szarekhan-dynasty-lmmortal-with-tesla-carbine/description/001.jpg
    saved data/images/necrons-szarekhan-dynasty-lmmortal-with-tesla-carbine/description/002.jpg
    saved data/images/necrons-szarekhan-dynasty-lmmortal-with-tesla-carbine/description/003.jpg
    saved data/images/necrons-szarekhan-dynasty-lmmortal-with-tesla-carbine/description/004.jpg
    saved data/images/necrons-szarekhan-dynasty-lmmortal-with-tesla-carbine/description/005.jpg
    saved data/images/necrons-szarekhan-dynasty-lmmortal-with-tesla-carbine/description/006.jpg
    saved data/images/necrons-szarekhan-dynasty-lmmortal-with-tesla-carbine/description/007.jpg
[440/541] scraping necrons-szarekhan-dynasty-lmmortal-with-gauss-blaster
  downloading 11 images...
    saved data/images/necrons-szarekhan-dynasty-lmmortal-with-gauss-blaster/001.jpg
    saved data/images/necrons-szarekhan-dynasty-lmmortal-with-gauss-blaster/002.jpg
    saved data/images/necrons-szarekhan-dynasty-lmmortal-with-gauss-blaster/003.jpg
    saved data/images/necrons-szarekhan-dynasty-lmmortal-with-gauss-blaster/004.jpg
    saved data/images/necrons-szarekhan-dynasty-lmmortal-with-gauss-blaster/description/001.jpg
    saved data/images/necrons-szarekhan-dynasty-lmmortal-with-gauss-blaster/description/002.jpg
    saved data/images/necrons-szarekhan-dynasty-lmmortal-with-gauss-blaster/description/003.jpg
    saved data/images/necrons-szarekhan-dynasty-lmmortal-with-gauss-blaster/description/004.jpg
    saved data/images/necrons-szarekhan-dynasty-lmmortal-with-gauss-blaster/description/005.jpg
    saved data/images/necrons-szarekhan-dynasty-lmmortal-with-gauss-blaster/description/006.jpg
    saved data/images/necrons-szarekhan-dynasty-lmmortal-with-gauss-blaster/description/007.jpg
[441/541] scraping necrons-szarekhan-dynasty-overlord
  downloading 10 images...
    saved data/images/necrons-szarekhan-dynasty-overlord/001.jpg
    saved data/images/necrons-szarekhan-dynasty-overlord/002.jpg
    saved data/images/necrons-szarekhan-dynasty-overlord/003.jpg
    saved data/images/necrons-szarekhan-dynasty-overlord/004.jpg
    saved data/images/necrons-szarekhan-dynasty-overlord/description/001.jpg
    saved data/images/necrons-szarekhan-dynasty-overlord/description/002.jpg
    saved data/images/necrons-szarekhan-dynasty-overlord/description/003.jpg
    saved data/images/necrons-szarekhan-dynasty-overlord/description/004.jpg
    saved data/images/necrons-szarekhan-dynasty-overlord/description/005.jpg
    saved data/images/necrons-szarekhan-dynasty-overlord/description/006.jpg
[442/541] scraping white-scars-assault-lntercessor-sergeant-tsendbaatar
  downloading 14 images...
    saved data/images/white-scars-assault-lntercessor-sergeant-tsendbaatar/001.jpg
    saved data/images/white-scars-assault-lntercessor-sergeant-tsendbaatar/002.jpg
    saved data/images/white-scars-assault-lntercessor-sergeant-tsendbaatar/003.jpg
    saved data/images/white-scars-assault-lntercessor-sergeant-tsendbaatar/004.jpg
    saved data/images/white-scars-assault-lntercessor-sergeant-tsendbaatar/005.jpg
    saved data/images/white-scars-assault-lntercessor-sergeant-tsendbaatar/006.jpg
    saved data/images/white-scars-assault-lntercessor-sergeant-tsendbaatar/007.png
    saved data/images/white-scars-assault-lntercessor-sergeant-tsendbaatar/description/001.jpg
    saved data/images/white-scars-assault-lntercessor-sergeant-tsendbaatar/description/002.jpg
    saved data/images/white-scars-assault-lntercessor-sergeant-tsendbaatar/description/003.jpg
    saved data/images/white-scars-assault-lntercessor-sergeant-tsendbaatar/description/004.jpg
    saved data/images/white-scars-assault-lntercessor-sergeant-tsendbaatar/description/005.jpg
    saved data/images/white-scars-assault-lntercessor-sergeant-tsendbaatar/description/006.jpg
    saved data/images/white-scars-assault-lntercessor-sergeant-tsendbaatar/description/007.jpg
[443/541] scraping white-scars-assault-lntercessor-brother-batjargal
  downloading 10 images...
    saved data/images/white-scars-assault-lntercessor-brother-batjargal/001.jpg
    saved data/images/white-scars-assault-lntercessor-brother-batjargal/002.jpg
    saved data/images/white-scars-assault-lntercessor-brother-batjargal/003.jpg
    saved data/images/white-scars-assault-lntercessor-brother-batjargal/004.jpg
    saved data/images/white-scars-assault-lntercessor-brother-batjargal/005.jpg
    saved data/images/white-scars-assault-lntercessor-brother-batjargal/006.jpg
    saved data/images/white-scars-assault-lntercessor-brother-batjargal/007.png
    saved data/images/white-scars-assault-lntercessor-brother-batjargal/description/001.jpg
    saved data/images/white-scars-assault-lntercessor-brother-batjargal/description/002.jpg
    saved data/images/white-scars-assault-lntercessor-brother-batjargal/description/003.jpg
[444/541] scraping white-scars-captain-korsarro-khan
  downloading 12 images...
    saved data/images/white-scars-captain-korsarro-khan/001.jpg
    saved data/images/white-scars-captain-korsarro-khan/002.jpg
    saved data/images/white-scars-captain-korsarro-khan/003.jpg
    saved data/images/white-scars-captain-korsarro-khan/004.jpg
    saved data/images/white-scars-captain-korsarro-khan/005.jpg
    saved data/images/white-scars-captain-korsarro-khan/006.png
    saved data/images/white-scars-captain-korsarro-khan/description/001.jpg
    saved data/images/white-scars-captain-korsarro-khan/description/002.jpg
    saved data/images/white-scars-captain-korsarro-khan/description/003.jpg
    saved data/images/white-scars-captain-korsarro-khan/description/004.jpg
    saved data/images/white-scars-captain-korsarro-khan/description/005.jpg
    saved data/images/white-scars-captain-korsarro-khan/description/006.jpg
[445/541] scraping space-wolves-claw-pack-sigyrr-stoneshield
  downloading 22 images...
    saved data/images/space-wolves-claw-pack-sigyrr-stoneshield/001.jpg
    saved data/images/space-wolves-claw-pack-sigyrr-stoneshield/002.jpg
    saved data/images/space-wolves-claw-pack-sigyrr-stoneshield/003.jpg
    saved data/images/space-wolves-claw-pack-sigyrr-stoneshield/004.jpg
    saved data/images/space-wolves-claw-pack-sigyrr-stoneshield/005.png
    saved data/images/space-wolves-claw-pack-sigyrr-stoneshield/description/001.jpg
    saved data/images/space-wolves-claw-pack-sigyrr-stoneshield/description/002.jpg
    saved data/images/space-wolves-claw-pack-sigyrr-stoneshield/description/003.jpg
    saved data/images/space-wolves-claw-pack-sigyrr-stoneshield/description/004.jpg
    saved data/images/space-wolves-claw-pack-sigyrr-stoneshield/description/005.jpg
    saved data/images/space-wolves-claw-pack-sigyrr-stoneshield/description/006.jpg
    saved data/images/space-wolves-claw-pack-sigyrr-stoneshield/description/007.jpg
    saved data/images/space-wolves-claw-pack-sigyrr-stoneshield/description/008.jpg
    saved data/images/space-wolves-claw-pack-sigyrr-stoneshield/description/009.jpg
    saved data/images/space-wolves-claw-pack-sigyrr-stoneshield/description/010.jpg
    saved data/images/space-wolves-claw-pack-sigyrr-stoneshield/description/011.jpg
    saved data/images/space-wolves-claw-pack-sigyrr-stoneshield/description/012.jpg
    saved data/images/space-wolves-claw-pack-sigyrr-stoneshield/description/013.jpg
    saved data/images/space-wolves-claw-pack-sigyrr-stoneshield/description/014.jpg
    saved data/images/space-wolves-claw-pack-sigyrr-stoneshield/description/015.jpg
    saved data/images/space-wolves-claw-pack-sigyrr-stoneshield/description/016.jpg
    saved data/images/space-wolves-claw-pack-sigyrr-stoneshield/description/017.jpg
[446/541] scraping tau-empire-fire-warrior
  downloading 27 images...
    saved data/images/tau-empire-fire-warrior/001.jpg
    saved data/images/tau-empire-fire-warrior/002.jpg
    saved data/images/tau-empire-fire-warrior/003.jpg
    saved data/images/tau-empire-fire-warrior/004.jpg
    saved data/images/tau-empire-fire-warrior/005.jpg
    saved data/images/tau-empire-fire-warrior/006.jpg
    saved data/images/tau-empire-fire-warrior/007.png
    saved data/images/tau-empire-fire-warrior/description/001.jpg
    saved data/images/tau-empire-fire-warrior/description/002.jpg
    saved data/images/tau-empire-fire-warrior/description/003.jpg
    saved data/images/tau-empire-fire-warrior/description/004.jpg
    saved data/images/tau-empire-fire-warrior/description/005.jpg
    saved data/images/tau-empire-fire-warrior/description/006.jpg
    saved data/images/tau-empire-fire-warrior/description/007.jpg
    saved data/images/tau-empire-fire-warrior/description/008.jpg
    saved data/images/tau-empire-fire-warrior/description/009.jpg
    saved data/images/tau-empire-fire-warrior/description/010.jpg
    saved data/images/tau-empire-fire-warrior/description/011.jpg
    saved data/images/tau-empire-fire-warrior/description/012.jpg
    saved data/images/tau-empire-fire-warrior/description/013.jpg
    saved data/images/tau-empire-fire-warrior/description/014.jpg
    saved data/images/tau-empire-fire-warrior/description/015.jpg
    saved data/images/tau-empire-fire-warrior/description/016.jpg
    saved data/images/tau-empire-fire-warrior/description/017.jpg
    saved data/images/tau-empire-fire-warrior/description/018.jpg
    saved data/images/tau-empire-fire-warrior/description/019.jpg
    saved data/images/tau-empire-fire-warrior/description/020.jpg
[447/541] scraping tau-empire-xv8-crisis-battlesuit-02
  downloading 13 images...
    saved data/images/tau-empire-xv8-crisis-battlesuit-02/001.jpg
    saved data/images/tau-empire-xv8-crisis-battlesuit-02/002.jpg
    saved data/images/tau-empire-xv8-crisis-battlesuit-02/003.jpg
    saved data/images/tau-empire-xv8-crisis-battlesuit-02/004.jpg
    saved data/images/tau-empire-xv8-crisis-battlesuit-02/description/001.jpg
    saved data/images/tau-empire-xv8-crisis-battlesuit-02/description/002.jpeg
    saved data/images/tau-empire-xv8-crisis-battlesuit-02/description/003.jpg
    saved data/images/tau-empire-xv8-crisis-battlesuit-02/description/004.jpg
    saved data/images/tau-empire-xv8-crisis-battlesuit-02/description/005.jpg
    saved data/images/tau-empire-xv8-crisis-battlesuit-02/description/006.jpg
    saved data/images/tau-empire-xv8-crisis-battlesuit-02/description/007.jpg
    saved data/images/tau-empire-xv8-crisis-battlesuit-02/description/008.jpg
    saved data/images/tau-empire-xv8-crisis-battlesuit-02/description/009.jpg
[448/541] scraping tau-empire-xv8-crisis-battlesuit-01
  downloading 13 images...
    saved data/images/tau-empire-xv8-crisis-battlesuit-01/001.jpg
    saved data/images/tau-empire-xv8-crisis-battlesuit-01/002.jpg
    saved data/images/tau-empire-xv8-crisis-battlesuit-01/003.jpg
    saved data/images/tau-empire-xv8-crisis-battlesuit-01/004.jpg
    saved data/images/tau-empire-xv8-crisis-battlesuit-01/description/001.jpg
    saved data/images/tau-empire-xv8-crisis-battlesuit-01/description/002.jpeg
    saved data/images/tau-empire-xv8-crisis-battlesuit-01/description/003.jpg
    saved data/images/tau-empire-xv8-crisis-battlesuit-01/description/004.jpg
    saved data/images/tau-empire-xv8-crisis-battlesuit-01/description/005.jpg
    saved data/images/tau-empire-xv8-crisis-battlesuit-01/description/006.jpg
    saved data/images/tau-empire-xv8-crisis-battlesuit-01/description/007.jpg
    saved data/images/tau-empire-xv8-crisis-battlesuit-01/description/008.jpg
    saved data/images/tau-empire-xv8-crisis-battlesuit-01/description/009.jpg
[449/541] scraping black-templars-redemptor-dreadnought
  downloading 18 images...
    saved data/images/black-templars-redemptor-dreadnought/001.jpg
    saved data/images/black-templars-redemptor-dreadnought/002.jpg
    saved data/images/black-templars-redemptor-dreadnought/003.jpg
    saved data/images/black-templars-redemptor-dreadnought/004.jpg
    saved data/images/black-templars-redemptor-dreadnought/005.png
    saved data/images/black-templars-redemptor-dreadnought/description/001.jpg
    saved data/images/black-templars-redemptor-dreadnought/description/002.jpg
    saved data/images/black-templars-redemptor-dreadnought/description/003.jpg
    saved data/images/black-templars-redemptor-dreadnought/description/004.jpg
    saved data/images/black-templars-redemptor-dreadnought/description/005.jpg
    saved data/images/black-templars-redemptor-dreadnought/description/006.jpg
    saved data/images/black-templars-redemptor-dreadnought/description/007.jpg
    saved data/images/black-templars-redemptor-dreadnought/description/008.jpg
    saved data/images/black-templars-redemptor-dreadnought/description/009.jpg
    saved data/images/black-templars-redemptor-dreadnought/description/010.jpg
    saved data/images/black-templars-redemptor-dreadnought/description/011.jpg
    saved data/images/black-templars-redemptor-dreadnought/description/012.jpg
    saved data/images/black-templars-redemptor-dreadnought/description/013.jpg
[450/541] scraping ultramarines-chapter-master-marneus-calgar
  downloading 13 images...
    saved data/images/ultramarines-chapter-master-marneus-calgar/001.jpg
    saved data/images/ultramarines-chapter-master-marneus-calgar/002.jpg
    saved data/images/ultramarines-chapter-master-marneus-calgar/003.jpg
    saved data/images/ultramarines-chapter-master-marneus-calgar/004.jpg
    saved data/images/ultramarines-chapter-master-marneus-calgar/005.jpg
    saved data/images/ultramarines-chapter-master-marneus-calgar/006.jpg
    saved data/images/ultramarines-chapter-master-marneus-calgar/description/001.jpg
    saved data/images/ultramarines-chapter-master-marneus-calgar/description/002.jpg
    saved data/images/ultramarines-chapter-master-marneus-calgar/description/003.jpg
    saved data/images/ultramarines-chapter-master-marneus-calgar/description/004.jpg
    saved data/images/ultramarines-chapter-master-marneus-calgar/description/005.jpg
    saved data/images/ultramarines-chapter-master-marneus-calgar/description/006.jpeg
    saved data/images/ultramarines-chapter-master-marneus-calgar/description/007.jpg
[451/541] scraping black-templars-primaris-crusader-squad
  downloading 16 images...
    saved data/images/black-templars-primaris-crusader-squad/001.jpg
    saved data/images/black-templars-primaris-crusader-squad/002.jpg
    saved data/images/black-templars-primaris-crusader-squad/003.jpg
    saved data/images/black-templars-primaris-crusader-squad/004.jpg
    saved data/images/black-templars-primaris-crusader-squad/005.jpg
    saved data/images/black-templars-primaris-crusader-squad/006.jpg
    saved data/images/black-templars-primaris-crusader-squad/007.png
    saved data/images/black-templars-primaris-crusader-squad/description/001.jpg
    saved data/images/black-templars-primaris-crusader-squad/description/002.jpg
    saved data/images/black-templars-primaris-crusader-squad/description/003.jpg
    saved data/images/black-templars-primaris-crusader-squad/description/004.jpg
    saved data/images/black-templars-primaris-crusader-squad/description/005.jpg
    saved data/images/black-templars-primaris-crusader-squad/description/006.jpg
    saved data/images/black-templars-primaris-crusader-squad/description/007.jpg
    saved data/images/black-templars-primaris-crusader-squad/description/008.jpg
    saved data/images/black-templars-primaris-crusader-squad/description/009.jpg
[452/541] scraping ultramarines-primaris-eradicator3
  downloading 12 images...
    saved data/images/ultramarines-primaris-eradicator3/001.jpg
    saved data/images/ultramarines-primaris-eradicator3/002.jpg
    saved data/images/ultramarines-primaris-eradicator3/003.jpg
    saved data/images/ultramarines-primaris-eradicator3/004.jpg
    saved data/images/ultramarines-primaris-eradicator3/005.png
    saved data/images/ultramarines-primaris-eradicator3/description/001.jpg
    saved data/images/ultramarines-primaris-eradicator3/description/002.jpg
    saved data/images/ultramarines-primaris-eradicator3/description/003.jpg
    saved data/images/ultramarines-primaris-eradicator3/description/004.jpg
    saved data/images/ultramarines-primaris-eradicator3/description/005.jpg
    saved data/images/ultramarines-primaris-eradicator3/description/006.jpg
    saved data/images/ultramarines-primaris-eradicator3/description/007.jpg
[453/541] scraping ultramarines-primaris-eradicator2
  downloading 12 images...
    saved data/images/ultramarines-primaris-eradicator2/001.jpg
    saved data/images/ultramarines-primaris-eradicator2/002.jpg
    saved data/images/ultramarines-primaris-eradicator2/003.jpg
    saved data/images/ultramarines-primaris-eradicator2/004.jpg
    saved data/images/ultramarines-primaris-eradicator2/005.png
    saved data/images/ultramarines-primaris-eradicator2/description/001.jpg
    saved data/images/ultramarines-primaris-eradicator2/description/002.jpg
    saved data/images/ultramarines-primaris-eradicator2/description/003.jpg
    saved data/images/ultramarines-primaris-eradicator2/description/004.jpg
    saved data/images/ultramarines-primaris-eradicator2/description/005.jpg
    saved data/images/ultramarines-primaris-eradicator2/description/006.jpg
    saved data/images/ultramarines-primaris-eradicator2/description/007.jpg
[454/541] scraping ultramarines-primaris-eradicator1
  downloading 14 images...
    saved data/images/ultramarines-primaris-eradicator1/001.jpg
    saved data/images/ultramarines-primaris-eradicator1/002.jpg
    saved data/images/ultramarines-primaris-eradicator1/003.jpg
    saved data/images/ultramarines-primaris-eradicator1/004.jpg
    saved data/images/ultramarines-primaris-eradicator1/005.png
    saved data/images/ultramarines-primaris-eradicator1/description/001.jpeg
    saved data/images/ultramarines-primaris-eradicator1/description/002.jpeg
    saved data/images/ultramarines-primaris-eradicator1/description/003.jpeg
    saved data/images/ultramarines-primaris-eradicator1/description/004.jpeg
    saved data/images/ultramarines-primaris-eradicator1/description/005.jpeg
    saved data/images/ultramarines-primaris-eradicator1/description/006.jpeg
    saved data/images/ultramarines-primaris-eradicator1/description/007.jpeg
    saved data/images/ultramarines-primaris-eradicator1/description/008.jpeg
    saved data/images/ultramarines-primaris-eradicator1/description/009.jpeg
[455/541] scraping ultramarines-venerable-dreadnought
  downloading 10 images...
    saved data/images/ultramarines-venerable-dreadnought/001.jpg
    saved data/images/ultramarines-venerable-dreadnought/002.jpg
    saved data/images/ultramarines-venerable-dreadnought/003.jpg
    saved data/images/ultramarines-venerable-dreadnought/004.png
    saved data/images/ultramarines-venerable-dreadnought/description/001.jpg
    saved data/images/ultramarines-venerable-dreadnought/description/002.jpg
    saved data/images/ultramarines-venerable-dreadnought/description/003.jpg
    saved data/images/ultramarines-venerable-dreadnought/description/004.jpg
    saved data/images/ultramarines-venerable-dreadnought/description/005.jpg
    saved data/images/ultramarines-venerable-dreadnought/description/006.jpg
[456/541] scraping ultramarines-captain-with-master-crafted-heavy-bolt-rifle
  downloading 11 images...
    saved data/images/ultramarines-captain-with-master-crafted-heavy-bolt-rifle/001.jpg
    saved data/images/ultramarines-captain-with-master-crafted-heavy-bolt-rifle/002.jpg
    saved data/images/ultramarines-captain-with-master-crafted-heavy-bolt-rifle/003.jpg
    saved data/images/ultramarines-captain-with-master-crafted-heavy-bolt-rifle/004.jpg
    saved data/images/ultramarines-captain-with-master-crafted-heavy-bolt-rifle/description/001.jpg
    saved data/images/ultramarines-captain-with-master-crafted-heavy-bolt-rifle/description/002.jpg
    saved data/images/ultramarines-captain-with-master-crafted-heavy-bolt-rifle/description/003.jpg
    saved data/images/ultramarines-captain-with-master-crafted-heavy-bolt-rifle/description/004.jpg
    saved data/images/ultramarines-captain-with-master-crafted-heavy-bolt-rifle/description/005.jpg
    saved data/images/ultramarines-captain-with-master-crafted-heavy-bolt-rifle/description/006.jpg
    saved data/images/ultramarines-captain-with-master-crafted-heavy-bolt-rifle/description/007.jpg
[457/541] scraping ultramarines-bladeguard-veterans
  downloading 12 images...
    saved data/images/ultramarines-bladeguard-veterans/001.jpg
    saved data/images/ultramarines-bladeguard-veterans/002.jpg
    saved data/images/ultramarines-bladeguard-veterans/003.jpg
    saved data/images/ultramarines-bladeguard-veterans/004.jpg
    saved data/images/ultramarines-bladeguard-veterans/005.png
    saved data/images/ultramarines-bladeguard-veterans/description/001.jpg
    saved data/images/ultramarines-bladeguard-veterans/description/002.jpg
    saved data/images/ultramarines-bladeguard-veterans/description/003.jpg
    saved data/images/ultramarines-bladeguard-veterans/description/004.jpg
    saved data/images/ultramarines-bladeguard-veterans/description/005.jpg
    saved data/images/ultramarines-bladeguard-veterans/description/006.jpg
    saved data/images/ultramarines-bladeguard-veterans/description/007.jpg
[458/541] scraping blood-angels-veteran-alberigo
  downloading 12 images...
    saved data/images/blood-angels-veteran-alberigo/001.jpg
    saved data/images/blood-angels-veteran-alberigo/002.jpg
    saved data/images/blood-angels-veteran-alberigo/003.jpg
    saved data/images/blood-angels-veteran-alberigo/004.jpg
    saved data/images/blood-angels-veteran-alberigo/005.png
    saved data/images/blood-angels-veteran-alberigo/description/001.jpg
    saved data/images/blood-angels-veteran-alberigo/description/002.jpg
    saved data/images/blood-angels-veteran-alberigo/description/003.jpg
    saved data/images/blood-angels-veteran-alberigo/description/004.jpg
    saved data/images/blood-angels-veteran-alberigo/description/005.jpg
    saved data/images/blood-angels-veteran-alberigo/description/006.jpg
    saved data/images/blood-angels-veteran-alberigo/description/007.jpg
[459/541] scraping blood-angels-veteran-salus
  downloading 12 images...
    saved data/images/blood-angels-veteran-salus/001.jpg
    saved data/images/blood-angels-veteran-salus/002.jpg
    saved data/images/blood-angels-veteran-salus/003.jpg
    saved data/images/blood-angels-veteran-salus/004.jpg
    saved data/images/blood-angels-veteran-salus/005.png
    saved data/images/blood-angels-veteran-salus/description/001.jpg
    saved data/images/blood-angels-veteran-salus/description/002.jpg
    saved data/images/blood-angels-veteran-salus/description/003.jpg
    saved data/images/blood-angels-veteran-salus/description/004.jpg
    saved data/images/blood-angels-veteran-salus/description/005.jpg
    saved data/images/blood-angels-veteran-salus/description/006.jpg
    saved data/images/blood-angels-veteran-salus/description/007.jpg
[460/541] scraping blood-angels-veteran-vigna
  downloading 12 images...
    saved data/images/blood-angels-veteran-vigna/001.jpg
    saved data/images/blood-angels-veteran-vigna/002.jpg
    saved data/images/blood-angels-veteran-vigna/003.jpg
    saved data/images/blood-angels-veteran-vigna/004.jpg
    saved data/images/blood-angels-veteran-vigna/005.png
    saved data/images/blood-angels-veteran-vigna/description/001.jpg
    saved data/images/blood-angels-veteran-vigna/description/002.jpg
    saved data/images/blood-angels-veteran-vigna/description/003.jpg
    saved data/images/blood-angels-veteran-vigna/description/004.jpg
    saved data/images/blood-angels-veteran-vigna/description/005.jpg
    saved data/images/blood-angels-veteran-vigna/description/006.jpg
    saved data/images/blood-angels-veteran-vigna/description/007.jpg
[461/541] scraping blood-angels-veteran-laenatus
  downloading 12 images...
    saved data/images/blood-angels-veteran-laenatus/001.jpg
    saved data/images/blood-angels-veteran-laenatus/002.jpg
    saved data/images/blood-angels-veteran-laenatus/003.jpg
    saved data/images/blood-angels-veteran-laenatus/004.jpg
    saved data/images/blood-angels-veteran-laenatus/005.png
    saved data/images/blood-angels-veteran-laenatus/description/001.jpg
    saved data/images/blood-angels-veteran-laenatus/description/002.jpg
    saved data/images/blood-angels-veteran-laenatus/description/003.jpg
    saved data/images/blood-angels-veteran-laenatus/description/004.jpg
    saved data/images/blood-angels-veteran-laenatus/description/005.jpg
    saved data/images/blood-angels-veteran-laenatus/description/006.jpg
    saved data/images/blood-angels-veteran-laenatus/description/007.jpg
[462/541] scraping blood-angels-redemptor-dreadnought
  downloading 17 images...
    saved data/images/blood-angels-redemptor-dreadnought/001.jpg
    saved data/images/blood-angels-redemptor-dreadnought/002.jpg
    saved data/images/blood-angels-redemptor-dreadnought/003.jpg
    saved data/images/blood-angels-redemptor-dreadnought/004.jpg
    saved data/images/blood-angels-redemptor-dreadnought/005.png
    saved data/images/blood-angels-redemptor-dreadnought/description/001.jpg
    saved data/images/blood-angels-redemptor-dreadnought/description/002.jpg
    saved data/images/blood-angels-redemptor-dreadnought/description/003.jpg
    saved data/images/blood-angels-redemptor-dreadnought/description/004.jpg
    saved data/images/blood-angels-redemptor-dreadnought/description/005.jpg
    saved data/images/blood-angels-redemptor-dreadnought/description/006.jpg
    saved data/images/blood-angels-redemptor-dreadnought/description/007.jpg
    saved data/images/blood-angels-redemptor-dreadnought/description/008.jpg
    saved data/images/blood-angels-redemptor-dreadnought/description/009.jpg
    saved data/images/blood-angels-redemptor-dreadnought/description/010.jpg
    saved data/images/blood-angels-redemptor-dreadnought/description/011.jpg
    saved data/images/blood-angels-redemptor-dreadnought/description/012.jpg
[463/541] scraping imperial-fists-primaris-captain
  downloading 13 images...
    saved data/images/imperial-fists-primaris-captain/001.jpg
    saved data/images/imperial-fists-primaris-captain/002.jpg
    saved data/images/imperial-fists-primaris-captain/003.jpg
    saved data/images/imperial-fists-primaris-captain/004.jpg
    saved data/images/imperial-fists-primaris-captain/005.png
    saved data/images/imperial-fists-primaris-captain/description/001.jpg
    saved data/images/imperial-fists-primaris-captain/description/002.jpg
    saved data/images/imperial-fists-primaris-captain/description/003.jpg
    saved data/images/imperial-fists-primaris-captain/description/004.jpg
    saved data/images/imperial-fists-primaris-captain/description/005.jpg
    saved data/images/imperial-fists-primaris-captain/description/006.jpg
    saved data/images/imperial-fists-primaris-captain/description/007.jpg
    saved data/images/imperial-fists-primaris-captain/description/008.jpg
[464/541] scraping imperial-fists-heavy-intercessors-1
  downloading 11 images...
    saved data/images/imperial-fists-heavy-intercessors-1/001.jpg
    saved data/images/imperial-fists-heavy-intercessors-1/002.jpg
    saved data/images/imperial-fists-heavy-intercessors-1/003.jpg
    saved data/images/imperial-fists-heavy-intercessors-1/004.jpg
    saved data/images/imperial-fists-heavy-intercessors-1/005.png
    saved data/images/imperial-fists-heavy-intercessors-1/description/001.jpg
    saved data/images/imperial-fists-heavy-intercessors-1/description/002.jpg
    saved data/images/imperial-fists-heavy-intercessors-1/description/003.jpg
    saved data/images/imperial-fists-heavy-intercessors-1/description/004.jpg
    saved data/images/imperial-fists-heavy-intercessors-1/description/005.jpg
    saved data/images/imperial-fists-heavy-intercessors-1/description/006.jpg
[465/541] scraping imperial-fists-heavy-intercessors
  downloading 11 images...
    saved data/images/imperial-fists-heavy-intercessors/001.jpg
    saved data/images/imperial-fists-heavy-intercessors/002.jpg
    saved data/images/imperial-fists-heavy-intercessors/003.jpg
    saved data/images/imperial-fists-heavy-intercessors/004.jpg
    saved data/images/imperial-fists-heavy-intercessors/005.png
    saved data/images/imperial-fists-heavy-intercessors/description/001.jpg
    saved data/images/imperial-fists-heavy-intercessors/description/002.jpg
    saved data/images/imperial-fists-heavy-intercessors/description/003.jpg
    saved data/images/imperial-fists-heavy-intercessors/description/004.jpg
    saved data/images/imperial-fists-heavy-intercessors/description/005.jpg
    saved data/images/imperial-fists-heavy-intercessors/description/006.jpg
[466/541] scraping imperial-fists-third-captain-tor-garadon
  downloading 13 images...
    saved data/images/imperial-fists-third-captain-tor-garadon/001.jpg
    saved data/images/imperial-fists-third-captain-tor-garadon/002.jpg
    saved data/images/imperial-fists-third-captain-tor-garadon/003.jpg
    saved data/images/imperial-fists-third-captain-tor-garadon/004.jpg
    saved data/images/imperial-fists-third-captain-tor-garadon/005.png
    saved data/images/imperial-fists-third-captain-tor-garadon/description/001.jpg
    saved data/images/imperial-fists-third-captain-tor-garadon/description/002.jpg
    saved data/images/imperial-fists-third-captain-tor-garadon/description/003.jpg
    saved data/images/imperial-fists-third-captain-tor-garadon/description/004.jpg
    saved data/images/imperial-fists-third-captain-tor-garadon/description/005.jpg
    saved data/images/imperial-fists-third-captain-tor-garadon/description/006.jpg
    saved data/images/imperial-fists-third-captain-tor-garadon/description/007.jpg
    saved data/images/imperial-fists-third-captain-tor-garadon/description/008.jpg
[467/541] scraping imperial-fists-redemptor-dreadnought
  downloading 15 images...
    saved data/images/imperial-fists-redemptor-dreadnought/001.jpg
    saved data/images/imperial-fists-redemptor-dreadnought/002.jpg
    saved data/images/imperial-fists-redemptor-dreadnought/003.jpg
    saved data/images/imperial-fists-redemptor-dreadnought/004.jpg
    saved data/images/imperial-fists-redemptor-dreadnought/005.png
    saved data/images/imperial-fists-redemptor-dreadnought/description/001.jpg
    saved data/images/imperial-fists-redemptor-dreadnought/description/002.jpg
    saved data/images/imperial-fists-redemptor-dreadnought/description/003.jpg
    saved data/images/imperial-fists-redemptor-dreadnought/description/004.jpg
    saved data/images/imperial-fists-redemptor-dreadnought/description/005.jpg
    saved data/images/imperial-fists-redemptor-dreadnought/description/006.jpg
    saved data/images/imperial-fists-redemptor-dreadnought/description/007.jpg
    saved data/images/imperial-fists-redemptor-dreadnought/description/008.jpg
    saved data/images/imperial-fists-redemptor-dreadnought/description/009.jpg
    saved data/images/imperial-fists-redemptor-dreadnought/description/010.jpg
[468/541] scraping ultramarines-primaris-company-champion
  downloading 13 images...
    saved data/images/ultramarines-primaris-company-champion/001.jpg
    saved data/images/ultramarines-primaris-company-champion/002.jpg
    saved data/images/ultramarines-primaris-company-champion/003.jpg
    saved data/images/ultramarines-primaris-company-champion/004.jpg
    saved data/images/ultramarines-primaris-company-champion/005.png
    saved data/images/ultramarines-primaris-company-champion/description/001.jpeg
    saved data/images/ultramarines-primaris-company-champion/description/002.jpeg
    saved data/images/ultramarines-primaris-company-champion/description/003.jpeg
    saved data/images/ultramarines-primaris-company-champion/description/004.jpeg
    saved data/images/ultramarines-primaris-company-champion/description/005.jpeg
    saved data/images/ultramarines-primaris-company-champion/description/006.jpeg
    saved data/images/ultramarines-primaris-company-champion/description/007.jpeg
    saved data/images/ultramarines-primaris-company-champion/description/008.jpeg
[469/541] scraping ultramarines-primaris-assault-veteran-intercessor
  downloading 12 images...
    saved data/images/ultramarines-primaris-assault-veteran-intercessor/001.jpg
    saved data/images/ultramarines-primaris-assault-veteran-intercessor/002.jpg
    saved data/images/ultramarines-primaris-assault-veteran-intercessor/003.jpg
    saved data/images/ultramarines-primaris-assault-veteran-intercessor/004.jpg
    saved data/images/ultramarines-primaris-assault-veteran-intercessor/005.png
    saved data/images/ultramarines-primaris-assault-veteran-intercessor/description/001.jpeg
    saved data/images/ultramarines-primaris-assault-veteran-intercessor/description/002.jpeg
    saved data/images/ultramarines-primaris-assault-veteran-intercessor/description/003.jpeg
    saved data/images/ultramarines-primaris-assault-veteran-intercessor/description/004.jpeg
    saved data/images/ultramarines-primaris-assault-veteran-intercessor/description/005.jpeg
    saved data/images/ultramarines-primaris-assault-veteran-intercessor/description/006.jpeg
    saved data/images/ultramarines-primaris-assault-veteran-intercessor/description/007.jpeg
[470/541] scraping ultramarines-primaris-invader-atv
  downloading 20 images...
    saved data/images/ultramarines-primaris-invader-atv/001.jpg
    saved data/images/ultramarines-primaris-invader-atv/002.jpg
    saved data/images/ultramarines-primaris-invader-atv/003.jpg
    saved data/images/ultramarines-primaris-invader-atv/004.jpg
    saved data/images/ultramarines-primaris-invader-atv/005.jpg
    saved data/images/ultramarines-primaris-invader-atv/006.png
    saved data/images/ultramarines-primaris-invader-atv/description/001.jpg
    saved data/images/ultramarines-primaris-invader-atv/description/002.jpg
    saved data/images/ultramarines-primaris-invader-atv/description/003.jpg
    saved data/images/ultramarines-primaris-invader-atv/description/004.jpg
    saved data/images/ultramarines-primaris-invader-atv/description/005.jpg
    saved data/images/ultramarines-primaris-invader-atv/description/006.jpg
    saved data/images/ultramarines-primaris-invader-atv/description/007.jpg
    saved data/images/ultramarines-primaris-invader-atv/description/008.jpg
    saved data/images/ultramarines-primaris-invader-atv/description/009.jpg
    saved data/images/ultramarines-primaris-invader-atv/description/010.jpg
    saved data/images/ultramarines-primaris-invader-atv/description/011.jpg
    saved data/images/ultramarines-primaris-invader-atv/description/012.jpg
    saved data/images/ultramarines-primaris-invader-atv/description/013.jpg
    saved data/images/ultramarines-primaris-invader-atv/description/014.jpg
[471/541] scraping space-marines-grey-knights-venerable-dreadnought
  downloading 16 images...
    saved data/images/space-marines-grey-knights-venerable-dreadnought/001.png
    saved data/images/space-marines-grey-knights-venerable-dreadnought/002.jpg
    saved data/images/space-marines-grey-knights-venerable-dreadnought/003.jpg
    saved data/images/space-marines-grey-knights-venerable-dreadnought/004.jpg
    saved data/images/space-marines-grey-knights-venerable-dreadnought/005.png
    saved data/images/space-marines-grey-knights-venerable-dreadnought/description/001.jpg
    saved data/images/space-marines-grey-knights-venerable-dreadnought/description/002.jpg
    saved data/images/space-marines-grey-knights-venerable-dreadnought/description/003.jpg
    saved data/images/space-marines-grey-knights-venerable-dreadnought/description/004.jpg
    saved data/images/space-marines-grey-knights-venerable-dreadnought/description/005.jpg
    saved data/images/space-marines-grey-knights-venerable-dreadnought/description/006.jpg
    saved data/images/space-marines-grey-knights-venerable-dreadnought/description/007.jpg
    saved data/images/space-marines-grey-knights-venerable-dreadnought/description/008.jpg
    saved data/images/space-marines-grey-knights-venerable-dreadnought/description/009.jpg
    saved data/images/space-marines-grey-knights-venerable-dreadnought/description/010.jpg
    saved data/images/space-marines-grey-knights-venerable-dreadnought/description/011.jpg
[472/541] scraping orks-squighog-nob-on-smasha-squig
  downloading 17 images...
    saved data/images/orks-squighog-nob-on-smasha-squig/001.jpg
    saved data/images/orks-squighog-nob-on-smasha-squig/002.jpg
    saved data/images/orks-squighog-nob-on-smasha-squig/003.jpg
    saved data/images/orks-squighog-nob-on-smasha-squig/004.jpg
    saved data/images/orks-squighog-nob-on-smasha-squig/description/001.jpg
    saved data/images/orks-squighog-nob-on-smasha-squig/description/002.jpg
    saved data/images/orks-squighog-nob-on-smasha-squig/description/003.jpg
    saved data/images/orks-squighog-nob-on-smasha-squig/description/004.jpg
    saved data/images/orks-squighog-nob-on-smasha-squig/description/005.jpg
    saved data/images/orks-squighog-nob-on-smasha-squig/description/006.jpg
    saved data/images/orks-squighog-nob-on-smasha-squig/description/007.jpg
    saved data/images/orks-squighog-nob-on-smasha-squig/description/008.jpg
    saved data/images/orks-squighog-nob-on-smasha-squig/description/009.jpg
    saved data/images/orks-squighog-nob-on-smasha-squig/description/010.jpg
    saved data/images/orks-squighog-nob-on-smasha-squig/description/011.jpg
    saved data/images/orks-squighog-nob-on-smasha-squig/description/012.jpg
    saved data/images/orks-squighog-nob-on-smasha-squig/description/013.jpg
[473/541] scraping space-wolves-thunderwolf-cavalry-bjane
  downloading 15 images...
    saved data/images/space-wolves-thunderwolf-cavalry-bjane/001.jpg
    saved data/images/space-wolves-thunderwolf-cavalry-bjane/002.jpg
    saved data/images/space-wolves-thunderwolf-cavalry-bjane/003.jpg
    saved data/images/space-wolves-thunderwolf-cavalry-bjane/004.jpg
    saved data/images/space-wolves-thunderwolf-cavalry-bjane/description/001.jpg
    saved data/images/space-wolves-thunderwolf-cavalry-bjane/description/002.jpg
    saved data/images/space-wolves-thunderwolf-cavalry-bjane/description/003.jpg
    saved data/images/space-wolves-thunderwolf-cavalry-bjane/description/004.jpg
    saved data/images/space-wolves-thunderwolf-cavalry-bjane/description/005.jpg
    saved data/images/space-wolves-thunderwolf-cavalry-bjane/description/006.jpg
    saved data/images/space-wolves-thunderwolf-cavalry-bjane/description/007.jpg
    saved data/images/space-wolves-thunderwolf-cavalry-bjane/description/008.jpg
    saved data/images/space-wolves-thunderwolf-cavalry-bjane/description/009.jpg
    saved data/images/space-wolves-thunderwolf-cavalry-bjane/description/010.jpg
    saved data/images/space-wolves-thunderwolf-cavalry-bjane/description/011.jpg
[474/541] scraping space-wolves-thunderwolf-cavalry-frode
  downloading 15 images...
    saved data/images/space-wolves-thunderwolf-cavalry-frode/001.jpg
    saved data/images/space-wolves-thunderwolf-cavalry-frode/002.jpg
    saved data/images/space-wolves-thunderwolf-cavalry-frode/003.jpg
    saved data/images/space-wolves-thunderwolf-cavalry-frode/004.jpg
    saved data/images/space-wolves-thunderwolf-cavalry-frode/description/001.jpg
    saved data/images/space-wolves-thunderwolf-cavalry-frode/description/002.jpg
    saved data/images/space-wolves-thunderwolf-cavalry-frode/description/003.jpg
    saved data/images/space-wolves-thunderwolf-cavalry-frode/description/004.jpg
    saved data/images/space-wolves-thunderwolf-cavalry-frode/description/005.jpg
    saved data/images/space-wolves-thunderwolf-cavalry-frode/description/006.jpg
    saved data/images/space-wolves-thunderwolf-cavalry-frode/description/007.jpg
    saved data/images/space-wolves-thunderwolf-cavalry-frode/description/008.jpg
    saved data/images/space-wolves-thunderwolf-cavalry-frode/description/009.jpg
    saved data/images/space-wolves-thunderwolf-cavalry-frode/description/010.jpg
    saved data/images/space-wolves-thunderwolf-cavalry-frode/description/011.jpg
[475/541] scraping primaris-captain-sidonicus
  downloading 12 images...
    saved data/images/primaris-captain-sidonicus/001.jpg
    saved data/images/primaris-captain-sidonicus/002.jpg
    saved data/images/primaris-captain-sidonicus/003.jpg
    saved data/images/primaris-captain-sidonicus/004.jpg
    saved data/images/primaris-captain-sidonicus/005.png
    saved data/images/primaris-captain-sidonicus/description/001.jpg
    saved data/images/primaris-captain-sidonicus/description/002.jpg
    saved data/images/primaris-captain-sidonicus/description/003.jpg
    saved data/images/primaris-captain-sidonicus/description/004.jpg
    saved data/images/primaris-captain-sidonicus/description/005.jpg
    saved data/images/primaris-captain-sidonicus/description/006.jpg
    saved data/images/primaris-captain-sidonicus/description/007.jpg
[476/541] scraping blood-angels-primaris-lieutenant-tolmeron
  downloading 12 images...
    saved data/images/blood-angels-primaris-lieutenant-tolmeron/001.jpg
    saved data/images/blood-angels-primaris-lieutenant-tolmeron/002.jpg
    saved data/images/blood-angels-primaris-lieutenant-tolmeron/003.jpg
    saved data/images/blood-angels-primaris-lieutenant-tolmeron/004.jpg
    saved data/images/blood-angels-primaris-lieutenant-tolmeron/005.png
    saved data/images/blood-angels-primaris-lieutenant-tolmeron/description/001.jpg
    saved data/images/blood-angels-primaris-lieutenant-tolmeron/description/002.jpg
    saved data/images/blood-angels-primaris-lieutenant-tolmeron/description/003.jpg
    saved data/images/blood-angels-primaris-lieutenant-tolmeron/description/004.jpg
    saved data/images/blood-angels-primaris-lieutenant-tolmeron/description/005.jpg
    saved data/images/blood-angels-primaris-lieutenant-tolmeron/description/006.jpg
    saved data/images/blood-angels-primaris-lieutenant-tolmeron/description/007.jpg
[477/541] scraping imperial-fists-veteran-brother-thracius
  downloading 12 images...
    saved data/images/imperial-fists-veteran-brother-thracius/001.jpg
    saved data/images/imperial-fists-veteran-brother-thracius/002.jpg
    saved data/images/imperial-fists-veteran-brother-thracius/003.jpg
    saved data/images/imperial-fists-veteran-brother-thracius/004.jpg
    saved data/images/imperial-fists-veteran-brother-thracius/005.png
    saved data/images/imperial-fists-veteran-brother-thracius/description/001.jpg
    saved data/images/imperial-fists-veteran-brother-thracius/description/002.jpg
    saved data/images/imperial-fists-veteran-brother-thracius/description/003.jpg
    saved data/images/imperial-fists-veteran-brother-thracius/description/004.jpg
    saved data/images/imperial-fists-veteran-brother-thracius/description/005.jpeg
    saved data/images/imperial-fists-veteran-brother-thracius/description/006.jpg
    saved data/images/imperial-fists-veteran-brother-thracius/description/007.jpg
[478/541] scraping veteran-sergeant-icastus
  downloading 12 images...
    saved data/images/veteran-sergeant-icastus/001.jpg
    saved data/images/veteran-sergeant-icastus/002.jpg
    saved data/images/veteran-sergeant-icastus/003.jpg
    saved data/images/veteran-sergeant-icastus/004.jpg
    saved data/images/veteran-sergeant-icastus/005.png
    saved data/images/veteran-sergeant-icastus/description/001.jpg
    saved data/images/veteran-sergeant-icastus/description/002.jpg
    saved data/images/veteran-sergeant-icastus/description/003.jpg
    saved data/images/veteran-sergeant-icastus/description/004.jpg
    saved data/images/veteran-sergeant-icastus/description/005.jpg
    saved data/images/veteran-sergeant-icastus/description/006.jpg
    saved data/images/veteran-sergeant-icastus/description/007.jpg
[479/541] scraping primaris-lieutenant-horatius
  downloading 12 images...
    saved data/images/primaris-lieutenant-horatius/001.jpg
    saved data/images/primaris-lieutenant-horatius/002.jpg
    saved data/images/primaris-lieutenant-horatius/003.jpg
    saved data/images/primaris-lieutenant-horatius/004.jpg
    saved data/images/primaris-lieutenant-horatius/005.png
    saved data/images/primaris-lieutenant-horatius/description/001.jpg
    saved data/images/primaris-lieutenant-horatius/description/002.jpg
    saved data/images/primaris-lieutenant-horatius/description/003.jpg
    saved data/images/primaris-lieutenant-horatius/description/004.jpg
    saved data/images/primaris-lieutenant-horatius/description/005.jpg
    saved data/images/primaris-lieutenant-horatius/description/006.jpg
    saved data/images/primaris-lieutenant-horatius/description/007.jpg
[480/541] scraping primaris-lieutenant-amulius
  downloading 11 images...
    saved data/images/primaris-lieutenant-amulius/001.jpg
    saved data/images/primaris-lieutenant-amulius/002.jpg
    saved data/images/primaris-lieutenant-amulius/003.jpg
    saved data/images/primaris-lieutenant-amulius/004.png
    saved data/images/primaris-lieutenant-amulius/description/001.jpg
    saved data/images/primaris-lieutenant-amulius/description/002.jpg
    saved data/images/primaris-lieutenant-amulius/description/003.jpg
    saved data/images/primaris-lieutenant-amulius/description/004.jpg
    saved data/images/primaris-lieutenant-amulius/description/005.jpg
    saved data/images/primaris-lieutenant-amulius/description/006.jpeg
    saved data/images/primaris-lieutenant-amulius/description/007.jpg
[481/541] scraping primaris-librarian
  downloading 11 images...
    saved data/images/primaris-librarian/001.jpg
    saved data/images/primaris-librarian/002.jpg
    saved data/images/primaris-librarian/003.jpg
    saved data/images/primaris-librarian/004.jpg
    saved data/images/primaris-librarian/description/001.jpg
    saved data/images/primaris-librarian/description/002.jpg
    saved data/images/primaris-librarian/description/003.jpg
    saved data/images/primaris-librarian/description/004.jpg
    saved data/images/primaris-librarian/description/005.jpg
    saved data/images/primaris-librarian/description/006.jpg
    saved data/images/primaris-librarian/description/007.jpg
[482/541] scraping blood-angels-death-company-intercessors
  downloading 27 images...
    saved data/images/blood-angels-death-company-intercessors/001.jpg
    saved data/images/blood-angels-death-company-intercessors/002.jpg
    saved data/images/blood-angels-death-company-intercessors/003.jpg
    saved data/images/blood-angels-death-company-intercessors/004.jpg
    saved data/images/blood-angels-death-company-intercessors/description/001.jpg
    saved data/images/blood-angels-death-company-intercessors/description/002.jpg
    saved data/images/blood-angels-death-company-intercessors/description/003.jpg
    saved data/images/blood-angels-death-company-intercessors/description/004.jpg
    saved data/images/blood-angels-death-company-intercessors/description/005.jpg
    saved data/images/blood-angels-death-company-intercessors/description/006.jpg
    saved data/images/blood-angels-death-company-intercessors/description/007.jpg
    saved data/images/blood-angels-death-company-intercessors/description/008.jpg
    saved data/images/blood-angels-death-company-intercessors/description/009.jpg
    saved data/images/blood-angels-death-company-intercessors/description/010.jpg
    saved data/images/blood-angels-death-company-intercessors/description/011.jpg
    saved data/images/blood-angels-death-company-intercessors/description/012.jpg
    saved data/images/blood-angels-death-company-intercessors/description/013.jpg
    saved data/images/blood-angels-death-company-intercessors/description/014.jpg
    saved data/images/blood-angels-death-company-intercessors/description/015.jpg
    saved data/images/blood-angels-death-company-intercessors/description/016.jpg
    saved data/images/blood-angels-death-company-intercessors/description/017.jpg
    saved data/images/blood-angels-death-company-intercessors/description/018.jpg
    saved data/images/blood-angels-death-company-intercessors/description/019.jpg
    saved data/images/blood-angels-death-company-intercessors/description/020.jpg
    saved data/images/blood-angels-death-company-intercessors/description/021.jpg
    saved data/images/blood-angels-death-company-intercessors/description/022.jpg
    saved data/images/blood-angels-death-company-intercessors/description/023.jpg
[483/541] scraping primariscaptainingravisarmour-brothercaptainvoltian
  downloading 13 images...
    saved data/images/primariscaptainingravisarmour-brothercaptainvoltian/001.jpg
    saved data/images/primariscaptainingravisarmour-brothercaptainvoltian/002.jpg
    saved data/images/primariscaptainingravisarmour-brothercaptainvoltian/003.jpg
    saved data/images/primariscaptainingravisarmour-brothercaptainvoltian/004.jpg
    saved data/images/primariscaptainingravisarmour-brothercaptainvoltian/005.png
    saved data/images/primariscaptainingravisarmour-brothercaptainvoltian/description/001.jpeg
    saved data/images/primariscaptainingravisarmour-brothercaptainvoltian/description/002.jpeg
    saved data/images/primariscaptainingravisarmour-brothercaptainvoltian/description/003.jpeg
    saved data/images/primariscaptainingravisarmour-brothercaptainvoltian/description/004.jpeg
    saved data/images/primariscaptainingravisarmour-brothercaptainvoltian/description/005.jpeg
    saved data/images/primariscaptainingravisarmour-brothercaptainvoltian/description/006.jpeg
    saved data/images/primariscaptainingravisarmour-brothercaptainvoltian/description/007.jpeg
    saved data/images/primariscaptainingravisarmour-brothercaptainvoltian/description/008.jpeg
[484/541] scraping ultramarines-primaris-reivers
  downloading 16 images...
    saved data/images/ultramarines-primaris-reivers/001.jpg
    saved data/images/ultramarines-primaris-reivers/002.png
    saved data/images/ultramarines-primaris-reivers/description/001.jpg
    saved data/images/ultramarines-primaris-reivers/description/002.jpeg
    saved data/images/ultramarines-primaris-reivers/description/003.jpg
    saved data/images/ultramarines-primaris-reivers/description/004.jpeg
    saved data/images/ultramarines-primaris-reivers/description/005.jpeg
    saved data/images/ultramarines-primaris-reivers/description/006.jpg
    saved data/images/ultramarines-primaris-reivers/description/007.jpeg
    saved data/images/ultramarines-primaris-reivers/description/008.jpeg
    saved data/images/ultramarines-primaris-reivers/description/009.jpeg
    saved data/images/ultramarines-primaris-reivers/description/010.jpg
    saved data/images/ultramarines-primaris-reivers/description/011.jpeg
    saved data/images/ultramarines-primaris-reivers/description/012.jpeg
    saved data/images/ultramarines-primaris-reivers/description/013.jpeg
    saved data/images/ultramarines-primaris-reivers/description/014.jpg
[485/541] scraping heroes-of-the-chapter-primaris-lieutenant-erastus
  downloading 15 images...
    saved data/images/heroes-of-the-chapter-primaris-lieutenant-erastus/001.jpg
    saved data/images/heroes-of-the-chapter-primaris-lieutenant-erastus/002.jpg
    saved data/images/heroes-of-the-chapter-primaris-lieutenant-erastus/003.jpg
    saved data/images/heroes-of-the-chapter-primaris-lieutenant-erastus/004.jpg
    saved data/images/heroes-of-the-chapter-primaris-lieutenant-erastus/005.jpg
    saved data/images/heroes-of-the-chapter-primaris-lieutenant-erastus/006.jpg
    saved data/images/heroes-of-the-chapter-primaris-lieutenant-erastus/007.png
    saved data/images/heroes-of-the-chapter-primaris-lieutenant-erastus/description/001.jpg
    saved data/images/heroes-of-the-chapter-primaris-lieutenant-erastus/description/002.jpg
    saved data/images/heroes-of-the-chapter-primaris-lieutenant-erastus/description/003.jpg
    saved data/images/heroes-of-the-chapter-primaris-lieutenant-erastus/description/004.jpg
    saved data/images/heroes-of-the-chapter-primaris-lieutenant-erastus/description/005.jpg
    saved data/images/heroes-of-the-chapter-primaris-lieutenant-erastus/description/006.jpg
    saved data/images/heroes-of-the-chapter-primaris-lieutenant-erastus/description/007.jpg
    saved data/images/heroes-of-the-chapter-primaris-lieutenant-erastus/description/008.jpg
[486/541] scraping imperiar-fists-aggressor-brother-sergeant-lycias
  downloading 10 images...
    saved data/images/imperiar-fists-aggressor-brother-sergeant-lycias/001.png
    saved data/images/imperiar-fists-aggressor-brother-sergeant-lycias/002.jpeg
    saved data/images/imperiar-fists-aggressor-brother-sergeant-lycias/003.jpeg
    saved data/images/imperiar-fists-aggressor-brother-sergeant-lycias/004.jpeg
    saved data/images/imperiar-fists-aggressor-brother-sergeant-lycias/005.png
    saved data/images/imperiar-fists-aggressor-brother-sergeant-lycias/description/001.jpg
    saved data/images/imperiar-fists-aggressor-brother-sergeant-lycias/description/002.jpg
    saved data/images/imperiar-fists-aggressor-brother-sergeant-lycias/description/003.jpg
    saved data/images/imperiar-fists-aggressor-brother-sergeant-lycias/description/004.jpg
    saved data/images/imperiar-fists-aggressor-brother-sergeant-lycias/description/005.jpg
[487/541] scraping imperiar-fists-intercessors-brother-sergeant-sevito
  downloading 10 images...
    saved data/images/imperiar-fists-intercessors-brother-sergeant-sevito/001.png
    saved data/images/imperiar-fists-intercessors-brother-sergeant-sevito/002.jpeg
    saved data/images/imperiar-fists-intercessors-brother-sergeant-sevito/003.jpeg
    saved data/images/imperiar-fists-intercessors-brother-sergeant-sevito/004.jpeg
    saved data/images/imperiar-fists-intercessors-brother-sergeant-sevito/005.png
    saved data/images/imperiar-fists-intercessors-brother-sergeant-sevito/description/001.jpg
    saved data/images/imperiar-fists-intercessors-brother-sergeant-sevito/description/002.jpg
    saved data/images/imperiar-fists-intercessors-brother-sergeant-sevito/description/003.jpg
    saved data/images/imperiar-fists-intercessors-brother-sergeant-sevito/description/004.jpg
    saved data/images/imperiar-fists-intercessors-brother-sergeant-sevito/description/005.jpg
[488/541] scraping imperiar-fists-intercessors-brother-marine-02
  downloading 10 images...
    saved data/images/imperiar-fists-intercessors-brother-marine-02/001.png
    saved data/images/imperiar-fists-intercessors-brother-marine-02/002.jpeg
    saved data/images/imperiar-fists-intercessors-brother-marine-02/003.jpeg
    saved data/images/imperiar-fists-intercessors-brother-marine-02/004.jpeg
    saved data/images/imperiar-fists-intercessors-brother-marine-02/005.png
    saved data/images/imperiar-fists-intercessors-brother-marine-02/description/001.jpg
    saved data/images/imperiar-fists-intercessors-brother-marine-02/description/002.jpg
    saved data/images/imperiar-fists-intercessors-brother-marine-02/description/003.jpg
    saved data/images/imperiar-fists-intercessors-brother-marine-02/description/004.jpg
    saved data/images/imperiar-fists-intercessors-brother-marine-02/description/005.jpg
[489/541] scraping imperiar-fists-intercessors-primaris-lieutenant-naviaz
  downloading 10 images...
    saved data/images/imperiar-fists-intercessors-primaris-lieutenant-naviaz/001.png
    saved data/images/imperiar-fists-intercessors-primaris-lieutenant-naviaz/002.jpeg
    saved data/images/imperiar-fists-intercessors-primaris-lieutenant-naviaz/003.jpeg
    saved data/images/imperiar-fists-intercessors-primaris-lieutenant-naviaz/004.jpeg
    saved data/images/imperiar-fists-intercessors-primaris-lieutenant-naviaz/005.png
    saved data/images/imperiar-fists-intercessors-primaris-lieutenant-naviaz/description/001.jpeg
    saved data/images/imperiar-fists-intercessors-primaris-lieutenant-naviaz/description/002.jpg
    saved data/images/imperiar-fists-intercessors-primaris-lieutenant-naviaz/description/003.jpeg
    saved data/images/imperiar-fists-intercessors-primaris-lieutenant-naviaz/description/004.jpeg
    saved data/images/imperiar-fists-intercessors-primaris-lieutenant-naviaz/description/005.jpeg
[490/541] scraping space-wolves-battle-pack-invictor-warsuit
  downloading 16 images...
    saved data/images/space-wolves-battle-pack-invictor-warsuit/001.jpg
    saved data/images/space-wolves-battle-pack-invictor-warsuit/002.jpg
    saved data/images/space-wolves-battle-pack-invictor-warsuit/003.jpg
    saved data/images/space-wolves-battle-pack-invictor-warsuit/description/001.jpg
    saved data/images/space-wolves-battle-pack-invictor-warsuit/description/002.jpg
    saved data/images/space-wolves-battle-pack-invictor-warsuit/description/003.jpg
    saved data/images/space-wolves-battle-pack-invictor-warsuit/description/004.jpg
    saved data/images/space-wolves-battle-pack-invictor-warsuit/description/005.jpg
    saved data/images/space-wolves-battle-pack-invictor-warsuit/description/006.jpg
    saved data/images/space-wolves-battle-pack-invictor-warsuit/description/007.jpg
    saved data/images/space-wolves-battle-pack-invictor-warsuit/description/008.jpg
    saved data/images/space-wolves-battle-pack-invictor-warsuit/description/009.jpg
    saved data/images/space-wolves-battle-pack-invictor-warsuit/description/010.jpg
    saved data/images/space-wolves-battle-pack-invictor-warsuit/description/011.jpg
    saved data/images/space-wolves-battle-pack-invictor-warsuit/description/012.jpg
    saved data/images/space-wolves-battle-pack-invictor-warsuit/description/013.jpg
[491/541] scraping space-wolves-claw-pack-brother-torrvald
  downloading 11 images...
    saved data/images/space-wolves-claw-pack-brother-torrvald/001.jpg
    saved data/images/space-wolves-claw-pack-brother-torrvald/002.jpg
    saved data/images/space-wolves-claw-pack-brother-torrvald/003.jpg
    saved data/images/space-wolves-claw-pack-brother-torrvald/004.jpg
    saved data/images/space-wolves-claw-pack-brother-torrvald/005.png
    saved data/images/space-wolves-claw-pack-brother-torrvald/description/001.jpg
    saved data/images/space-wolves-claw-pack-brother-torrvald/description/002.jpg
    saved data/images/space-wolves-claw-pack-brother-torrvald/description/003.jpg
    saved data/images/space-wolves-claw-pack-brother-torrvald/description/004.jpg
    saved data/images/space-wolves-claw-pack-brother-torrvald/description/005.jpg
    saved data/images/space-wolves-claw-pack-brother-torrvald/description/006.jpg
[492/541] scraping space-wolves-claw-pack-brother-olaf
  downloading 11 images...
    saved data/images/space-wolves-claw-pack-brother-olaf/001.jpg
    saved data/images/space-wolves-claw-pack-brother-olaf/002.jpg
    saved data/images/space-wolves-claw-pack-brother-olaf/003.jpg
    saved data/images/space-wolves-claw-pack-brother-olaf/004.jpg
    saved data/images/space-wolves-claw-pack-brother-olaf/005.png
    saved data/images/space-wolves-claw-pack-brother-olaf/description/001.jpg
    saved data/images/space-wolves-claw-pack-brother-olaf/description/002.jpg
    saved data/images/space-wolves-claw-pack-brother-olaf/description/003.jpg
    saved data/images/space-wolves-claw-pack-brother-olaf/description/004.jpg
    saved data/images/space-wolves-claw-pack-brother-olaf/description/005.jpg
    saved data/images/space-wolves-claw-pack-brother-olaf/description/006.jpg
[493/541] scraping space-wolves-claw-pack-brother-gunnar
  downloading 12 images...
    saved data/images/space-wolves-claw-pack-brother-gunnar/001.jpg
    saved data/images/space-wolves-claw-pack-brother-gunnar/002.jpg
    saved data/images/space-wolves-claw-pack-brother-gunnar/003.jpg
    saved data/images/space-wolves-claw-pack-brother-gunnar/004.jpg
    saved data/images/space-wolves-claw-pack-brother-gunnar/005.png
    saved data/images/space-wolves-claw-pack-brother-gunnar/description/001.jpg
    saved data/images/space-wolves-claw-pack-brother-gunnar/description/002.jpg
    saved data/images/space-wolves-claw-pack-brother-gunnar/description/003.jpg
    saved data/images/space-wolves-claw-pack-brother-gunnar/description/004.jpg
    saved data/images/space-wolves-claw-pack-brother-gunnar/description/005.jpg
    saved data/images/space-wolves-claw-pack-brother-gunnar/description/006.jpg
    saved data/images/space-wolves-claw-pack-brother-gunnar/description/007.jpg
[494/541] scraping space-wolves-claw-pack-pack-leader-logan-ghostwolf
  downloading 11 images...
    saved data/images/space-wolves-claw-pack-pack-leader-logan-ghostwolf/001.jpg
    saved data/images/space-wolves-claw-pack-pack-leader-logan-ghostwolf/002.jpg
    saved data/images/space-wolves-claw-pack-pack-leader-logan-ghostwolf/003.jpg
    saved data/images/space-wolves-claw-pack-pack-leader-logan-ghostwolf/004.jpg
    saved data/images/space-wolves-claw-pack-pack-leader-logan-ghostwolf/005.png
    saved data/images/space-wolves-claw-pack-pack-leader-logan-ghostwolf/description/001.jpg
    saved data/images/space-wolves-claw-pack-pack-leader-logan-ghostwolf/description/002.jpg
    saved data/images/space-wolves-claw-pack-pack-leader-logan-ghostwolf/description/003.jpg
    saved data/images/space-wolves-claw-pack-pack-leader-logan-ghostwolf/description/004.jpg
    saved data/images/space-wolves-claw-pack-pack-leader-logan-ghostwolf/description/005.jpg
    saved data/images/space-wolves-claw-pack-pack-leader-logan-ghostwolf/description/006.jpg
[495/541] scraping pmaris-space-marines-space-wolve-bladeguard-veteran
  downloading 12 images...
    saved data/images/pmaris-space-marines-space-wolve-bladeguard-veteran/001.jpg
    saved data/images/pmaris-space-marines-space-wolve-bladeguard-veteran/002.jpg
    saved data/images/pmaris-space-marines-space-wolve-bladeguard-veteran/003.jpg
    saved data/images/pmaris-space-marines-space-wolve-bladeguard-veteran/004.png
    saved data/images/pmaris-space-marines-space-wolve-bladeguard-veteran/description/001.jpg
    saved data/images/pmaris-space-marines-space-wolve-bladeguard-veteran/description/002.jpg
    saved data/images/pmaris-space-marines-space-wolve-bladeguard-veteran/description/003.jpg
    saved data/images/pmaris-space-marines-space-wolve-bladeguard-veteran/description/004.jpg
    saved data/images/pmaris-space-marines-space-wolve-bladeguard-veteran/description/005.jpg
    saved data/images/pmaris-space-marines-space-wolve-bladeguard-veteran/description/006.jpg
    saved data/images/pmaris-space-marines-space-wolve-bladeguard-veteran/description/007.jpg
    saved data/images/pmaris-space-marines-space-wolve-bladeguard-veteran/description/008.jpg
[496/541] scraping pmaris-space-marines-imperial-fists-bladeguard-veteran
  downloading 12 images...
    saved data/images/pmaris-space-marines-imperial-fists-bladeguard-veteran/001.jpg
    saved data/images/pmaris-space-marines-imperial-fists-bladeguard-veteran/002.jpg
    saved data/images/pmaris-space-marines-imperial-fists-bladeguard-veteran/003.jpg
    saved data/images/pmaris-space-marines-imperial-fists-bladeguard-veteran/004.jpg
    saved data/images/pmaris-space-marines-imperial-fists-bladeguard-veteran/005.png
    saved data/images/pmaris-space-marines-imperial-fists-bladeguard-veteran/description/001.jpeg
    saved data/images/pmaris-space-marines-imperial-fists-bladeguard-veteran/description/002.jpg
    saved data/images/pmaris-space-marines-imperial-fists-bladeguard-veteran/description/003.jpg
    saved data/images/pmaris-space-marines-imperial-fists-bladeguard-veteran/description/004.jpg
    saved data/images/pmaris-space-marines-imperial-fists-bladeguard-veteran/description/005.jpg
    saved data/images/pmaris-space-marines-imperial-fists-bladeguard-veteran/description/006.jpg
    saved data/images/pmaris-space-marines-imperial-fists-bladeguard-veteran/description/007.jpg
[497/541] scraping ork-kommandos-comms-boy-wagzuk-1
  downloading 11 images...
    saved data/images/ork-kommandos-comms-boy-wagzuk-1/001.png
    saved data/images/ork-kommandos-comms-boy-wagzuk-1/002.jpg
    saved data/images/ork-kommandos-comms-boy-wagzuk-1/003.jpg
    saved data/images/ork-kommandos-comms-boy-wagzuk-1/004.jpg
    saved data/images/ork-kommandos-comms-boy-wagzuk-1/005.png
    saved data/images/ork-kommandos-comms-boy-wagzuk-1/description/001.jpg
    saved data/images/ork-kommandos-comms-boy-wagzuk-1/description/002.jpg
    saved data/images/ork-kommandos-comms-boy-wagzuk-1/description/003.jpg
    saved data/images/ork-kommandos-comms-boy-wagzuk-1/description/004.jpg
    saved data/images/ork-kommandos-comms-boy-wagzuk-1/description/005.jpg
    saved data/images/ork-kommandos-comms-boy-wagzuk-1/description/006.jpg
[498/541] scraping ork-kommandos-comms-boy-wagzuk
  downloading 10 images...
    saved data/images/ork-kommandos-comms-boy-wagzuk/001.png
    saved data/images/ork-kommandos-comms-boy-wagzuk/002.jpg
    saved data/images/ork-kommandos-comms-boy-wagzuk/003.jpg
    saved data/images/ork-kommandos-comms-boy-wagzuk/004.jpg
    saved data/images/ork-kommandos-comms-boy-wagzuk/005.png
    saved data/images/ork-kommandos-comms-boy-wagzuk/description/001.jpg
    saved data/images/ork-kommandos-comms-boy-wagzuk/description/002.jpg
    saved data/images/ork-kommandos-comms-boy-wagzuk/description/003.jpg
    saved data/images/ork-kommandos-comms-boy-wagzuk/description/004.jpg
    saved data/images/ork-kommandos-comms-boy-wagzuk/description/005.jpg
[499/541] scraping ork-kommandos-dakka-boy-rotbilge
  downloading 10 images...
    saved data/images/ork-kommandos-dakka-boy-rotbilge/001.png
    saved data/images/ork-kommandos-dakka-boy-rotbilge/002.jpg
    saved data/images/ork-kommandos-dakka-boy-rotbilge/003.jpg
    saved data/images/ork-kommandos-dakka-boy-rotbilge/004.jpg
    saved data/images/ork-kommandos-dakka-boy-rotbilge/005.png
    saved data/images/ork-kommandos-dakka-boy-rotbilge/description/001.jpg
    saved data/images/ork-kommandos-dakka-boy-rotbilge/description/002.jpg
    saved data/images/ork-kommandos-dakka-boy-rotbilge/description/003.jpg
    saved data/images/ork-kommandos-dakka-boy-rotbilge/description/004.jpg
    saved data/images/ork-kommandos-dakka-boy-rotbilge/description/005.jpg
[500/541] scraping ork-kommandos-dakka-boy-snarit
  downloading 10 images...
    saved data/images/ork-kommandos-dakka-boy-snarit/001.png
    saved data/images/ork-kommandos-dakka-boy-snarit/002.jpg
    saved data/images/ork-kommandos-dakka-boy-snarit/003.jpg
    saved data/images/ork-kommandos-dakka-boy-snarit/004.jpg
    saved data/images/ork-kommandos-dakka-boy-snarit/005.png
    saved data/images/ork-kommandos-dakka-boy-snarit/description/001.jpg
    saved data/images/ork-kommandos-dakka-boy-snarit/description/002.jpg
    saved data/images/ork-kommandos-dakka-boy-snarit/description/003.jpg
    saved data/images/ork-kommandos-dakka-boy-snarit/description/004.jpg
    saved data/images/ork-kommandos-dakka-boy-snarit/description/005.jpg
[501/541] scraping ork-kommandos-burna-boy-ragrob
  downloading 10 images...
    saved data/images/ork-kommandos-burna-boy-ragrob/001.png
    saved data/images/ork-kommandos-burna-boy-ragrob/002.jpg
    saved data/images/ork-kommandos-burna-boy-ragrob/003.jpg
    saved data/images/ork-kommandos-burna-boy-ragrob/004.jpg
    saved data/images/ork-kommandos-burna-boy-ragrob/005.png
    saved data/images/ork-kommandos-burna-boy-ragrob/description/001.jpg
    saved data/images/ork-kommandos-burna-boy-ragrob/description/002.jpg
    saved data/images/ork-kommandos-burna-boy-ragrob/description/003.jpg
    saved data/images/ork-kommandos-burna-boy-ragrob/description/004.jpg
    saved data/images/ork-kommandos-burna-boy-ragrob/description/005.jpg
[502/541] scraping ork-kommandos-nob-nazbog
  downloading 10 images...
    saved data/images/ork-kommandos-nob-nazbog/001.png
    saved data/images/ork-kommandos-nob-nazbog/002.jpg
    saved data/images/ork-kommandos-nob-nazbog/003.jpg
    saved data/images/ork-kommandos-nob-nazbog/004.jpg
    saved data/images/ork-kommandos-nob-nazbog/005.png
    saved data/images/ork-kommandos-nob-nazbog/description/001.jpg
    saved data/images/ork-kommandos-nob-nazbog/description/002.jpg
    saved data/images/ork-kommandos-nob-nazbog/description/003.jpg
    saved data/images/ork-kommandos-nob-nazbog/description/004.jpg
    saved data/images/ork-kommandos-nob-nazbog/description/005.jpg
[503/541] scraping black-templars-outriders
  downloading 19 images...
    saved data/images/black-templars-outriders/001.png
    saved data/images/black-templars-outriders/002.jpg
    saved data/images/black-templars-outriders/003.jpg
    saved data/images/black-templars-outriders/004.jpg
    saved data/images/black-templars-outriders/005.jpg
    saved data/images/black-templars-outriders/006.png
    saved data/images/black-templars-outriders/description/001.jpg
    saved data/images/black-templars-outriders/description/002.jpg
    saved data/images/black-templars-outriders/description/003.jpg
    saved data/images/black-templars-outriders/description/004.jpg
    saved data/images/black-templars-outriders/description/005.jpg
    saved data/images/black-templars-outriders/description/006.jpg
    saved data/images/black-templars-outriders/description/007.jpg
    saved data/images/black-templars-outriders/description/008.jpg
    saved data/images/black-templars-outriders/description/010.jpg
    saved data/images/black-templars-outriders/description/011.jpg
    saved data/images/black-templars-outriders/description/012.jpg
    saved data/images/black-templars-outriders/description/013.jpg
[504/541] scraping black-templars-outriders-brother-valtus
  downloading 16 images...
    saved data/images/black-templars-outriders-brother-valtus/001.jpg
    saved data/images/black-templars-outriders-brother-valtus/002.jpg
    saved data/images/black-templars-outriders-brother-valtus/003.jpg
    saved data/images/black-templars-outriders-brother-valtus/004.jpg
    saved data/images/black-templars-outriders-brother-valtus/005.jpg
    saved data/images/black-templars-outriders-brother-valtus/006.jpg
    saved data/images/black-templars-outriders-brother-valtus/007.png
    saved data/images/black-templars-outriders-brother-valtus/description/001.jpg
    saved data/images/black-templars-outriders-brother-valtus/description/002.jpg
    saved data/images/black-templars-outriders-brother-valtus/description/003.jpg
    saved data/images/black-templars-outriders-brother-valtus/description/004.jpg
    saved data/images/black-templars-outriders-brother-valtus/description/005.jpg
    saved data/images/black-templars-outriders-brother-valtus/description/006.jpg
    saved data/images/black-templars-outriders-brother-valtus/description/007.jpg
    saved data/images/black-templars-outriders-brother-valtus/description/008.jpg
    saved data/images/black-templars-outriders-brother-valtus/description/009.jpg
[505/541] scraping ultramarines-outriders
  downloading 21 images...
    saved data/images/ultramarines-outriders/001.png
    saved data/images/ultramarines-outriders/002.jpg
    saved data/images/ultramarines-outriders/003.jpg
    saved data/images/ultramarines-outriders/004.jpg
    saved data/images/ultramarines-outriders/005.jpg
    saved data/images/ultramarines-outriders/description/001.jpg
    saved data/images/ultramarines-outriders/description/002.jpg
    saved data/images/ultramarines-outriders/description/003.jpg
    saved data/images/ultramarines-outriders/description/004.jpg
    saved data/images/ultramarines-outriders/description/005.jpg
    saved data/images/ultramarines-outriders/description/006.jpg
    saved data/images/ultramarines-outriders/description/007.jpg
    saved data/images/ultramarines-outriders/description/008.jpg
    saved data/images/ultramarines-outriders/description/009.jpg
    saved data/images/ultramarines-outriders/description/010.jpg
    saved data/images/ultramarines-outriders/description/011.jpg
    saved data/images/ultramarines-outriders/description/012.jpg
    saved data/images/ultramarines-outriders/description/013.jpg
    saved data/images/ultramarines-outriders/description/014.jpg
    saved data/images/ultramarines-outriders/description/015.jpg
    saved data/images/ultramarines-outriders/description/016.jpg
[506/541] scraping ultramarines-outriders-brother-catonus
  downloading 16 images...
    saved data/images/ultramarines-outriders-brother-catonus/001.jpg
    saved data/images/ultramarines-outriders-brother-catonus/002.jpg
    saved data/images/ultramarines-outriders-brother-catonus/003.jpg
    saved data/images/ultramarines-outriders-brother-catonus/004.jpg
    saved data/images/ultramarines-outriders-brother-catonus/005.jpg
    saved data/images/ultramarines-outriders-brother-catonus/006.jpg
    saved data/images/ultramarines-outriders-brother-catonus/007.png
    saved data/images/ultramarines-outriders-brother-catonus/description/001.jpg
    saved data/images/ultramarines-outriders-brother-catonus/description/002.jpg
    saved data/images/ultramarines-outriders-brother-catonus/description/003.jpg
    saved data/images/ultramarines-outriders-brother-catonus/description/004.jpg
    saved data/images/ultramarines-outriders-brother-catonus/description/005.jpg
    saved data/images/ultramarines-outriders-brother-catonus/description/006.jpg
    saved data/images/ultramarines-outriders-brother-catonus/description/007.jpg
    saved data/images/ultramarines-outriders-brother-catonus/description/008.jpg
    saved data/images/ultramarines-outriders-brother-catonus/description/009.jpg
[507/541] scraping space-wolves-bjorn-the-fell-handed
  downloading 20 images...
    saved data/images/space-wolves-bjorn-the-fell-handed/001.jpg
    saved data/images/space-wolves-bjorn-the-fell-handed/002.jpg
    saved data/images/space-wolves-bjorn-the-fell-handed/003.jpg
    saved data/images/space-wolves-bjorn-the-fell-handed/004.jpg
    saved data/images/space-wolves-bjorn-the-fell-handed/005.jpg
    saved data/images/space-wolves-bjorn-the-fell-handed/006.jpg
    saved data/images/space-wolves-bjorn-the-fell-handed/007.png
    saved data/images/space-wolves-bjorn-the-fell-handed/description/001.jpg
    saved data/images/space-wolves-bjorn-the-fell-handed/description/002.jpg
    saved data/images/space-wolves-bjorn-the-fell-handed/description/003.jpg
    saved data/images/space-wolves-bjorn-the-fell-handed/description/004.jpg
    saved data/images/space-wolves-bjorn-the-fell-handed/description/005.jpg
    saved data/images/space-wolves-bjorn-the-fell-handed/description/006.jpg
    saved data/images/space-wolves-bjorn-the-fell-handed/description/007.jpg
    saved data/images/space-wolves-bjorn-the-fell-handed/description/008.jpg
    saved data/images/space-wolves-bjorn-the-fell-handed/description/009.jpg
    saved data/images/space-wolves-bjorn-the-fell-handed/description/010.jpg
    saved data/images/space-wolves-bjorn-the-fell-handed/description/011.jpg
    saved data/images/space-wolves-bjorn-the-fell-handed/description/012.jpg
    saved data/images/space-wolves-bjorn-the-fell-handed/description/013.jpg
[508/541] scraping space-marines-space-wolves-venerable-dreadnought-brother-hvor
  downloading 13 images...
    saved data/images/space-marines-space-wolves-venerable-dreadnought-brother-hvor/001.jpg
    saved data/images/space-marines-space-wolves-venerable-dreadnought-brother-hvor/002.jpg
    saved data/images/space-marines-space-wolves-venerable-dreadnought-brother-hvor/003.jpg
    saved data/images/space-marines-space-wolves-venerable-dreadnought-brother-hvor/004.jpg
    saved data/images/space-marines-space-wolves-venerable-dreadnought-brother-hvor/005.png
    saved data/images/space-marines-space-wolves-venerable-dreadnought-brother-hvor/description/001.jpg
    saved data/images/space-marines-space-wolves-venerable-dreadnought-brother-hvor/description/002.jpg
    saved data/images/space-marines-space-wolves-venerable-dreadnought-brother-hvor/description/003.jpg
    saved data/images/space-marines-space-wolves-venerable-dreadnought-brother-hvor/description/004.jpg
    saved data/images/space-marines-space-wolves-venerable-dreadnought-brother-hvor/description/005.jpg
    saved data/images/space-marines-space-wolves-venerable-dreadnought-brother-hvor/description/006.jpg
    saved data/images/space-marines-space-wolves-venerable-dreadnought-brother-hvor/description/007.jpg
    saved data/images/space-marines-space-wolves-venerable-dreadnought-brother-hvor/description/008.jpg
[509/541] scraping blood-angels-aggressor-brother-marine-04
  downloading 9 images...
    saved data/images/blood-angels-aggressor-brother-marine-04/001.jpg
    saved data/images/blood-angels-aggressor-brother-marine-04/002.jpg
    saved data/images/blood-angels-aggressor-brother-marine-04/003.jpg
    saved data/images/blood-angels-aggressor-brother-marine-04/004.jpg
    saved data/images/blood-angels-aggressor-brother-marine-04/description/001.jpg
    saved data/images/blood-angels-aggressor-brother-marine-04/description/002.jpg
    saved data/images/blood-angels-aggressor-brother-marine-04/description/003.jpg
    saved data/images/blood-angels-aggressor-brother-marine-04/description/004.jpg
    saved data/images/blood-angels-aggressor-brother-marine-04/description/005.jpg
[510/541] scraping blood-angels-intercessors-brother-marine-03
  downloading 10 images...
    saved data/images/blood-angels-intercessors-brother-marine-03/001.jpg
    saved data/images/blood-angels-intercessors-brother-marine-03/002.jpg
    saved data/images/blood-angels-intercessors-brother-marine-03/003.jpg
    saved data/images/blood-angels-intercessors-brother-marine-03/004.jpg
    saved data/images/blood-angels-intercessors-brother-marine-03/005.png
    saved data/images/blood-angels-intercessors-brother-marine-03/description/001.jpg
    saved data/images/blood-angels-intercessors-brother-marine-03/description/002.jpg
    saved data/images/blood-angels-intercessors-brother-marine-03/description/003.jpg
    saved data/images/blood-angels-intercessors-brother-marine-03/description/004.jpg
    saved data/images/blood-angels-intercessors-brother-marine-03/description/005.jpg
[511/541] scraping blood-angels-intercessors-brother-marine-02
  downloading 10 images...
    saved data/images/blood-angels-intercessors-brother-marine-02/001.jpg
    saved data/images/blood-angels-intercessors-brother-marine-02/002.jpg
    saved data/images/blood-angels-intercessors-brother-marine-02/003.jpg
    saved data/images/blood-angels-intercessors-brother-marine-02/004.jpg
    saved data/images/blood-angels-intercessors-brother-marine-02/005.png
    saved data/images/blood-angels-intercessors-brother-marine-02/description/001.jpg
    saved data/images/blood-angels-intercessors-brother-marine-02/description/002.jpg
    saved data/images/blood-angels-intercessors-brother-marine-02/description/003.jpg
    saved data/images/blood-angels-intercessors-brother-marine-02/description/004.jpg
    saved data/images/blood-angels-intercessors-brother-marine-02/description/005.jpg
[512/541] scraping black-legion-helbrute
  downloading 11 images...
    saved data/images/black-legion-helbrute/002.jpg
    saved data/images/black-legion-helbrute/003.jpg
    saved data/images/black-legion-helbrute/004.jpg
    saved data/images/black-legion-helbrute/005.png
    saved data/images/black-legion-helbrute/description/001.jpg
    saved data/images/black-legion-helbrute/description/002.jpg
    saved data/images/black-legion-helbrute/description/003.jpg
    saved data/images/black-legion-helbrute/description/004.jpg
    saved data/images/black-legion-helbrute/description/005.jpg
    saved data/images/black-legion-helbrute/description/006.jpg
[513/541] scraping black-legion-havocs-marine-05
  downloading 9 images...
    saved data/images/black-legion-havocs-marine-05/001.jpg
    saved data/images/black-legion-havocs-marine-05/002.jpg
    saved data/images/black-legion-havocs-marine-05/003.jpg
    saved data/images/black-legion-havocs-marine-05/004.png
    saved data/images/black-legion-havocs-marine-05/description/001.jpg
    saved data/images/black-legion-havocs-marine-05/description/002.jpg
    saved data/images/black-legion-havocs-marine-05/description/003.jpg
    saved data/images/black-legion-havocs-marine-05/description/004.jpg
    saved data/images/black-legion-havocs-marine-05/description/005.jpg
[514/541] scraping black-legion-havocs-marine-04
  downloading 9 images...
    saved data/images/black-legion-havocs-marine-04/001.jpg
    saved data/images/black-legion-havocs-marine-04/002.jpg
    saved data/images/black-legion-havocs-marine-04/003.jpg
    saved data/images/black-legion-havocs-marine-04/004.png
    saved data/images/black-legion-havocs-marine-04/description/001.jpg
    saved data/images/black-legion-havocs-marine-04/description/002.jpg
    saved data/images/black-legion-havocs-marine-04/description/003.jpg
    saved data/images/black-legion-havocs-marine-04/description/004.jpg
    saved data/images/black-legion-havocs-marine-04/description/005.jpg
[515/541] scraping black-legion-havocs-marine-03
  downloading 9 images...
    saved data/images/black-legion-havocs-marine-03/001.jpg
    saved data/images/black-legion-havocs-marine-03/002.jpg
    saved data/images/black-legion-havocs-marine-03/003.jpg
    saved data/images/black-legion-havocs-marine-03/004.png
    saved data/images/black-legion-havocs-marine-03/description/001.jpg
    saved data/images/black-legion-havocs-marine-03/description/002.jpg
    saved data/images/black-legion-havocs-marine-03/description/003.jpg
    saved data/images/black-legion-havocs-marine-03/description/004.jpg
    saved data/images/black-legion-havocs-marine-03/description/005.jpg
[516/541] scraping black-legion-havocs-marine-02
  downloading 9 images...
    saved data/images/black-legion-havocs-marine-02/001.jpg
    saved data/images/black-legion-havocs-marine-02/002.jpg
    saved data/images/black-legion-havocs-marine-02/003.jpg
    saved data/images/black-legion-havocs-marine-02/004.png
    saved data/images/black-legion-havocs-marine-02/description/001.jpg
    saved data/images/black-legion-havocs-marine-02/description/002.jpg
    saved data/images/black-legion-havocs-marine-02/description/003.jpg
    saved data/images/black-legion-havocs-marine-02/description/004.jpg
    saved data/images/black-legion-havocs-marine-02/description/005.jpg
[517/541] scraping black-legion-havocs-champion-brother-slael
  downloading 9 images...
    saved data/images/black-legion-havocs-champion-brother-slael/001.jpg
    saved data/images/black-legion-havocs-champion-brother-slael/002.jpg
    saved data/images/black-legion-havocs-champion-brother-slael/003.jpg
    saved data/images/black-legion-havocs-champion-brother-slael/004.png
    saved data/images/black-legion-havocs-champion-brother-slael/description/001.jpg
    saved data/images/black-legion-havocs-champion-brother-slael/description/002.jpg
    saved data/images/black-legion-havocs-champion-brother-slael/description/003.jpg
    saved data/images/black-legion-havocs-champion-brother-slael/description/004.jpg
    saved data/images/black-legion-havocs-champion-brother-slael/description/005.jpg
[518/541] scraping chaos-space-marine-e
  downloading 9 images...
    saved data/images/chaos-space-marine-e/001.png
    saved data/images/chaos-space-marine-e/002.jpg
    saved data/images/chaos-space-marine-e/003.jpg
    saved data/images/chaos-space-marine-e/004.jpg
    saved data/images/chaos-space-marine-e/005.png
    saved data/images/chaos-space-marine-e/description/001.jpeg
    saved data/images/chaos-space-marine-e/description/002.jpeg
    saved data/images/chaos-space-marine-e/description/003.jpeg
    saved data/images/chaos-space-marine-e/description/004.jpeg
[519/541] scraping chaos-space-marine-d
  downloading 7 images...
    saved data/images/chaos-space-marine-d/001.png
    saved data/images/chaos-space-marine-d/002.jpg
    saved data/images/chaos-space-marine-d/003.jpg
    saved data/images/chaos-space-marine-d/description/001.jpeg
    saved data/images/chaos-space-marine-d/description/002.jpeg
    saved data/images/chaos-space-marine-d/description/003.jpeg
    saved data/images/chaos-space-marine-d/description/004.jpeg
[520/541] scraping chaos-space-marine-c
  downloading 8 images...
    saved data/images/chaos-space-marine-c/001.png
    saved data/images/chaos-space-marine-c/002.jpg
    saved data/images/chaos-space-marine-c/003.jpg
    saved data/images/chaos-space-marine-c/004.jpg
    saved data/images/chaos-space-marine-c/description/001.jpeg
    saved data/images/chaos-space-marine-c/description/002.jpeg
    saved data/images/chaos-space-marine-c/description/003.jpeg
    saved data/images/chaos-space-marine-c/description/004.jpeg
[521/541] scraping ultramarines-primaris-inceptors
  downloading 18 images...
    saved data/images/ultramarines-primaris-inceptors/001.png
    saved data/images/ultramarines-primaris-inceptors/002.jpg
    saved data/images/ultramarines-primaris-inceptors/003.jpg
    saved data/images/ultramarines-primaris-inceptors/004.png
    saved data/images/ultramarines-primaris-inceptors/description/001.jpeg
    saved data/images/ultramarines-primaris-inceptors/description/002.jpeg
    saved data/images/ultramarines-primaris-inceptors/description/003.jpeg
    saved data/images/ultramarines-primaris-inceptors/description/004.jpeg
    saved data/images/ultramarines-primaris-inceptors/description/005.jpeg
    saved data/images/ultramarines-primaris-inceptors/description/006.jpeg
    saved data/images/ultramarines-primaris-inceptors/description/007.jpeg
    saved data/images/ultramarines-primaris-inceptors/description/008.jpeg
    saved data/images/ultramarines-primaris-inceptors/description/009.jpeg
    saved data/images/ultramarines-primaris-inceptors/description/010.jpeg
    saved data/images/ultramarines-primaris-inceptors/description/011.jpeg
    saved data/images/ultramarines-primaris-inceptors/description/012.jpeg
    saved data/images/ultramarines-primaris-inceptors/description/013.jpeg
    saved data/images/ultramarines-primaris-inceptors/description/014.jpeg
[522/541] scraping ultramarines-aggressors
  downloading 17 images...
    saved data/images/ultramarines-aggressors/001.jpg
    saved data/images/ultramarines-aggressors/002.jpg
    saved data/images/ultramarines-aggressors/003.jpg
    saved data/images/ultramarines-aggressors/004.png
    saved data/images/ultramarines-aggressors/description/001.jpeg
    saved data/images/ultramarines-aggressors/description/002.jpeg
    saved data/images/ultramarines-aggressors/description/003.jpeg
    saved data/images/ultramarines-aggressors/description/004.jpeg
    saved data/images/ultramarines-aggressors/description/005.jpeg
    saved data/images/ultramarines-aggressors/description/006.jpeg
    saved data/images/ultramarines-aggressors/description/007.jpeg
    saved data/images/ultramarines-aggressors/description/008.jpeg
    saved data/images/ultramarines-aggressors/description/009.jpeg
    saved data/images/ultramarines-aggressors/description/010.jpeg
    saved data/images/ultramarines-aggressors/description/011.jpeg
    saved data/images/ultramarines-aggressors/description/012.jpeg
    saved data/images/ultramarines-aggressors/description/013.jpeg
[523/541] scraping black-legion-chaos-lord-khalos-the-ravager
  downloading 9 images...
    saved data/images/black-legion-chaos-lord-khalos-the-ravager/001.jpg
    saved data/images/black-legion-chaos-lord-khalos-the-ravager/002.jpg
    saved data/images/black-legion-chaos-lord-khalos-the-ravager/description/001.jpeg
    saved data/images/black-legion-chaos-lord-khalos-the-ravager/description/002.jpeg
    saved data/images/black-legion-chaos-lord-khalos-the-ravager/description/003.jpeg
    saved data/images/black-legion-chaos-lord-khalos-the-ravager/description/004.jpeg
    saved data/images/black-legion-chaos-lord-khalos-the-ravager/description/005.jpeg
    saved data/images/black-legion-chaos-lord-khalos-the-ravager/description/006.jpeg
    saved data/images/black-legion-chaos-lord-khalos-the-ravager/description/007.jpeg
[524/541] scraping chaos-terminator-brother-gornoth
  downloading 8 images...
    saved data/images/chaos-terminator-brother-gornoth/001.jpg
    saved data/images/chaos-terminator-brother-gornoth/002.jpg
    saved data/images/chaos-terminator-brother-gornoth/description/001.jpeg
    saved data/images/chaos-terminator-brother-gornoth/description/002.jpeg
    saved data/images/chaos-terminator-brother-gornoth/description/003.jpeg
    saved data/images/chaos-terminator-brother-gornoth/description/004.jpeg
    saved data/images/chaos-terminator-brother-gornoth/description/005.jpeg
    saved data/images/chaos-terminator-brother-gornoth/description/006.jpeg
[525/541] scraping chaos-terminator-brother-bathalorr
  downloading 8 images...
    saved data/images/chaos-terminator-brother-bathalorr/001.jpg
    saved data/images/chaos-terminator-brother-bathalorr/002.jpg
    saved data/images/chaos-terminator-brother-bathalorr/description/001.jpeg
    saved data/images/chaos-terminator-brother-bathalorr/description/002.jpeg
    saved data/images/chaos-terminator-brother-bathalorr/description/003.jpeg
    saved data/images/chaos-terminator-brother-bathalorr/description/004.jpeg
    saved data/images/chaos-terminator-brother-bathalorr/description/005.jpeg
    saved data/images/chaos-terminator-brother-bathalorr/description/006.jpeg
[526/541] scraping chaos-terminator-brother-gnarl
  downloading 10 images...
    saved data/images/chaos-terminator-brother-gnarl/001.jpg
    saved data/images/chaos-terminator-brother-gnarl/002.jpg
    saved data/images/chaos-terminator-brother-gnarl/description/001.jpeg
    saved data/images/chaos-terminator-brother-gnarl/description/002.jpeg
    saved data/images/chaos-terminator-brother-gnarl/description/003.jpeg
    saved data/images/chaos-terminator-brother-gnarl/description/004.jpeg
    saved data/images/chaos-terminator-brother-gnarl/description/005.jpeg
    saved data/images/chaos-terminator-brother-gnarl/description/006.jpeg
    saved data/images/chaos-terminator-brother-gnarl/description/007.jpeg
    saved data/images/chaos-terminator-brother-gnarl/description/008.jpeg
[527/541] scraping black-legion-brother-narghast
  downloading 6 images...
    saved data/images/black-legion-brother-narghast/001.jpg
    saved data/images/black-legion-brother-narghast/002.jpg
    saved data/images/black-legion-brother-narghast/description/001.jpeg
    saved data/images/black-legion-brother-narghast/description/002.jpeg
    saved data/images/black-legion-brother-narghast/description/003.jpeg
    saved data/images/black-legion-brother-narghast/description/004.jpeg
[528/541] scraping black-legion-brother-talas
  downloading 7 images...
    saved data/images/black-legion-brother-talas/001.jpg
    saved data/images/black-legion-brother-talas/002.jpg
    saved data/images/black-legion-brother-talas/003.png
    saved data/images/black-legion-brother-talas/description/001.jpeg
    saved data/images/black-legion-brother-talas/description/002.jpeg
    saved data/images/black-legion-brother-talas/description/003.jpeg
    saved data/images/black-legion-brother-talas/description/004.jpeg
[529/541] scraping space-wolves-battle-hunter-pack
  downloading 16 images...
    saved data/images/space-wolves-battle-hunter-pack/002.jpg
    saved data/images/space-wolves-battle-hunter-pack/003.jpg
    saved data/images/space-wolves-battle-hunter-pack/004.jpg
    saved data/images/space-wolves-battle-hunter-pack/description/001.jpg
    saved data/images/space-wolves-battle-hunter-pack/description/002.jpg
    saved data/images/space-wolves-battle-hunter-pack/description/003.jpg
    saved data/images/space-wolves-battle-hunter-pack/description/004.jpg
    saved data/images/space-wolves-battle-hunter-pack/description/005.jpg
    saved data/images/space-wolves-battle-hunter-pack/description/006.jpg
    saved data/images/space-wolves-battle-hunter-pack/description/007.jpg
    saved data/images/space-wolves-battle-hunter-pack/description/008.jpg
    saved data/images/space-wolves-battle-hunter-pack/description/009.jpg
    saved data/images/space-wolves-battle-hunter-pack/description/010.jpg
    saved data/images/space-wolves-battle-hunter-pack/description/011.jpg
    saved data/images/space-wolves-battle-hunter-pack/description/012.jpg
[530/541] scraping invictor-tactical-warsuit
  downloading 8 images...
    saved data/images/invictor-tactical-warsuit/001.jpg
    saved data/images/invictor-tactical-warsuit/002.jpg
    saved data/images/invictor-tactical-warsuit/description/001.jpg
    saved data/images/invictor-tactical-warsuit/description/002.jpg
    saved data/images/invictor-tactical-warsuit/description/004.jpg
    saved data/images/invictor-tactical-warsuit/description/005.jpg
    saved data/images/invictor-tactical-warsuit/description/006.jpg
[531/541] scraping ultramarines-infiltrators
  downloading 11 images...
    saved data/images/ultramarines-infiltrators/004.jpg
    saved data/images/ultramarines-infiltrators/006.jpg
    saved data/images/ultramarines-infiltrators/description/001.jpg
    saved data/images/ultramarines-infiltrators/description/002.jpg
    saved data/images/ultramarines-infiltrators/description/003.jpg
    saved data/images/ultramarines-infiltrators/description/004.jpg
    saved data/images/ultramarines-infiltrators/description/005.jpg
[532/541] scraping ultramarines-incursors
  downloading 11 images...
    saved data/images/ultramarines-incursors/002.jpg
    saved data/images/ultramarines-incursors/003.jpg
    saved data/images/ultramarines-incursors/004.jpg
    saved data/images/ultramarines-incursors/005.jpg
    saved data/images/ultramarines-incursors/006.jpg
    saved data/images/ultramarines-incursors/description/001.jpg
    saved data/images/ultramarines-incursors/description/002.jpg
    saved data/images/ultramarines-incursors/description/003.jpg
    saved data/images/ultramarines-incursors/description/004.jpg
    saved data/images/ultramarines-incursors/description/005.jpg
[533/541] scraping night-lords-mk-iii-tactical-legionary-with-bolter-and-bolt-pistol
  downloading 17 images...
    saved data/images/night-lords-mk-iii-tactical-legionary-with-bolter-and-bolt-pistol/003.jpg
    saved data/images/night-lords-mk-iii-tactical-legionary-with-bolter-and-bolt-pistol/004.jpg
    saved data/images/night-lords-mk-iii-tactical-legionary-with-bolter-and-bolt-pistol/005.jpg
    saved data/images/night-lords-mk-iii-tactical-legionary-with-bolter-and-bolt-pistol/006.jpg
    saved data/images/night-lords-mk-iii-tactical-legionary-with-bolter-and-bolt-pistol/description/001.jpg
    saved data/images/night-lords-mk-iii-tactical-legionary-with-bolter-and-bolt-pistol/description/002.jpg
    saved data/images/night-lords-mk-iii-tactical-legionary-with-bolter-and-bolt-pistol/description/003.jpg
    saved data/images/night-lords-mk-iii-tactical-legionary-with-bolter-and-bolt-pistol/description/004.jpg
    saved data/images/night-lords-mk-iii-tactical-legionary-with-bolter-and-bolt-pistol/description/005.jpg
    saved data/images/night-lords-mk-iii-tactical-legionary-with-bolter-and-bolt-pistol/description/006.jpg
    saved data/images/night-lords-mk-iii-tactical-legionary-with-bolter-and-bolt-pistol/description/007.jpg
    saved data/images/night-lords-mk-iii-tactical-legionary-with-bolter-and-bolt-pistol/description/008.jpg
    saved data/images/night-lords-mk-iii-tactical-legionary-with-bolter-and-bolt-pistol/description/009.jpg
    saved data/images/night-lords-mk-iii-tactical-legionary-with-bolter-and-bolt-pistol/description/010.jpg
    saved data/images/night-lords-mk-iii-tactical-legionary-with-bolter-and-bolt-pistol/description/011.jpg
[534/541] scraping night-lords-mkvi-tactical-legionary
  downloading 18 images...
    saved data/images/night-lords-mkvi-tactical-legionary/001.jpg
    saved data/images/night-lords-mkvi-tactical-legionary/002.jpg
    saved data/images/night-lords-mkvi-tactical-legionary/003.jpg
    saved data/images/night-lords-mkvi-tactical-legionary/004.jpg
    saved data/images/night-lords-mkvi-tactical-legionary/005.jpg
    saved data/images/night-lords-mkvi-tactical-legionary/006.jpg
    saved data/images/night-lords-mkvi-tactical-legionary/description/001.jpg
    saved data/images/night-lords-mkvi-tactical-legionary/description/002.jpg
    saved data/images/night-lords-mkvi-tactical-legionary/description/003.jpg
    saved data/images/night-lords-mkvi-tactical-legionary/description/004.jpg
    saved data/images/night-lords-mkvi-tactical-legionary/description/005.jpg
    saved data/images/night-lords-mkvi-tactical-legionary/description/007.jpg
    saved data/images/night-lords-mkvi-tactical-legionary/description/008.jpg
    saved data/images/night-lords-mkvi-tactical-legionary/description/009.jpg
    saved data/images/night-lords-mkvi-tactical-legionary/description/010.jpg
    saved data/images/night-lords-mkvi-tactical-legionary/description/011.jpg
    saved data/images/night-lords-mkvi-tactical-legionary/description/012.jpg
[535/541] scraping night-lords-contekar-terminator-2
  downloading 17 images...
    saved data/images/night-lords-contekar-terminator-2/001.jpg
    saved data/images/night-lords-contekar-terminator-2/002.jpg
    saved data/images/night-lords-contekar-terminator-2/003.jpg
    saved data/images/night-lords-contekar-terminator-2/004.jpg
    saved data/images/night-lords-contekar-terminator-2/005.jpg
    saved data/images/night-lords-contekar-terminator-2/006.jpg
    saved data/images/night-lords-contekar-terminator-2/description/001.jpg
    saved data/images/night-lords-contekar-terminator-2/description/002.jpg
    saved data/images/night-lords-contekar-terminator-2/description/003.jpg
    saved data/images/night-lords-contekar-terminator-2/description/004.jpg
    saved data/images/night-lords-contekar-terminator-2/description/005.jpg
    saved data/images/night-lords-contekar-terminator-2/description/006.jpg
    saved data/images/night-lords-contekar-terminator-2/description/007.jpg
    saved data/images/night-lords-contekar-terminator-2/description/008.jpg
    saved data/images/night-lords-contekar-terminator-2/description/009.jpg
    saved data/images/night-lords-contekar-terminator-2/description/010.jpg
    saved data/images/night-lords-contekar-terminator-2/description/011.jpg
[536/541] scraping night-lords-contekar-terminator-1
  downloading 18 images...
    saved data/images/night-lords-contekar-terminator-1/001.jpg
    saved data/images/night-lords-contekar-terminator-1/002.jpg
    saved data/images/night-lords-contekar-terminator-1/003.jpg
    saved data/images/night-lords-contekar-terminator-1/004.jpg
    saved data/images/night-lords-contekar-terminator-1/005.jpg
    saved data/images/night-lords-contekar-terminator-1/006.jpg
    saved data/images/night-lords-contekar-terminator-1/description/001.jpg
    saved data/images/night-lords-contekar-terminator-1/description/002.jpg
    saved data/images/night-lords-contekar-terminator-1/description/003.jpg
    saved data/images/night-lords-contekar-terminator-1/description/004.jpg
    saved data/images/night-lords-contekar-terminator-1/description/005.jpg
    saved data/images/night-lords-contekar-terminator-1/description/006.jpg
    saved data/images/night-lords-contekar-terminator-1/description/007.jpg
    saved data/images/night-lords-contekar-terminator-1/description/008.jpg
    saved data/images/night-lords-contekar-terminator-1/description/009.jpg
    saved data/images/night-lords-contekar-terminator-1/description/010.jpg
    saved data/images/night-lords-contekar-terminator-1/description/011.jpg
    saved data/images/night-lords-contekar-terminator-1/description/012.jpg
[537/541] scraping night-lords-contekar-terminator-dissident
  downloading 18 images...
    saved data/images/night-lords-contekar-terminator-dissident/001.jpg
    saved data/images/night-lords-contekar-terminator-dissident/002.jpg
    saved data/images/night-lords-contekar-terminator-dissident/003.jpg
    saved data/images/night-lords-contekar-terminator-dissident/004.jpg
    saved data/images/night-lords-contekar-terminator-dissident/005.jpg
    saved data/images/night-lords-contekar-terminator-dissident/006.jpg
    saved data/images/night-lords-contekar-terminator-dissident/description/001.jpg
    saved data/images/night-lords-contekar-terminator-dissident/description/002.jpg
    saved data/images/night-lords-contekar-terminator-dissident/description/003.jpg
    saved data/images/night-lords-contekar-terminator-dissident/description/004.jpg
    saved data/images/night-lords-contekar-terminator-dissident/description/005.jpg
    saved data/images/night-lords-contekar-terminator-dissident/description/006.jpg
    saved data/images/night-lords-contekar-terminator-dissident/description/007.jpg
    saved data/images/night-lords-contekar-terminator-dissident/description/008.jpg
    saved data/images/night-lords-contekar-terminator-dissident/description/009.jpg
    saved data/images/night-lords-contekar-terminator-dissident/description/010.jpg
    saved data/images/night-lords-contekar-terminator-dissident/description/011.jpg
    saved data/images/night-lords-contekar-terminator-dissident/description/012.jpg
[538/541] scraping night-lords-legion-praetor-in-tartaros-terminator-armour
  downloading 18 images...
    saved data/images/night-lords-legion-praetor-in-tartaros-terminator-armour/001.jpg
    saved data/images/night-lords-legion-praetor-in-tartaros-terminator-armour/002.jpg
    saved data/images/night-lords-legion-praetor-in-tartaros-terminator-armour/003.jpg
    saved data/images/night-lords-legion-praetor-in-tartaros-terminator-armour/004.jpg
    saved data/images/night-lords-legion-praetor-in-tartaros-terminator-armour/005.jpg
    saved data/images/night-lords-legion-praetor-in-tartaros-terminator-armour/006.jpg
    saved data/images/night-lords-legion-praetor-in-tartaros-terminator-armour/description/001.jpg
    saved data/images/night-lords-legion-praetor-in-tartaros-terminator-armour/description/002.jpg
    saved data/images/night-lords-legion-praetor-in-tartaros-terminator-armour/description/003.jpg
    saved data/images/night-lords-legion-praetor-in-tartaros-terminator-armour/description/004.jpg
    saved data/images/night-lords-legion-praetor-in-tartaros-terminator-armour/description/005.jpg
    saved data/images/night-lords-legion-praetor-in-tartaros-terminator-armour/description/006.jpg
    saved data/images/night-lords-legion-praetor-in-tartaros-terminator-armour/description/007.jpg
    saved data/images/night-lords-legion-praetor-in-tartaros-terminator-armour/description/008.jpg
    saved data/images/night-lords-legion-praetor-in-tartaros-terminator-armour/description/009.jpg
    saved data/images/night-lords-legion-praetor-in-tartaros-terminator-armour/description/010.jpg
    saved data/images/night-lords-legion-praetor-in-tartaros-terminator-armour/description/011.jpg
    saved data/images/night-lords-legion-praetor-in-tartaros-terminator-armour/description/012.jpg
[539/541] scraping night-lords-legion-praetor-in-tartaros-terminator-armour-1
  downloading 20 images...
    saved data/images/night-lords-legion-praetor-in-tartaros-terminator-armour-1/001.jpg
    saved data/images/night-lords-legion-praetor-in-tartaros-terminator-armour-1/002.jpg
    saved data/images/night-lords-legion-praetor-in-tartaros-terminator-armour-1/003.jpg
    saved data/images/night-lords-legion-praetor-in-tartaros-terminator-armour-1/004.jpg
    saved data/images/night-lords-legion-praetor-in-tartaros-terminator-armour-1/005.jpg
    saved data/images/night-lords-legion-praetor-in-tartaros-terminator-armour-1/006.jpg
    saved data/images/night-lords-legion-praetor-in-tartaros-terminator-armour-1/description/001.jpg
    saved data/images/night-lords-legion-praetor-in-tartaros-terminator-armour-1/description/002.jpg
    saved data/images/night-lords-legion-praetor-in-tartaros-terminator-armour-1/description/003.jpg
    saved data/images/night-lords-legion-praetor-in-tartaros-terminator-armour-1/description/004.jpg
    saved data/images/night-lords-legion-praetor-in-tartaros-terminator-armour-1/description/005.jpg
    saved data/images/night-lords-legion-praetor-in-tartaros-terminator-armour-1/description/006.jpg
    saved data/images/night-lords-legion-praetor-in-tartaros-terminator-armour-1/description/007.jpg
    saved data/images/night-lords-legion-praetor-in-tartaros-terminator-armour-1/description/008.jpg
    saved data/images/night-lords-legion-praetor-in-tartaros-terminator-armour-1/description/009.jpg
    saved data/images/night-lords-legion-praetor-in-tartaros-terminator-armour-1/description/010.jpg
    saved data/images/night-lords-legion-praetor-in-tartaros-terminator-armour-1/description/011.jpg
    saved data/images/night-lords-legion-praetor-in-tartaros-terminator-armour-1/description/012.jpg
    saved data/images/night-lords-legion-praetor-in-tartaros-terminator-armour-1/description/013.jpg
    saved data/images/night-lords-legion-praetor-in-tartaros-terminator-armour-1/description/014.jpg
[540/541] scraping night-lords-sevatar,-first-captain-of-the-night-lords-the-prince-of-crows
  downloading 19 images...
    saved data/images/night-lords-sevatar,-first-captain-of-the-night-lords-the-prince-of-crows/001.jpg
    saved data/images/night-lords-sevatar,-first-captain-of-the-night-lords-the-prince-of-crows/002.jpg
    saved data/images/night-lords-sevatar,-first-captain-of-the-night-lords-the-prince-of-crows/003.jpg
    saved data/images/night-lords-sevatar,-first-captain-of-the-night-lords-the-prince-of-crows/004.jpg
    saved data/images/night-lords-sevatar,-first-captain-of-the-night-lords-the-prince-of-crows/005.jpg
    saved data/images/night-lords-sevatar,-first-captain-of-the-night-lords-the-prince-of-crows/006.jpg
    saved data/images/night-lords-sevatar,-first-captain-of-the-night-lords-the-prince-of-crows/description/001.jpg
    saved data/images/night-lords-sevatar,-first-captain-of-the-night-lords-the-prince-of-crows/description/002.jpg
    saved data/images/night-lords-sevatar,-first-captain-of-the-night-lords-the-prince-of-crows/description/003.jpg
    saved data/images/night-lords-sevatar,-first-captain-of-the-night-lords-the-prince-of-crows/description/004.jpg
    saved data/images/night-lords-sevatar,-first-captain-of-the-night-lords-the-prince-of-crows/description/005.jpg
    saved data/images/night-lords-sevatar,-first-captain-of-the-night-lords-the-prince-of-crows/description/006.jpg
    saved data/images/night-lords-sevatar,-first-captain-of-the-night-lords-the-prince-of-crows/description/007.jpg
    saved data/images/night-lords-sevatar,-first-captain-of-the-night-lords-the-prince-of-crows/description/008.jpg
    saved data/images/night-lords-sevatar,-first-captain-of-the-night-lords-the-prince-of-crows/description/009.jpg
    saved data/images/night-lords-sevatar,-first-captain-of-the-night-lords-the-prince-of-crows/description/010.jpg
    saved data/images/night-lords-sevatar,-first-captain-of-the-night-lords-the-prince-of-crows/description/011.jpg
    saved data/images/night-lords-sevatar,-first-captain-of-the-night-lords-the-prince-of-crows/description/012.jpg
    saved data/images/night-lords-sevatar,-first-captain-of-the-night-lords-the-prince-of-crows/description/013.jpg
[541/541] scraping kof98um-art-of-fighting-team
  downloading 56 images...
    saved data/images/kof98um-art-of-fighting-team/001.jpg
    saved data/images/kof98um-art-of-fighting-team/002.jpg
    saved data/images/kof98um-art-of-fighting-team/003.jpg
    saved data/images/kof98um-art-of-fighting-team/004.jpg
    saved data/images/kof98um-art-of-fighting-team/005.jpg
    saved data/images/kof98um-art-of-fighting-team/006.jpg
    saved data/images/kof98um-art-of-fighting-team/007.jpg
    saved data/images/kof98um-art-of-fighting-team/008.jpg
    saved data/images/kof98um-art-of-fighting-team/009.jpg
    saved data/images/kof98um-art-of-fighting-team/010.jpg
    saved data/images/kof98um-art-of-fighting-team/011.jpg
    saved data/images/kof98um-art-of-fighting-team/012.jpg
    saved data/images/kof98um-art-of-fighting-team/013.jpg
    saved data/images/kof98um-art-of-fighting-team/014.jpg
    saved data/images/kof98um-art-of-fighting-team/015.jpg
    saved data/images/kof98um-art-of-fighting-team/016.jpg
    saved data/images/kof98um-art-of-fighting-team/017.jpg
    saved data/images/kof98um-art-of-fighting-team/018.jpg
    saved data/images/kof98um-art-of-fighting-team/019.jpg
    saved data/images/kof98um-art-of-fighting-team/020.jpg
    saved data/images/kof98um-art-of-fighting-team/description/001.jpg
    saved data/images/kof98um-art-of-fighting-team/description/002.jpg
    saved data/images/kof98um-art-of-fighting-team/description/003.jpg
    saved data/images/kof98um-art-of-fighting-team/description/004.jpg
    saved data/images/kof98um-art-of-fighting-team/description/005.jpg
    saved data/images/kof98um-art-of-fighting-team/description/006.jpg
    saved data/images/kof98um-art-of-fighting-team/description/007.jpg
    saved data/images/kof98um-art-of-fighting-team/description/008.jpg
    saved data/images/kof98um-art-of-fighting-team/description/009.jpg
    saved data/images/kof98um-art-of-fighting-team/description/010.jpg
    saved data/images/kof98um-art-of-fighting-team/description/011.jpg
    saved data/images/kof98um-art-of-fighting-team/description/012.jpg
    saved data/images/kof98um-art-of-fighting-team/description/013.jpg
    saved data/images/kof98um-art-of-fighting-team/description/014.jpg
    saved data/images/kof98um-art-of-fighting-team/description/015.jpg
    saved data/images/kof98um-art-of-fighting-team/description/016.jpg
    saved data/images/kof98um-art-of-fighting-team/description/017.jpg
    saved data/images/kof98um-art-of-fighting-team/description/018.jpg
    saved data/images/kof98um-art-of-fighting-team/description/019.jpg
    saved data/images/kof98um-art-of-fighting-team/description/020.jpg
    saved data/images/kof98um-art-of-fighting-team/description/021.jpg
    saved data/images/kof98um-art-of-fighting-team/description/022.jpg
    saved data/images/kof98um-art-of-fighting-team/description/023.jpg
    saved data/images/kof98um-art-of-fighting-team/description/024.jpg
    saved data/images/kof98um-art-of-fighting-team/description/025.jpg
    saved data/images/kof98um-art-of-fighting-team/description/026.jpg
    saved data/images/kof98um-art-of-fighting-team/description/027.jpg
    saved data/images/kof98um-art-of-fighting-team/description/028.jpg
    saved data/images/kof98um-art-of-fighting-team/description/029.jpg
    saved data/images/kof98um-art-of-fighting-team/description/030.jpg
    saved data/images/kof98um-art-of-fighting-team/description/031.jpg
    saved data/images/kof98um-art-of-fighting-team/description/032.jpg
    saved data/images/kof98um-art-of-fighting-team/description/033.jpg
    saved data/images/kof98um-art-of-fighting-team/description/034.jpg
    saved data/images/kof98um-art-of-fighting-team/description/035.jpg
    saved data/images/kof98um-art-of-fighting-team/description/036.jpg

Done. 541 products saved to /Users/alenguyen/Documents/mine/joytoy/warhammer-scraper/data/products.json
escription/001.jpeg
    saved data/images/black-legion-brother-talas/description/002.jpeg
    saved data/images/black-legion-brother-talas/description/003.jpeg
    saved data/images/black-legion-brother-talas/description/004.jpeg
[529/541] scraping space-wolves-battle-hunter-pack
  downloading 16 images...
    saved data/images/space-wolves-battle-hunter-pack/001.jpg
    saved data/images/space-wolves-battle-hunter-pack/002.jpg
    saved data/images/space-wolves-battle-hunter-pack/003.jpg
    saved data/images/space-wolves-battle-hunter-pack/004.jpg
    saved data/images/space-wolves-battle-hunter-pack/description/001.jpg
    saved data/images/space-wolves-battle-hunter-pack/description/002.jpg
    saved data/images/space-wolves-battle-hunter-pack/description/003.jpg
    saved data/images/space-wolves-battle-hunter-pack/description/004.jpg
    saved data/images/space-wolves-battle-hunter-pack/description/005.jpg
    saved data/images/space-wolves-battle-hunter-pack/description/006.jpg
    saved data/images/space-wolves-battle-hunter-pack/description/007.jpg
    saved data/images/space-wolves-battle-hunter-pack/description/009.jpg
    saved data/images/space-wolves-battle-hunter-pack/description/010.jpg
    saved data/images/space-wolves-battle-hunter-pack/description/011.jpg
    saved data/images/space-wolves-battle-hunter-pack/description/012.jpg
[530/541] scraping invictor-tactical-warsuit
  downloading 8 images...
    saved data/images/invictor-tactical-warsuit/001.jpg
    saved data/images/invictor-tactical-warsuit/002.jpg
    saved data/images/invictor-tactical-warsuit/description/001.jpg
    saved data/images/invictor-tactical-warsuit/description/002.jpg
    saved data/images/invictor-tactical-warsuit/description/003.jpg
    saved data/images/invictor-tactical-warsuit/description/004.jpg
    saved data/images/invictor-tactical-warsuit/description/005.jpg
    saved data/images/invictor-tactical-warsuit/description/006.jpg
[531/541] scraping ultramarines-infiltrators
  downloading 11 images...
    saved data/images/ultramarines-infiltrators/001.jpeg
    saved data/images/ultramarines-infiltrators/002.jpg
    saved data/images/ultramarines-infiltrators/003.jpg
    saved data/images/ultramarines-infiltrators/004.jpg
    saved data/images/ultramarines-infiltrators/005.jpg
    saved data/images/ultramarines-infiltrators/006.jpg
    saved data/images/ultramarines-infiltrators/description/001.jpg
    saved data/images/ultramarines-infiltrators/description/002.jpg
    saved data/images/ultramarines-infiltrators/description/003.jpg
    saved data/images/ultramarines-infiltrators/description/004.jpg
    saved data/images/ultramarines-infiltrators/description/005.jpg
[532/541] scraping ultramarines-incursors
  downloading 11 images...
    saved data/images/ultramarines-incursors/001.jpeg
    saved data/images/ultramarines-incursors/002.jpg
    saved data/images/ultramarines-incursors/003.jpg
    saved data/images/ultramarines-incursors/004.jpg
    saved data/images/ultramarines-incursors/005.jpg
    saved data/images/ultramarines-incursors/006.jpg
    saved data/images/ultramarines-incursors/description/001.jpg
    saved data/images/ultramarines-incursors/description/002.jpg
    saved data/images/ultramarines-incursors/description/003.jpg
    saved data/images/ultramarines-incursors/description/004.jpg
    saved data/images/ultramarines-incursors/description/005.jpg
[533/541] scraping night-lords-mk-iii-tactical-legionary-with-bolter-and-bolt-pistol
  downloading 17 images...
    saved data/images/night-lords-mk-iii-tactical-legionary-with-bolter-and-bolt-pistol/001.jpg
    saved data/images/night-lords-mk-iii-tactical-legionary-with-bolter-and-bolt-pistol/002.jpg
    saved data/images/night-lords-mk-iii-tactical-legionary-with-bolter-and-bolt-pistol/003.jpg
    saved data/images/night-lords-mk-iii-tactical-legionary-with-bolter-and-bolt-pistol/004.jpg
    saved data/images/night-lords-mk-iii-tactical-legionary-with-bolter-and-bolt-pistol/005.jpg
    saved data/images/night-lords-mk-iii-tactical-legionary-with-bolter-and-bolt-pistol/006.jpg
    saved data/images/night-lords-mk-iii-tactical-legionary-with-bolter-and-bolt-pistol/description/001.jpg
    saved data/images/night-lords-mk-iii-tactical-legionary-with-bolter-and-bolt-pistol/description/002.jpg
    saved data/images/night-lords-mk-iii-tactical-legionary-with-bolter-and-bolt-pistol/description/003.jpg
    saved data/images/night-lords-mk-iii-tactical-legionary-with-bolter-and-bolt-pistol/description/004.jpg
    saved data/images/night-lords-mk-iii-tactical-legionary-with-bolter-and-bolt-pistol/description/005.jpg
    saved data/images/night-lords-mk-iii-tactical-legionary-with-bolter-and-bolt-pistol/description/006.jpg
    saved data/images/night-lords-mk-iii-tactical-legionary-with-bolter-and-bolt-pistol/description/007.jpg
    saved data/images/night-lords-mk-iii-tactical-legionary-with-bolter-and-bolt-pistol/description/008.jpg
    saved data/images/night-lords-mk-iii-tactical-legionary-with-bolter-and-bolt-pistol/description/009.jpg
    saved data/images/night-lords-mk-iii-tactical-legionary-with-bolter-and-bolt-pistol/description/010.jpg
    saved data/images/night-lords-mk-iii-tactical-legionary-with-bolter-and-bolt-pistol/description/011.jpg
[534/541] scraping night-lords-mkvi-tactical-legionary
  downloading 18 images...
    saved data/images/night-lords-mkvi-tactical-legionary/001.jpg
    saved data/images/night-lords-mkvi-tactical-legionary/002.jpg
    saved data/images/night-lords-mkvi-tactical-legionary/003.jpg
    saved data/images/night-lords-mkvi-tactical-legionary/004.jpg
    saved data/images/night-lords-mkvi-tactical-legionary/005.jpg
    saved data/images/night-lords-mkvi-tactical-legionary/006.jpg
    saved data/images/night-lords-mkvi-tactical-legionary/description/001.jpg
    saved data/images/night-lords-mkvi-tactical-legionary/description/002.jpg
    saved data/images/night-lords-mkvi-tactical-legionary/description/003.jpg
    saved data/images/night-lords-mkvi-tactical-legionary/description/004.jpg
    saved data/images/night-lords-mkvi-tactical-legionary/description/005.jpg
    saved data/images/night-lords-mkvi-tactical-legionary/description/006.jpg
    saved data/images/night-lords-mkvi-tactical-legionary/description/007.jpg
    saved data/images/night-lords-mkvi-tactical-legionary/description/008.jpg
    saved data/images/night-lords-mkvi-tactical-legionary/description/009.jpg
    saved data/images/night-lords-mkvi-tactical-legionary/description/010.jpg
    saved data/images/night-lords-mkvi-tactical-legionary/description/011.jpg
    saved data/images/night-lords-mkvi-tactical-legionary/description/012.jpg
[535/541] scraping night-lords-contekar-terminator-2
  downloading 17 images...
    saved data/images/night-lords-contekar-terminator-2/001.jpg
    saved data/images/night-lords-contekar-terminator-2/002.jpg
    saved data/images/night-lords-contekar-terminator-2/003.jpg
    saved data/images/night-lords-contekar-terminator-2/004.jpg
    saved data/images/night-lords-contekar-terminator-2/005.jpg
    saved data/images/night-lords-contekar-terminator-2/006.jpg
    saved data/images/night-lords-contekar-terminator-2/description/001.jpg
    saved data/images/night-lords-contekar-terminator-2/description/002.jpg
    saved data/images/night-lords-contekar-terminator-2/description/003.jpg
    saved data/images/night-lords-contekar-terminator-2/description/004.jpg
    saved data/images/night-lords-contekar-terminator-2/description/005.jpg
    saved data/images/night-lords-contekar-terminator-2/description/006.jpg
    saved data/images/night-lords-contekar-terminator-2/description/007.jpg
    saved data/images/night-lords-contekar-terminator-2/description/008.jpg
    saved data/images/night-lords-contekar-terminator-2/description/009.jpg
    saved data/images/night-lords-contekar-terminator-2/description/010.jpg
    saved data/images/night-lords-contekar-terminator-2/description/011.jpg
[536/541] scraping night-lords-contekar-terminator-1
  downloading 18 images...
    saved data/images/night-lords-contekar-terminator-1/001.jpg
    saved data/images/night-lords-contekar-terminator-1/002.jpg
    saved data/images/night-lords-contekar-terminator-1/003.jpg
    saved data/images/night-lords-contekar-terminator-1/004.jpg
    saved data/images/night-lords-contekar-terminator-1/005.jpg
    saved data/images/night-lords-contekar-terminator-1/006.jpg
    saved data/images/night-lords-contekar-terminator-1/description/001.jpg
    saved data/images/night-lords-contekar-terminator-1/description/002.jpg
    saved data/images/night-lords-contekar-terminator-1/description/003.jpg
    saved data/images/night-lords-contekar-terminator-1/description/004.jpg
    saved data/images/night-lords-contekar-terminator-1/description/005.jpg
    saved data/images/night-lords-contekar-terminator-1/description/006.jpg
    saved data/images/night-lords-contekar-terminator-1/description/007.jpg
    saved data/images/night-lords-contekar-terminator-1/description/008.jpg
    saved data/images/night-lords-contekar-terminator-1/description/009.jpg
    saved data/images/night-lords-contekar-terminator-1/description/010.jpg
    saved data/images/night-lords-contekar-terminator-1/description/011.jpg
    saved data/images/night-lords-contekar-terminator-1/description/012.jpg
[537/541] scraping night-lords-contekar-terminator-dissident
  downloading 18 images...
    saved data/images/night-lords-contekar-terminator-dissident/001.jpg
    saved data/images/night-lords-contekar-terminator-dissident/002.jpg
    saved data/images/night-lords-contekar-terminator-dissident/003.jpg
    saved data/images/night-lords-contekar-terminator-dissident/004.jpg
    saved data/images/night-lords-contekar-terminator-dissident/005.jpg
    saved data/images/night-lords-contekar-terminator-dissident/006.jpg
    saved data/images/night-lords-contekar-terminator-dissident/description/001.jpg
    saved data/images/night-lords-contekar-terminator-dissident/description/002.jpg
    saved data/images/night-lords-contekar-terminator-dissident/description/003.jpg
    saved data/images/night-lords-contekar-terminator-dissident/description/004.jpg
    saved data/images/night-lords-contekar-terminator-dissident/description/005.jpg
    saved data/images/night-lords-contekar-terminator-dissident/description/006.jpg
    saved data/images/night-lords-contekar-terminator-dissident/description/007.jpg
    saved data/images/night-lords-contekar-terminator-dissident/description/008.jpg
    saved data/images/night-lords-contekar-terminator-dissident/description/009.jpg
    saved data/images/night-lords-contekar-terminator-dissident/description/010.jpg
    saved data/images/night-lords-contekar-terminator-dissident/description/011.jpg
    saved data/images/night-lords-contekar-terminator-dissident/description/012.jpg
[538/541] scraping night-lords-legion-praetor-in-tartaros-terminator-armour
  downloading 18 images...
    saved data/images/night-lords-legion-praetor-in-tartaros-terminator-armour/001.jpg
    saved data/images/night-lords-legion-praetor-in-tartaros-terminator-armour/002.jpg
    saved data/images/night-lords-legion-praetor-in-tartaros-terminator-armour/003.jpg
    saved data/images/night-lords-legion-praetor-in-tartaros-terminator-armour/004.jpg
    saved data/images/night-lords-legion-praetor-in-tartaros-terminator-armour/005.jpg
    saved data/images/night-lords-legion-praetor-in-tartaros-terminator-armour/006.jpg
    saved data/images/night-lords-legion-praetor-in-tartaros-terminator-armour/description/001.jpg
    saved data/images/night-lords-legion-praetor-in-tartaros-terminator-armour/description/002.jpg
    saved data/images/night-lords-legion-praetor-in-tartaros-terminator-armour/description/003.jpg
    saved data/images/night-lords-legion-praetor-in-tartaros-terminator-armour/description/004.jpg
    saved data/images/night-lords-legion-praetor-in-tartaros-terminator-armour/description/005.jpg
    saved data/images/night-lords-legion-praetor-in-tartaros-terminator-armour/description/006.jpg
    saved data/images/night-lords-legion-praetor-in-tartaros-terminator-armour/description/007.jpg
    saved data/images/night-lords-legion-praetor-in-tartaros-terminator-armour/description/008.jpg
    saved data/images/night-lords-legion-praetor-in-tartaros-terminator-armour/description/009.jpg
    saved data/images/night-lords-legion-praetor-in-tartaros-terminator-armour/description/010.jpg
    saved data/images/night-lords-legion-praetor-in-tartaros-terminator-armour/description/011.jpg
    saved data/images/night-lords-legion-praetor-in-tartaros-terminator-armour/description/012.jpg
[539/541] scraping night-lords-legion-praetor-in-tartaros-terminator-armour-1
  downloading 20 images...
    saved data/images/night-lords-legion-praetor-in-tartaros-terminator-armour-1/001.jpg
    saved data/images/night-lords-legion-praetor-in-tartaros-terminator-armour-1/002.jpg
    saved data/images/night-lords-legion-praetor-in-tartaros-terminator-armour-1/003.jpg
    saved data/images/night-lords-legion-praetor-in-tartaros-terminator-armour-1/004.jpg
    saved data/images/night-lords-legion-praetor-in-tartaros-terminator-armour-1/005.jpg
    saved data/images/night-lords-legion-praetor-in-tartaros-terminator-armour-1/006.jpg
    saved data/images/night-lords-legion-praetor-in-tartaros-terminator-armour-1/description/001.jpg
    saved data/images/night-lords-legion-praetor-in-tartaros-terminator-armour-1/description/002.jpg
    saved data/images/night-lords-legion-praetor-in-tartaros-terminator-armour-1/description/003.jpg
    saved data/images/night-lords-legion-praetor-in-tartaros-terminator-armour-1/description/004.jpg
    saved data/images/night-lords-legion-praetor-in-tartaros-terminator-armour-1/description/006.jpg
    saved data/images/night-lords-legion-praetor-in-tartaros-terminator-armour-1/description/007.jpg
    saved data/images/night-lords-legion-praetor-in-tartaros-terminator-armour-1/description/008.jpg
    saved data/images/night-lords-legion-praetor-in-tartaros-terminator-armour-1/description/009.jpg
    saved data/images/night-lords-legion-praetor-in-tartaros-terminator-armour-1/description/010.jpg
    saved data/images/night-lords-legion-praetor-in-tartaros-terminator-armour-1/description/011.jpg
    saved data/images/night-lords-legion-praetor-in-tartaros-terminator-armour-1/description/012.jpg
    saved data/images/night-lords-legion-praetor-in-tartaros-terminator-armour-1/description/013.jpg
    saved data/images/night-lords-legion-praetor-in-tartaros-terminator-armour-1/description/014.jpg
[540/541] scraping night-lords-sevatar,-first-captain-of-the-night-lords-the-prince-of-crows
  downloading 19 images...
    saved data/images/night-lords-sevatar,-first-captain-of-the-night-lords-the-prince-of-crows/003.jpg
    saved data/images/night-lords-sevatar,-first-captain-of-the-night-lords-the-prince-of-crows/004.jpg
    saved data/images/night-lords-sevatar,-first-captain-of-the-night-lords-the-prince-of-crows/005.jpg
    saved data/images/night-lords-sevatar,-first-captain-of-the-night-lords-the-prince-of-crows/006.jpg
    saved data/images/night-lords-sevatar,-first-captain-of-the-night-lords-the-prince-of-crows/description/001.jpg
    saved data/images/night-lords-sevatar,-first-captain-of-the-night-lords-the-prince-of-crows/description/002.jpg
    saved data/images/night-lords-sevatar,-first-captain-of-the-night-lords-the-prince-of-crows/description/003.jpg
    saved data/images/night-lords-sevatar,-first-captain-of-the-night-lords-the-prince-of-crows/description/004.jpg
    saved data/images/night-lords-sevatar,-first-captain-of-the-night-lords-the-prince-of-crows/description/005.jpg
    saved data/images/night-lords-sevatar,-first-captain-of-the-night-lords-the-prince-of-crows/description/006.jpg
    saved data/images/night-lords-sevatar,-first-captain-of-the-night-lords-the-prince-of-crows/description/007.jpg
    saved data/images/night-lords-sevatar,-first-captain-of-the-night-lords-the-prince-of-crows/description/008.jpg
    saved data/images/night-lords-sevatar,-first-captain-of-the-night-lords-the-prince-of-crows/description/009.jpg
    saved data/images/night-lords-sevatar,-first-captain-of-the-night-lords-the-prince-of-crows/description/010.jpg
    saved data/images/night-lords-sevatar,-first-captain-of-the-night-lords-the-prince-of-crows/description/011.jpg
    saved data/images/night-lords-sevatar,-first-captain-of-the-night-lords-the-prince-of-crows/description/012.jpg
    saved data/images/night-lords-sevatar,-first-captain-of-the-night-lords-the-prince-of-crows/description/013.jpg
[541/541] scraping kof98um-art-of-fighting-team
  downloading 56 images...
    saved data/images/kof98um-art-of-fighting-team/003.jpg
    saved data/images/kof98um-art-of-fighting-team/004.jpg
    saved data/images/kof98um-art-of-fighting-team/005.jpg
    saved data/images/kof98um-art-of-fighting-team/006.jpg
    saved data/images/kof98um-art-of-fighting-team/007.jpg
    saved data/images/kof98um-art-of-fighting-team/008.jpg
    saved data/images/kof98um-art-of-fighting-team/009.jpg
    saved data/images/kof98um-art-of-fighting-team/010.jpg
    saved data/images/kof98um-art-of-fighting-team/011.jpg
    saved data/images/kof98um-art-of-fighting-team/012.jpg
    saved data/images/kof98um-art-of-fighting-team/013.jpg
    saved data/images/kof98um-art-of-fighting-team/014.jpg
    saved data/images/kof98um-art-of-fighting-team/015.jpg
    saved data/images/kof98um-art-of-fighting-team/016.jpg
    saved data/images/kof98um-art-of-fighting-team/017.jpg
    saved data/images/kof98um-art-of-fighting-team/018.jpg
    saved data/images/kof98um-art-of-fighting-team/019.jpg
    saved data/images/kof98um-art-of-fighting-team/020.jpg
    saved data/images/kof98um-art-of-fighting-team/description/001.jpg
    saved data/images/kof98um-art-of-fighting-team/description/002.jpg
    saved data/images/kof98um-art-of-fighting-team/description/003.jpg
    saved data/images/kof98um-art-of-fighting-team/description/004.jpg
    saved data/images/kof98um-art-of-fighting-team/description/005.jpg
    saved data/images/kof98um-art-of-fighting-team/description/006.jpg
    saved data/images/kof98um-art-of-fighting-team/description/007.jpg
    saved data/images/kof98um-art-of-fighting-team/description/008.jpg
    saved data/images/kof98um-art-of-fighting-team/description/009.jpg
    saved data/images/kof98um-art-of-fighting-team/description/010.jpg
    saved data/images/kof98um-art-of-fighting-team/description/011.jpg
    saved data/images/kof98um-art-of-fighting-team/description/012.jpg
    saved data/images/kof98um-art-of-fighting-team/description/013.jpg
    saved data/images/kof98um-art-of-fighting-team/description/014.jpg
    saved data/images/kof98um-art-of-fighting-team/description/015.jpg
    saved data/images/kof98um-art-of-fighting-team/description/016.jpg
    saved data/images/kof98um-art-of-fighting-team/description/017.jpg
    saved data/images/kof98um-art-of-fighting-team/description/018.jpg
    saved data/images/kof98um-art-of-fighting-team/description/019.jpg
    saved data/images/kof98um-art-of-fighting-team/description/020.jpg
    saved data/images/kof98um-art-of-fighting-team/description/021.jpg
    saved data/images/kof98um-art-of-fighting-team/description/022.jpg
    saved data/images/kof98um-art-of-fighting-team/description/023.jpg
    saved data/images/kof98um-art-of-fighting-team/description/024.jpg
    saved data/images/kof98um-art-of-fighting-team/description/025.jpg
    saved data/images/kof98um-art-of-fighting-team/description/026.jpg
    saved data/images/kof98um-art-of-fighting-team/description/027.jpg
    saved data/images/kof98um-art-of-fighting-team/description/028.jpg
    saved data/images/kof98um-art-of-fighting-team/description/029.jpg
    saved data/images/kof98um-art-of-fighting-team/description/030.jpg
    saved data/images/kof98um-art-of-fighting-team/description/031.jpg
    saved data/images/kof98um-art-of-fighting-team/description/032.jpg
    saved data/images/kof98um-art-of-fighting-team/description/033.jpg
    saved data/images/kof98um-art-of-fighting-team/description/034.jpg
    saved data/images/kof98um-art-of-fighting-team/description/035.jpg
    saved data/images/kof98um-art-of-fighting-team/description/036.jpg

Done. 541 products saved to /Users/alenguyen/Documents/mine/joytoy/warhammer-scraper/data/products.json
